Decimal,Hex,Alpha Tag,Mode,Description,Tag,Category
2,002,"SW IA MA 1","D","Interagency Mutual Aid 1","Interop","Statewide Interoperability "
3,003,"STATE TAC","D","Statewide Tac","Multi-Tac","Statewide Interoperability "
4,004,"SYSTECH 4","DE","System Technicians 4","Public Works","Minnesota Department of Public Safety - Emergency Communications"
6,006,"STAC 1","D","Statewide Tactical 1","Interop","Statewide Interoperability "
7,007,"SITE TRUNK","D","Site Trunking Talkgroup","Multi-Tac","Statewide Interoperability "
8,008,"STAC 2","D","Statewide Tactical 2","Interop","Statewide Interoperability "
9,009,"NWS CHANHSN","D","NWS Chanhassen","Emergency Ops","National Weather Service"
11,00b,"STAC14E","DE","Statewide Tactical 14","Interop","Statewide Interoperability "
12,00c,"DEPT ADM","D","Dept. Of Administration","Public Works","Minnesota Misc. State Agencies"
13,00d,"STAC13E","DE","Statewide Tactical 13","Interop","Statewide Interoperability "
22,016,"ME TAC 5","D","Metro Tactical 5","Interop","Zone 1 Interoperability Metro"
24,018,"ME TAC 6","D","Metro Tactical 6","Interop","Zone 1 Interoperability Metro"
26,01a,"ME TAC 7","D","Metro Tactical 7","Interop","Zone 1 Interoperability Metro"
28,01c,"ME TAC 8","D","Metro Tactical 8","Interop","Zone 1 Interoperability Metro"
30,01e,"ST FIRE TAC","D","State Fire Tac","Interop","Statewide Interoperability "
32,020,"ME TAC 1","D","Metro Tactical 1","Interop","Zone 1 Interoperability Metro"
34,022,"ME TAC 2","D","Metro Tactical 2","Interop","Zone 1 Interoperability Metro"
36,024,"ME TAC 3","D","Metro Tactical 3","Interop","Zone 1 Interoperability Metro"
38,026,"ME TAC 4","D","Metro Tactical 4","Interop","Zone 1 Interoperability Metro"
39,027,"EMSAIRCOM","D","Helicopter Communication Centers Common","Interop","Statewide Interoperability "
40,028,"SYSTECH 40","DE","System Technicians 40","Public Works","Minnesota Department of Public Safety - Emergency Communications"
44,02c,"STWD COML","D","Statewide Communications Leader","Emergency Ops","Minnesota Department of Public Safety - Emergency Communications"
46,02e,"SEMTAC","D","Statewide Emergency Management Talkgroup","Emergency Ops","Statewide Interoperability "
48,030,"METCOM","D","Metcom","Interop","Zone 1 Interoperability Metro"
50,032,"MSP 2500 ALL","D","West Metro Emergency All Call","Law Tac","Minnesota Department of Public Safety - State Patrol"
52,034,"MSP 2400 ALL","D","East Metro Emergency All Call","Law Tac","Minnesota Department of Public Safety - State Patrol"
54,036,"MSP 2500 DSP","D","West Metro "2500" Dispatch","Law Dispatch","Minnesota Department of Public Safety - State Patrol"
55,037,"MSP 2500 RM","D","West Metro "2500" Roaming","Law Dispatch","Minnesota Department of Public Safety - State Patrol"
56,038,"MSP 2500 T 3","DE","West Metro "2500" Tac 3","Law Tac","Minnesota Department of Public Safety - State Patrol"
58,03a,"MSP 2500 T 1","D","West Metro "2500" Tac 1","Law Tac","Minnesota Department of Public Safety - State Patrol"
60,03c,"MSP 2500 T 2","D","West Metro "2500" Tac 2","Law Tac","Minnesota Department of Public Safety - State Patrol"
62,03e,"MSP 2510","D","West Metro 2510 Station","Law Talk","Minnesota Department of Public Safety - State Patrol"
64,040,"MSP 2520","D","West Metro 2520 Station","Law Talk","Minnesota Department of Public Safety - State Patrol"
66,042,"MSP 2540","D","West Metro 2540 Station","Law Talk","Minnesota Department of Public Safety - State Patrol"
68,044,"MSP 4550","D","Metro 4550 Station","Law Talk","Minnesota Department of Public Safety - State Patrol"
70,046,"MSP 4560","D","Metro 4560 Station","Law Talk","Minnesota Department of Public Safety - State Patrol"
72,048,"MSP 4570","D","West Metro 4580 Beat","Law Talk","Minnesota Department of Public Safety - State Patrol"
73,049,"MSP 4580","D","Metro 4570 Station 2","Law Talk","Minnesota Department of Public Safety - State Patrol"
74,04a,"MSP 2400 DSP","D","East Metro "2400" Dispatch","Law Dispatch","Minnesota Department of Public Safety - State Patrol"
75,04b,"MSP 2400 RM","D","East Metro "2400" Roaming","Law Dispatch","Minnesota Department of Public Safety - State Patrol"
76,04c,"MSP 2400 T 3","D","East Metro "2400" Tac 3","Law Tac","Minnesota Department of Public Safety - State Patrol"
78,04e,"MSP 2400 T 1","D","East Metro "2400" Tac 1","Law Tac","Minnesota Department of Public Safety - State Patrol"
80,050,"MSP 2400 T 2","D","East Metro "2400" Tac 2","Law Tac","Minnesota Department of Public Safety - State Patrol"
82,052,"MSP 2410","D","East Metro 2410 Station","Law Talk","Minnesota Department of Public Safety - State Patrol"
84,054,"MSP 2430","D","East Metro 2430 Station","Law Talk","Minnesota Department of Public Safety - State Patrol"
86,056,"MSP 2440","D","East Metro 2440 Station","Law Talk","Minnesota Department of Public Safety - State Patrol"
88,058,"MSP 4450","D","Metro 4450 Station","Law Talk","Minnesota Department of Public Safety - State Patrol"
90,05a,"MSP 4460","D","Metro 4460 Station","Law Talk","Minnesota Department of Public Safety - State Patrol"
91,05b,"MSP 4470","D","Metro 4470 Station - Nights","Law Talk","Minnesota Department of Public Safety - State Patrol"
92,05c,"MSP 4730","D","Metro Commercial Vehicle Inspection","Law Dispatch","Minnesota Department of Public Safety - State Patrol"
93,05d,"DEPT ADM TEC","D","Dept. Of Administration - Technicians","Public Works","Minnesota Misc. State Agencies"
94,05e,"MSP 2000 SUP","D","Supervisors","Law Talk","Minnesota Department of Public Safety - State Patrol"
96,060,"MSP 5000 AIR","D","Flight Section","Law Dispatch","Minnesota Department of Public Safety - State Patrol"
98,062,"CAP SEC MAIN","D","Capitol Security Main","Law Dispatch","Minnesota Department of Public Safety - Capitol Security"
100,064,"CAP SEC PROTECT","D","Governor's Protection Force","Law Tac","Minnesota Department of Public Safety - Capitol Security"
102,066,"CAP SEC C2C","D","Capitol Security Car-to-Car","Law Tac","Minnesota Department of Public Safety - Capitol Security"
104,068,"BCA ALL","D","All Call Multigroup","Law Dispatch","Minnesota Department of Public Safety - Bur. Crim. Appr. - BCA"
106,06a,"BCA MAIN","D","Main","Law Dispatch","Minnesota Department of Public Safety - Bur. Crim. Appr. - BCA"
108,06c,"BCA TAC1","D","Tactical 1","Law Tac","Minnesota Department of Public Safety - Bur. Crim. Appr. - BCA"
110,06e,"BCA TAC2","D","Tactical 2","Law Tac","Minnesota Department of Public Safety - Bur. Crim. Appr. - BCA"
112,070,"BCA TAC3","DE","Tactical 3","Law Tac","Minnesota Department of Public Safety - Bur. Crim. Appr. - BCA"
114,072,"BCA TAC4","DE","Tactical 4","Law Tac","Minnesota Department of Public Safety - Bur. Crim. Appr. - BCA"
116,074,"BCA TAC5","D","Tactical 5","Law Tac","Minnesota Department of Public Safety - Bur. Crim. Appr. - BCA"
118,076,"BCA TAC6","D","Tactical 6","Law Tac","Minnesota Department of Public Safety - Bur. Crim. Appr. - BCA"
120,078,"BCA TAC7","DE","Tactical 7","Law Tac","Minnesota Department of Public Safety - Bur. Crim. Appr. - BCA"
122,07a,"AGE TAC 1","DE","Alcohol & Gambling Enforcement Tactical 1","Law Tac","Minnesota Misc. State Agencies"
124,07c,"AGE TAC 2","DE","Alcohol & Gambling Enforcement Tactical 2","Law Tac","Minnesota Misc. State Agencies"
126,07e,"FIRE MAR M","DE","State Fire Marshal Main","Fire-Tac","Minnesota Department of Public Safety - State Fire Marshall"
128,080,"FIRE MAR T 1","DE","State Fire Marshal Tactical 1","Fire-Tac","Minnesota Department of Public Safety - State Fire Marshall"
130,082,"FIRE MAR T 2","DE","State Fire Marshal Tactical 2","Fire-Tac","Minnesota Department of Public Safety - State Fire Marshall"
132,084,"MNH-MAIN","DE","MN HAZMAT Main","Emergency Ops","Minnesota Department of Public Safety - State Fire Marshall"
134,086,"MNH-TAC1","DE","MN HAZMAT Tactical 1","Emergency Ops","Minnesota Department of Public Safety - State Fire Marshall"
136,088,"MNH-TAC2","DE","MN HAZMAT Tactical 2","Emergency Ops","Minnesota Department of Public Safety - State Fire Marshall"
137,089,"DPS SEC","D","Department of Public Safety Headquarters Security","Security","Minnesota Department of Public Safety - Capitol Security"
138,08a,"DNR ENF ALL","D","Enforcement All Call","Law Tac","Minnesota Department of Natural Resources - DNR"
140,08c,"DNR ENF COM","D","Enforcement Common","Law Tac","Minnesota Department of Natural Resources - DNR"
142,08e,"DNR WIDE MET","D","Metro Wide Field Group","Law Tac","Minnesota Department of Natural Resources - DNR"
144,090,"DNR D16W MET","D","West Side Group Metro","Law Tac","Minnesota Department of Natural Resources - DNR"
146,092,"DNR D17E MET","D","East Side Group Metro","Law Tac","Minnesota Department of Natural Resources - DNR"
148,094,"DNR TAC1 MET","D","Enforcement Tactical 1 Metro","Law Talk","Minnesota Department of Natural Resources - DNR"
150,096,"DNR TAC2 MET","D","Enforcement Tactical 2 Metro","Law Talk","Minnesota Department of Natural Resources - DNR"
152,098,"DNR TAC3 MET","D","Enforcement Tactical 3 Metro","Law Talk","Minnesota Department of Natural Resources - DNR"
154,09a,"DNR SUPD MET","D","Enforcement Administration Metro","Law Talk","Minnesota Department of Natural Resources - DNR"
156,09c,"DNR PARK MET","D","Metro Parks ","Public Works","Minnesota Department of Natural Resources - DNR"
158,09e,"DNR WDLF MET","D","Metro Wildlife ","Fire-Tac","Minnesota Department of Natural Resources - DNR"
160,0a0,"DNR FOR STW","D","DNR Forestry Statewide","Fire-Tac","Minnesota Department of Natural Resources - DNR"
166,0a6,"DOC 166","D","DOC 166","Corrections","Minnesota Department of Corrections"
168,0a8,"DOC STW","D","MCF Stillwater","Corrections","Minnesota Department of Corrections"
170,0aa,"DOC INVEST 1","D","Office of Special Investigations 1","Corrections","Minnesota Department of Corrections"
172,0ac,"DOC INVEST 2","De","Office of Special Investigations 2","Corrections","Minnesota Department of Corrections"
174,0ae,"DOC TR 1","D","Transportation Unit 1 Main","Corrections","Minnesota Department of Corrections"
176,0b0,"DOC TR 2","D","Transportation Unit 2 Security","Corrections","Minnesota Department of Corrections"
178,0b2,"DOC LL OP1","D","MCF Lino Lakes Main Operations","Corrections","Minnesota Department of Corrections"
180,0b4,"DOC LL OP2","D","MCF Lino Lakes Local Maintenance","Corrections","Minnesota Department of Corrections"
182,0b6,"DOC STW OP1","D","MCF Stillwater Main Operations","Corrections","Minnesota Department of Corrections"
184,0b8,"DOC STW OP2","D","MCF Stillwater Local Maintenance","Corrections","Minnesota Department of Corrections"
185,0b9,"MCF Lino 185","D","MCF Lino Lakes 185","Corrections","Minnesota Department of Corrections"
186,0ba,"DOC OPH OP1","D","MCF Oak Park Heights Main Operations","Corrections","Minnesota Department of Corrections"
188,0bc,"DOC OPH OP2","D","MCF Oak Park Heights Local Maintenance","Corrections","Minnesota Department of Corrections"
190,0be,"DOC SHK OP1","D","MCF Shakopee Main Operations","Corrections","Minnesota Department of Corrections"
192,0c0,"DOC SHK OP2","D","MCF Shakopee Local Maintenance","Corrections","Minnesota Department of Corrections"
194,0c2,"DOC RW OP1","D","MCF Red Wing Main Operations","Corrections","Minnesota Department of Corrections"
195,0c3,"DOC RW ICS","D","MCF Red Wing Incident Command (ICS)","Corrections","Minnesota Department of Corrections"
196,0c4,"DOC RW OP2","D","MCF Red Wing Local Maintenance","Corrections","Minnesota Department of Corrections"
198,0c6,"DOC RC OP1","D","MCF Rush City Main Operations","Corrections","Minnesota Department of Corrections"
200,0c8,"DOC RC OP2","D","MCF Rush City Local Maintenance","Corrections","Minnesota Department of Corrections"
202,0ca,"REVENUE M","D","Department of Revenue Main","Law Tac","Minnesota Misc. State Agencies"
204,0cc,"CAP SEC ALL","D","Capitol Security All Call","Law Dispatch","Minnesota Department of Public Safety - Capitol Security"
207,0cf,"DOC LL ICS","D","MCF Stillwater Incident Command (ICS)","Corrections","Minnesota Department of Corrections"
208,0d0,"DOT 1 CMO","D","Central Management Office","Public Works","Minnesota DOT District 5 Metro"
210,0d2,"OEC DEMO 1","D","OEC Demo 1","Public Works","Minnesota DOT District 5 Metro"
212,0d4,"OEC DEMO 2","D","OEC Demo 2","Public Works","Minnesota DOT District 5 Metro"
215,0d7,"MCF Lino 215","D","MCF Lino Lakes 215","Corrections","Minnesota Department of Corrections"
217,0d9,"MCF Lino 217","D","MCF Lino Lakes 217","Corrections","Minnesota Department of Corrections"
219,0db,"MCF Lino 219","D","MCF Lino Lakes 219","Corrections","Minnesota Department of Corrections"
222,0de,"DOT OEC2 ADM","D","OEC Admin 2","Public Works","Minnesota DOT District 5 Metro"
223,0df,"MCF RC MNT","D","MCF Rush City Maintenance","Corrections","Minnesota Department of Corrections"
224,0e0,"DOT OEC3 SHOP","D","OEC 3 Shop","Public Works","Minnesota DOT District 5 Metro"
225,0e1,"MCF Rush ICS","D","MCF Rush City Incident Command (ICS)","Corrections","Minnesota Department of Corrections"
226,0e2,"DOT OEC4 OFC","D","OEC 4 Office Admin","Public Works","Minnesota DOT District 5 Metro"
227,0e3,"MCF Rush 227","D","MCF Rush City 227","Corrections","Minnesota Department of Corrections"
228,0e4,"DOT OEC5 ADM","D","OEC 5 Admin","Public Works","Minnesota DOT District 5 Metro"
229,0e5,"MCF Rush 229","D","MCF Rush City 229","Corrections","Minnesota Department of Corrections"
230,0e6,"DOT SURV ALL","D","DOT Survey All","Public Works","Minnesota DOT District 5 Metro"
231,0e7,"MCF Rush 231","D","MCF Rush City 231","Corrections","Minnesota Department of Corrections"
232,0e8,"DOT MT TAC 1","D","METRO MAINTENANCE TAC 1","Public Works","Minnesota DOT District 5 Metro"
234,0ea,"DOT MT TAC 2","D","METRO MAINTENANCE TAC 2","Public Works","Minnesota DOT District 5 Metro"
236,0ec,"DOT SIGN EAST","D","DOT SIGN SHOP EAST","Public Works","Minnesota DOT District 5 Metro"
238,0ee,"DOT SIGN WEST","D","DOT SIGN SHOP WEST","Public Works","Minnesota DOT District 5 Metro"
240,0f0,"DOT SURVY 5","D","DOT Survey 5","Public Works","Minnesota DOT District 5 Metro"
242,0f2,"DOT SURVY 6","D","DOT Survey 6","Public Works","Minnesota DOT District 5 Metro"
244,0f4,"DOT SURVY 7","D","DOT Survey 7","Public Works","Minnesota DOT District 5 Metro"
246,0f6,"DOT SURVY 8","D","DOT Survey 8","Public Works","Minnesota DOT District 5 Metro"
248,0f8,"DOT SURVY 9","D","DOT Survey 9","Public Works","Minnesota DOT District 5 Metro"
250,0fa,"DOT SURVY 10","D","DOT Survey 10","Public Works","Minnesota DOT District 5 Metro"
252,0fc,"DOT SURVY 11","D","DOT Survey 11","Public Works","Minnesota DOT District 5 Metro"
254,0fe,"DOT SURVY 12","D","DOT Survey 12","Public Works","Minnesota DOT District 5 Metro"
256,100,"DOT SURVY 13","D","DOT Survey 13","Public Works","Minnesota DOT District 5 Metro"
257,101,"A TAC 2E","DE","All Tactical 2 Encrypted ","Multi-Tac","Statewide Interoperability "
258,102,"A TAC 3E","DE","All Tactical 3 Encrypted ","Multi-Tac","Statewide Interoperability "
259,103,"A TAC 4E","DE","All Tactical 4 Encrypted ","Multi-Tac","Statewide Interoperability "
260,104,"A TAC 5E","DE","All Tactical 5 Encrypted ","Multi-Tac","Statewide Interoperability "
261,105,"A TAC 6E","DE","All Tactical 6 Encrypted ","Multi-Tac","Statewide Interoperability "
262,106,"A TAC 7E","DE","All Tactical 7 Encrypted ","Multi-Tac","Statewide Interoperability "
263,107,"A TAC 8E","DE","All Tactical 8 Encrypted","Multi-Tac","Statewide Interoperability "
278,116,"DOT ANNOUNCE","D","DOT Announce- Weather","Public Works","Minnesota DOT District 5 Metro"
280,118,"DOT METRO EM","D","Metro Emergency to MSP","Public Works","Minnesota DOT District 5 Metro"
282,11a,"MnDOT TAC 1","D","MnDOT Common Tac 1","Public Works","Minnesota DOT Statewide"
284,11c,"DOT MAINT NE","D","MNDOT Northeast Maintenance Dispatch","Public Works","Minnesota DOT District 5 Metro"
286,11e,"DOT MAINT NW","D","MNDOT Northwest Maintenance Dispatch","Public Works","Minnesota DOT District 5 Metro"
288,120,"DOT MAINT C","D","MNDOT Central Maintenance Dispatch","Public Works","Minnesota DOT District 5 Metro"
290,122,"DOT MAINT S","D","MNDOT South Maintenace Dispatch","Public Works","Minnesota DOT District 5 Metro"
292,124,"DOT NB 12","D","MNDOT North Branch 12","Public Works","Minnesota DOT District 5 Metro"
294,126,"DOT FL 14","D","MNDOT Forest Lake 14","Public Works","Minnesota DOT District 5 Metro"
296,128,"DOT SLP 15","D","MNDOT Spring Lake Park 15","Public Works","Minnesota DOT District 5 Metro"
298,12a,"DOT OKD 11","D","MNDOT Oakdale 11","Public Works","Minnesota DOT District 5 Metro"
300,12c,"DOT ANK 41","D","MNDOT Anoka 11","Public Works","Minnesota DOT District 5 Metro"
302,12e,"DOT MG 42","D","MNDOT Maple Grove 42","Public Works","Minnesota DOT District 5 Metro"
304,130,"DOT PLY 44","D","MNDOT Plymouth 44","Public Works","Minnesota DOT District 5 Metro"
306,132,"DOT GV 45","D","MNDOT Golden Valley 45","Public Works","Minnesota DOT District 5 Metro"
308,134,"DOT EP 43","D","MNDOT Eden Parire 43","Public Works","Minnesota DOT District 5 Metro"
310,136,"DOT CAM 22","D","MNDOT Camden Yard Mpls 22","Public Works","Minnesota DOT District 5 Metro"
312,138,"DOT RCHF 23","D","MNDOT Richfield, Cedar 23","Public Works","Minnesota DOT District 5 Metro"
314,13a,"DOT MYD 25","D","MNDOT Maryland, St Paul 25","Public Works","Minnesota DOT District 5 Metro"
316,13c,"DOT ARD 26","D","MNDOT Arden Hills 26","Public Works","Minnesota DOT District 5 Metro"
318,13e,"DOT HST 33","D","MNDOT Hastings 33","Public Works","Minnesota DOT District 5 Metro"
320,140,"DOT MDT 32","D","MNDOT Mendota 32","Public Works","Minnesota DOT District 5 Metro"
322,142,"DOT LKV 34","D","MNDOT Lakeville 34","Public Works","Minnesota DOT District 5 Metro"
324,144,"DOT SHK 31","D","MNDOT Shakopee 31","Public Works","Minnesota DOT District 5 Metro"
326,146,"DOT JDN 35","D","MNDOT Jordan 35","Public Works","Minnesota DOT District 5 Metro"
328,148,"DOT TRAIN","D","DOT TRAINING","Public Works","Minnesota DOT District 5 Metro"
330,14a,"DOT MAT ADM","D","MNDOT Materials/Admin","Public Works","Minnesota DOT District 5 Metro"
332,14c,"TMC ADMIN","D","TMC HIGHWAY HELPER (FIRST) ADMIN","Public Works","Minnesota DOT District 5 Metro"
334,14e,"TMC HAIL","D","TMC HAIL","Public Works","Minnesota DOT District 5 Metro"
336,150,"DOT METRO 336","D","MNDOT Metro 336","Public Works","Minnesota DOT District 5 Metro"
338,152,"DOT TMC HLPR","D","TMC Highway Helper (FIRST)","Public Works","Minnesota DOT District 5 Metro"
340,154,"DOT ESS LOCT","D","ESS Cable Locates ","Public Works","Minnesota DOT District 5 Metro"
342,156,"DOT ESS SIG","D","ESS Signals ","Public Works","Minnesota DOT District 5 Metro"
344,158,"DOT CONST OK","D","Construction Office Oakdale","Public Works","Minnesota DOT District 5 Metro"
346,15a,"DOT CONST MD","D","Construction Office Mendota ","Public Works","Minnesota DOT District 5 Metro"
348,15c,"DOT CONST EP","D","Construction Office Eden Prairie ","Public Works","Minnesota DOT District 5 Metro"
350,15e,"DOT CONST GV","D","Construction Office Golden Valley ","Public Works","Minnesota DOT District 5 Metro"
352,160,"DOT SIGNS","D","MNDOT Sign Shop","Public Works","Minnesota DOT District 5 Metro"
354,162,"DOT STRIPING","D","Traffic Striping ","Public Works","Minnesota DOT District 5 Metro"
356,164,"DOT TRFC ENG","D","Traffic Engineering ","Public Works","Minnesota DOT District 5 Metro"
358,166,"DOT BLD MNT","D","Building Maintenance ","Public Works","Minnesota DOT District 5 Metro"
360,168,"DOT HAZMAT","D","DOT Hazmat","Public Works","Minnesota DOT District 5 Metro"
362,16a,"SRB DEMO 1","D","Radio Board Demo 1","Public Works","Minnesota Department of Public Safety - Emergency Communications"
370,172,"PCA MAIN","D","Pollution Control Agency Main","Emergency Ops","Minnesota Misc. State Agencies"
372,174,"PCA CONTRACT","D","PCA Tactical 1 Contractors","Emergency Ops","Minnesota Misc. State Agencies"
374,176,"PCA STAFF T1","D","PCA Tactical 1 Staff","Emergency Ops","Minnesota Misc. State Agencies"
382,17e,"LAW","DE","Law","Law Tac","Minnesota Misc. State Agencies"
384,180,"DOT NIGHT","D","DOT Night Crews","Public Works","Minnesota DOT District 5 Metro"
385,181,"MSP CALL","D","State Patrol Hailing","Interop","Statewide Interoperability "
388,184,"MnDOT TAC 2","D","MnDOT Common Tac 2","Public Works","Minnesota DOT Statewide"
390,186,"DOT METRO 390","D","MNDOT Metro 390","Public Works","Minnesota DOT District 5 Metro"
396,18c,"DOT NIGHT 1","D","Night Crews 1","Public Works","Minnesota DOT District 5 Metro"
400,190,"ME TAC 9","D","Metro Tactical  9","Interop","Zone 1 Interoperability Metro"
402,192,"ME TAC 10","D","Metro Tactical 10","Interop","Zone 1 Interoperability Metro"
404,194,"ME TAC 11E","DE","Metro Tactical 11E","Interop","Zone 1 Interoperability Metro"
408,198,"DOT METRO 408","D","MNDOT Metro 408","Public Works","Minnesota DOT District 5 Metro"
410,19a,"DOT GV MECH","D","DOT GOLDEN VALLEY MECHANICS","Public Works","Minnesota DOT District 5 Metro"
412,19c,"DOT OAK MECHANIC","D","DOT OAKDALE MECHANICS","Public Works","Minnesota DOT District 5 Metro"
418,1a2,"DRO TAC 1 RC","D","Disaster Relief Organization Tactical 1 Red Cross","Emergency Ops","Minnesota Misc. State Agencies"
420,1a4,"DRO TAC 2 SA","D","Disaster Relief Organization  Tactical 2 Salvation Army","Emergency Ops","Minnesota Misc. State Agencies"
422,1a6,"DRO TAC 3","D","Disaster Relief Organization  Tactical 3","Emergency Ops","Minnesota Misc. State Agencies"
424,1a8,"DRO TAC 4","D","Disaster Relief Organization  Tactical 4","Emergency Ops","Minnesota Misc. State Agencies"
426,1aa,"MNNG-55WMD","D","MNNG-55WMD","Military","Minnesota National Guard - Military"
428,1ac,"MNNG-JOC","D","MNNG-JOC","Military","Minnesota National Guard - Military"
430,1ae,"N GUARD","D","National Guard ","Military","Minnesota National Guard - Military"
431,1af,"DNR FOR NW 1","D","DNR Forestry NW 1","Fire-Tac","Minnesota Department of Natural Resources - DNR"
432,1b0,"DNR FOR CAM","D","DNR Forestry Cambridge","Fire-Tac","Minnesota Department of Natural Resources - DNR"
433,1b1,"DNR FOR NW 2","D","DNR Forestry NW 2","Fire-Tac","Minnesota Department of Natural Resources - DNR"
434,1b2,"DNR FOR NW 3","D","DNR Forestry NW 3","Fire-Tac","Minnesota Department of Natural Resources - DNR"
435,1b3,"DNR FOR NE 1","D","DNR Forestry NE 1","Fire-Tac","Minnesota Department of Natural Resources - DNR"
436,1b4,"DNR FOR NE 3","D","DNR Forestry NE 3","Fire-Tac","Minnesota Department of Natural Resources - DNR"
437,1b5,"DNR FOR NE 2","D","DNR Forestry NE 2","Fire-Tac","Minnesota Department of Natural Resources - DNR"
438,1b6,"DNR FOR SC 3","D","DNR Forestry SC 3","Fire-Tac","Minnesota Department of Natural Resources - DNR"
439,1b7,"DNR FOR SC 1","D","DNR Forestry SC 1","Fire-Tac","Minnesota Department of Natural Resources - DNR"
440,1b8,"DNR FIRE DISP","D","Forest Fire Main Dispatch","Fire Dispatch","Minnesota Department of Natural Resources - DNR"
441,1b9,"DNR FOR SC 3","D","DNR Forestry SC 2","Fire-Tac","Minnesota Department of Natural Resources - DNR"
442,1ba,"DNR FIRE SP2","D","DNR Fire Suppression 2","Fire-Tac","Minnesota Department of Natural Resources - DNR"
443,1bb,"DNR FD INVEST","D","DNR Forestry Fire Investigations  ","Fire-Tac","Minnesota Department of Natural Resources - DNR"
446,1be,"TMC METRO TRFC ","D","TMC Metro Traffic","Public Works","Minnesota DOT District 5 Metro"
448,1c0,"DOT EVENTS","D","Event Staging","Public Works","Minnesota DOT District 5 Metro"
450,1c2,"HS EM DUTY O","D","Homeland Security Emergency Management Duty Officer","Emergency Ops","Minnesota Department of Public Safety - Bur. Crim. Appr. - BCA"
454,1c6,"MNNG-133-SEC","DE","MNNG-133-SEC","Military","Minnesota National Guard - Military"
455,1c7,"DHS EME MAIN","D","DHS Emergency Management Main","Emergency Ops","Department of Human Services"
456,1c8,"DOH TAC 1","D","Department of Health Tactical 1","Emergency Ops","Minnesota Misc. State Agencies"
457,1c9,"DOH TAC 2","D","Department of Health Tactical 2","Emergency Ops","Minnesota Misc. State Agencies"
459,1cb,"DHS EME 1","D","DHS Emergency Management 1","Emergency Ops","Department of Human Services"
460,1cc,"DHS EME 2","D","DHS Emergency Management 2","Emergency Ops","Department of Human Services"
461,1cd,"DHS EME 3","D","DHS Emergency Management 3","Emergency Ops","Department of Human Services"
462,1ce,"DHS ROAM","D","DHS Roaming","Public Works","Department of Human Services"
463,1cf,"DHS CO","D","DHS Central Office","Public Works","Department of Human Services"
464,1d0,"US FBI 1","DE","Federal Bureau of Investigations 1","Federal","Federal Agencies"
465,1d1,"US FBI 3","DE","Federal Bureau of Investigations 3","Federal","Federal Agencies"
466,1d2,"US FBI 2","DE","Federal Bureau of Investigations 2","Federal","Federal Agencies"
468,1d4,"US FWS","DE","US Fish and Wildlife Service Enforcement","Federal","Federal Agencies"
478,1de,"DNR TRACK 1","D","DNR Wildlife Tracking 1","Public Works","Minnesota Department of Natural Resources - DNR"
480,1e0,"DNR TRACK 2","D","DNR Wildlife Tracking 2","Public Works","Minnesota Department of Natural Resources - DNR"
500,1f4,"STAC 5","D","Statewide Tactical 5","Interop","Statewide Interoperability "
502,1f6,"STAC 6","D","Statewide Tactical 6","Interop","Statewide Interoperability "
504,1f8,"LTAC 1","D","Law Enforcement Tactical 1","Law Tac","Statewide Interoperability "
505,1f9,"LTAC9E","DE","Law Enforcement Tactical 9E","Law Tac","Statewide Interoperability "
506,1fa,"LTAC 2","D","Law Enforcement Tactical 2","Law Tac","Statewide Interoperability "
507,1fb,"LTAC10E","DE","Law Enforcement Tactical 10E","Law Tac","Statewide Interoperability "
520,208,"DOC SORT 1","D","Special Operations Response Team Tactical 1","Corrections","Minnesota Department of Corrections"
522,20a,"DOC SORT 2","D","Special Operations Response Team Tactical 2","Corrections","Minnesota Department of Corrections"
524,20c,"DOC SORT 3","D","Special Operations Response Team Tactical 3","Corrections","Minnesota Department of Corrections"
526,20e,"DOC SORT 4","D","Special Operations Response Team Tactical 4","Corrections","Minnesota Department of Corrections"
528,210,"SRB DEMO","D","Radio Board Demo TG","Public Works","Minnesota Department of Public Safety - Emergency Communications"
600,258,"MET HEALTH 1","D","Metro Local Public Health Association 1","Public Works","Ramsey County"
602,25a,"MET HEALTH 2","D","Metro Local Public Health Association 2","Public Works","Ramsey County"
604,25c,"METRO PHA 3","D","Metro Local Public Health Association 3","Business","Minnesota Misc. State Agencies"
606,25e,"METRO PHA 4","D","Metro Local Public Health Association 4","Business","Minnesota Misc. State Agencies"
610,262,"MNNG-TAC1","D","MNNG-TAC1","Military","Minnesota National Guard - Military"
612,264,"MNNG-QRF1","D","MNNG-QRF1","Military","Minnesota National Guard - Military"
614,266,"MNNG-QRF2","D","MNNG-QRF2","Military","Minnesota National Guard - Military"
616,268,"MNNG-JCP","D","MNNG-JCP","Military","Minnesota National Guard - Military"
618,26a,"MNNG-133-DZ","D","MNNG-133-DZ","Military","Minnesota National Guard - Military"
620,26c,"MNNG-133-CE","D","MNNG-133-CE","Military","Minnesota National Guard - Military"
622,26e,"MNNG-148-FD","D","MNNG-148-FD","Military","Minnesota National Guard - Military"
624,270,"MNNG-148-SF","D","MNNG-148-SF","Military","Minnesota National Guard - Military"
626,272,"MNNG-EOD","D","MNNG-EOD","Military","Minnesota National Guard - Military"
628,274,"MNNG-Aviation","D","MNNG-Aviation","Military","Minnesota National Guard - Military"
630,276,"MNNG-AV-TAC1","DE","MNNG-AV-TAC1","Military","Minnesota National Guard - Military"
632,278,"MNNG-AV TAC2","D","MNNG-AV TAC2","Military","Minnesota National Guard - Military"
634,27a,"MNNG-AV TAC3","D","MNNG-AV TAC3","Military","Minnesota National Guard - Military"
636,27c,"MNNG-AV TAC4","D","MNNG-AV TAC4","Military","Minnesota National Guard - Military"
638,27e,"MNNG-ROAM1","D","MNNG-ROAM1","Military","Minnesota National Guard - Military"
640,280,"MNNG-ROAM2","D","MNNG-ROAM2","Military","Minnesota National Guard - Military"
642,282,"MNNG-CR-ATS","D","MNNG-CR-ATS","Military","Minnesota National Guard - Military"
644,284,"MNNG-CR-CFR","D","MNNG-CR-CFR","Military","Minnesota National Guard - Military"
646,286,"MNNG-CR-CMP","D","MNNG-CR-CMP","Military","Minnesota National Guard - Military"
648,288,"MNNG-CR-DPW","D","MNNG-CR-DPW","Military","Minnesota National Guard - Military"
650,28a,"MNNG-CR-RNG","D","MNNG-CR-RNG","Military","Minnesota National Guard - Military"
652,28c,"MNNG-CR-SEC","D","MNNG-CR-SEC","Military","Minnesota National Guard - Military"
654,28e,"MNNG-CR-OPS1","D","MNNG-CR-OPS1","Military","Minnesota National Guard - Military"
656,290,"MNNG-CR-OPS2","D","MNNG-CR-OPS2","Military","Minnesota National Guard - Military"
658,292,"MNNG-CR-OPS3","D","MNNG-CR-OPS3","Military","Minnesota National Guard - Military"
660,294,"MNNG-CR-OPS4","D","MNNG-CR-OPS4","Military","Minnesota National Guard - Military"
662,296,"MNNG-CR-RNG1","D","MNNG-CR-RNG1","Military","Minnesota National Guard - Military"
664,298,"MNNG-CR-RNG2","D","MNNG-CR-RNG2","Military","Minnesota National Guard - Military"
666,29a,"MNNG-CR-RNG3","D","MNNG-CR-RNG3","Military","Minnesota National Guard - Military"
670,29e,"MNNG-CR-AHATS1","D","MNNG-CR-AHATS1","Military","Minnesota National Guard - Military"
686,2ae,"MNNG-CR-RNG4","D","MNNG-CR-RNG4","Military","Minnesota National Guard - Military"
694,2b6,"DNR CONS 694","D","DNR CONS TAC 694","Law Tac","Minnesota Department of Natural Resources - DNR"
696,2b8,"DNR CONS 696","D","DNR CONS TAC 696","Law Tac","Minnesota Department of Natural Resources - DNR"
698,2ba,"DNR CONS 698","D","DNR CONS TAC 698","Law Tac","Minnesota Department of Natural Resources - DNR"
700,2bc,"SYSTECH NE","DE","System Technicians Northeast","Public Works","Minnesota Department of Public Safety - Emergency Communications"
702,2be,"SYSTECH NW","DE","System Technicians Northwest","Public Works","Minnesota Department of Public Safety - Emergency Communications"
704,2c0,"SYSTECH CM","DE","System Technicians Central","Public Works","Minnesota Department of Public Safety - Emergency Communications"
706,2c2,"SYSTECH SC","DE","System Technicians South Central","Public Works","Minnesota Department of Public Safety - Emergency Communications"
708,2c4,"SYSTECH SE","DE","System Technicians Southeast","Public Works","Minnesota Department of Public Safety - Emergency Communications"
710,2c6,"DNR D2 MAIN","D","DNR District 2 Main","Law Tac","Minnesota Department of Natural Resources - DNR"
712,2c8,"DNR D2 TAC 1","D","DNR District 2 Tac 1","Law Tac","Minnesota Department of Natural Resources - DNR"
714,2ca,"DNR CONS 714","D","DNR CONS D TAC 714","Law Tac","Minnesota Department of Natural Resources - DNR"
715,2cb,"Wild River SP","D","Wild River State Park","Public Works","Chisago County"
716,2cc,"DNR D3 MAIN","D","DNR District 3 Main","Law Tac","Minnesota Department of Natural Resources - DNR"
718,2ce,"DNR CONS 718","D","DNR CONS D TAC 718","Law Tac","Minnesota Department of Natural Resources - DNR"
719,2cf,"Interstate SP","D","Interstate State Park","Public Works","Chisago County"
720,2d0,"DNR CONS 720","D","DNR CONS D TAC 720","Law Tac","Minnesota Department of Natural Resources - DNR"
722,2d2,"DNR CONS 722","D","DNR CONS D TAC 722","Law Tac","Minnesota Department of Natural Resources - DNR"
723,2d3,"WM OBRIEN PARK","D","William O'Brien State Park","Public Works","Washington County"
724,2d4,"DNR CONS 724","D","DNR CONS D TAC 724","Law Tac","Minnesota Department of Natural Resources - DNR"
725,2d5,"DNR 725","D","DNR 725","Law Tac","Minnesota Department of Natural Resources - DNR"
727,2d7,"FRT SNELL SP","D","Fort Snelling State Park","Public Works","Minnesota Department of Natural Resources - DNR"
728,2d8,"DNR CONS STL","D","DNR CONS D TAC - St Louis County","Law Tac","Minnesota Department of Natural Resources - DNR"
730,2da,"DNR CONS STL","D","DNR CONS D TAC - St Louis County","Law Tac","Minnesota Department of Natural Resources - DNR"
731,2db,"AFTON ST PARK","D","Afton State Park","Public Works","Washington County"
734,2de,"DNR CONS D6 TAC","D","DNR CONS D6 TAC","Law Tac","Minnesota Department of Natural Resources - DNR"
740,2e4,"DNR 740","D","DNR 740","Law Tac","Minnesota Department of Natural Resources - DNR"
744,2e8,"DNR AIR","D","Air Enforcement","Law Tac","Minnesota Department of Natural Resources - DNR"
746,2ea,"DNR DlthTacA","D","Duluth Area Tactical A","Law Tac","Minnesota Department of Natural Resources - DNR"
748,2ec,"DNR DlthTacB","D","Duluth Area Tactical B","Law Tac","Minnesota Department of Natural Resources - DNR"
752,2f0,"DNR TAC BRD","D","DNR CONS D9 TAC Brainerd area","Law Tac","Minnesota Department of Natural Resources - DNR"
764,2fc,"DNR TAC HOFF","D","Reg 3 Dist 11 Ops Hoffman Area Tac","Law Tac","Minnesota Department of Natural Resources - DNR"
770,302,"DNR R3  D12","D","Reg 3 Dist 12 Ops","Law Tac","Minnesota Department of Natural Resources - DNR"
772,304,"DNR 772","D","DNR 772","Law Tac","Minnesota Department of Natural Resources - DNR"
776,308,"DNR R4 D15","D","Region 4 District 15","Law Tac","Minnesota Department of Natural Resources - DNR"
778,30a,"DNR R4 D15 T","D","Region 4 District 15 TAC","Law Tac","Minnesota Department of Natural Resources - DNR"
782,30e,"DNR R4 D15","D","Region 4 District 16","Law Tac","Minnesota Department of Natural Resources - DNR"
784,310,"DNR R4 D15 T","D","Region 4 District 16 TAC","Law Tac","Minnesota Department of Natural Resources - DNR"
788,314,"DNR CONS","D","Enforcement ","Law Tac","Minnesota Department of Natural Resources - DNR"
790,316,"DNR 790","D","DNR 790","Law Tac","Minnesota Department of Natural Resources - DNR"
794,31a,"DNR CONS ROC","D","Region 3 District 18 Rochester Enforcement","Law Tac","Minnesota Department of Natural Resources - DNR"
796,31c,"DNR 796","D","DNR 796","Law Tac","Minnesota Department of Natural Resources - DNR"
800,320,"AN SYSTECH","D","Radio Technicians","Public Works","Anoka County"
802,322,"AN S DISP","D","South Main Dispatch","Law Dispatch","Anoka County"
804,324,"AN PD 2 ADM","D","Police 2 Administration","Law Talk","Anoka County"
806,326,"AN PD 3 INFO","D","Police 3 Information","Law Tac","Anoka County"
808,328,"AN 3 DISP","D","Police 3rd Main","Law Dispatch","Anoka County"
810,32a,"AN N DISP","D","North Main Dispatch","Law Dispatch","Anoka County"
812,32c,"AN COM","D","Common","Multi-Talk","Anoka County"
814,32e,"AN TAC 1","D","Tactical 1","Multi-Tac","Anoka County"
816,330,"AN TAC 2","D","Tactical 2","Multi-Tac","Anoka County"
818,332,"AN TAC 3","D","Tactical 3","Multi-Tac","Anoka County"
820,334,"AN NMDTF","DE","North Metro Drug Task Force","Law Tac","Anoka County"
822,336,"AN LAW MLT","D","Law Enforcement Multigroup","Law Tac","Anoka County"
824,338,"ANKA PD C2C","D","Anoka City Police Car to Car","Law Talk","Anoka County"
826,33a,"ANKA PD ADM","D","Anoka City Police Administrative","Law Talk","Anoka County"
828,33c,"BLN PD C2C","D","Blaine Police Car to Car","Law Talk","Anoka County"
830,33e,"BLN PD ADM","D","Blaine Police Administrative","Law Talk","Anoka County"
832,340,"CENT PD C2C","D","Centennial Police Car to Car","Law Talk","Anoka County"
834,342,"CENT PD ADM","D","Centennial Police Administrative","Law Talk","Anoka County"
836,344,"CHTS PD C2C","DE","Columbia Heights Police Car to Car","Law Talk","Anoka County"
838,346,"CHTS PD ADM","D","Columbia Heights Police Administrative","Law Talk","Anoka County"
840,348,"COON PD C2C","DE","Coon Rapids Police Car to Car","Law Talk","Anoka County"
842,34a,"COON PD ADM","D","Coon Rapids Police Administrative","Law Talk","Anoka County"
844,34c,"FRID PD C2C","De","Fridley Police Car to Car","Law Talk","Anoka County"
846,34e,"FRID PD ADM","D","Fridley Police Administrative","Law Talk","Anoka County"
848,350,"LINO PD C2C","D","Lino Lakes Police Car to Car","Law Talk","Anoka County"
850,352,"LINO PD ADM","D","Lino Lakes Police Administrative","Law Talk","Anoka County"
852,354,"RAMS PD C2C","D","Ramsey Police Car to Car","Law Talk","Anoka County"
854,356,"RAMS PD ADM","D","Ramsey Police Administrative","Law Talk","Anoka County"
856,358,"STFR PD C2C","DE","St Francis Police Car to Car","Law Talk","Anoka County"
858,35a,"STFR PD ADM","D","St Francis Police Administrative","Law Talk","Anoka County"
860,35c,"SPLP PD C2C","DE","Spring Lake Park Police Car to Car","Law Talk","Anoka County"
862,35e,"SPLP PD ADM","D","Spring Lake Park Police Administrative","Law Talk","Anoka County"
864,360,"AN SO C2C","D","Police Car to Car","Law Talk","Anoka County"
866,362,"ANSO ADM","D","Police Administration","Law Talk","Anoka County"
868,364,"ANOKA COMM","D","Anoka City Common","Multi-Talk","Anoka County"
870,366,"BLNSLP COMM","D","Blaine, SLP, MV Common","Multi-Talk","Anoka County"
872,368,"CHTS COMM","D","Columbia Heights - Hilltop Common","Multi-Talk","Anoka County"
874,36a,"COON COMM","D","Coon Rapids Common","Multi-Talk","Anoka County"
876,36c,"FRIDLEY COMM","D","Fridley Common","Multi-Talk","Anoka County"
878,36e,"LINOLX COMM","D","Lino Lakes, Lexington, CP, CVL Common","Multi-Talk","Anoka County"
880,370,"RAMSEY COMM","D","Ramsey Common","Multi-Talk","Anoka County"
882,372,"ST FRN COMM","D","St. Francis, Bethel Common","Multi-Talk","Anoka County"
884,374,"AN SO COMM","D","Area Common","Multi-Talk","Anoka County"
886,376,"AN JAIL 1","D","Jail Main","Corrections","Anoka County"
888,378,"AN JAIL 2","D","Jail Administration","Corrections","Anoka County"
890,37a,"AN SWAT","D","SWAT Team","Law Tac","Anoka County"
892,37c,"AN SO DIVE","D","Dive Team","Law Tac","Anoka County"
894,37e,"AN SO RESV","D","Reserves","Law Tac","Anoka County"
896,380,"ANSO E","DE","Law Enforcement","Data","Anoka County"
898,382,"AN SO EVT1","D","Special Events 1","Multi-Talk","Anoka County"
900,384,"AN SO EVT2","D","Special Events 2","Multi-Talk","Anoka County"
902,386,"AN EM 1","D","Emergency Management 1","Emergency Ops","Anoka County"
904,388,"AN SO ROAM","D","Law Enforcement Roaming Talkgroup","Law Dispatch","Anoka County"
906,38a,"AN FIRE DI","D","Fire Main (VHF patch)","Fire Dispatch","Anoka County"
908,38c,"AN FIRE A","D","Fire Tactical A","Fire-Tac","Anoka County"
910,38e,"AN FIRE B","D","Fire Tactical B","Fire-Tac","Anoka County"
912,390,"AN FIRE C","D","Fire Tactical C","Fire-Tac","Anoka County"
914,392,"ANDV FIR TAC","D","Andover Fire Tactical","Fire-Tac","Anoka County"
916,394,"ANCP FIR TAC","D","Anoka - Champlin Fire Tactical","Fire-Tac","Anoka County"
918,396,"BETH FIR TAC","D","Bethel Fire Tactical","Fire-Tac","Anoka County"
920,398,"SBM FIR TAC","D","SBM Spring Lk Park/Blaine/Mounds View Fire Tactical","Fire-Tac","Anoka County"
922,39a,"CHTS FIR TAC","D","Columbia Heights Fire Tactical","Fire-Tac","Anoka County"
924,39c,"COON FIR TAC","D","Coon Rapids Fire Tactical","Fire-Tac","Anoka County"
926,39e,"EBTH FIR TAC","D","East Bethel Fire Tactical","Fire-Tac","Anoka County"
928,3a0,"FRID FIR TAC","D","Fridley Fire Tactical","Fire-Tac","Anoka County"
930,3a2,"HMLK FIR TAC","D","Ham Lake Fire Tactical","Fire-Tac","Anoka County"
932,3a4,"LEXT FIR TAC","D","Lexington Fire Tactical","Fire-Tac","Anoka County"
934,3a6,"CENT FIR TAC","D","Centennial Fire Tactical","Fire-Tac","Anoka County"
936,3a8,"LINW FIR TAC","D","Linwood Fire Tactical","Fire-Tac","Anoka County"
938,3aa,"OKGV FIR TAC","D","Oak Grove Fire Tactical","Fire-Tac","Anoka County"
940,3ac,"RMSY FIR TAC","D","Ramsey Fire Tactical","Fire-Tac","Anoka County"
942,3ae,"STFR FIR TAC","D","St Francis Fire Tactical","Fire-Tac","Anoka County"
944,3b0,"ANKA FIRE MG","D","Fire Service Multigroup","Fire-Tac","Anoka County"
946,3b2,"ANDV FIR ADM1","D","Andover Fire Administrative 1","Fire-Talk","Anoka County"
948,3b4,"ANCP FIR ADM1","D","Anoka - Champlin Fire Administrative 1","Fire-Talk","Anoka County"
950,3b6,"BETH FIR ADM1","D","Bethel Fire Administrative 1","Fire-Talk","Anoka County"
952,3b8,"SBM FIR ADM1","D","SBM Spring Lk Park/Blaine/Mounds View Fire Admin 1","Fire-Talk","Anoka County"
954,3ba,"CHTS FIR ADM1","D","Columbia Heights Fire Administrative 1","Fire-Talk","Anoka County"
956,3bc,"COON FIR ADM1","D","Coon Rapids Fire Administrative 1","Fire-Talk","Anoka County"
958,3be,"EBTH FIR ADM1","D","East Bethel Fire Administrative 1","Fire-Talk","Anoka County"
960,3c0,"FRID FIR ADM1","D","Fridley Fire Administrative 1","Fire-Talk","Anoka County"
962,3c2,"HMLK FIR ADM1","D","Ham Lake Fire Administrative 1","Fire-Talk","Anoka County"
964,3c4,"LEXT FIR ADM1","D","Lexington Fire Administrative 1","Fire-Talk","Anoka County"
966,3c6,"CENT FIR ADM1","D","Centennial Fire Administrative 1","Fire-Talk","Anoka County"
968,3c8,"LINW FIR ADM1","D","Linwood Fire Administrative 1","Fire-Talk","Anoka County"
970,3ca,"OKGV FIR ADM1","D","Oak Grove Fire Administrative 1","Fire-Talk","Anoka County"
972,3cc,"RMSY FIR ADM1","D","Ramsey Fire Administrative 1","Fire-Talk","Anoka County"
974,3ce,"STFR FIR ADM1","D","St Francis Fire Administrative 1","Fire-Talk","Anoka County"
976,3d0,"ANDV FIR ADM2","D","Andover Fire Administrative 2","Fire-Talk","Anoka County"
978,3d2,"ANCP FIR ADM2","D","Anoka - Champlin Fire Administrative 2","Fire-Talk","Anoka County"
980,3d4,"BETH FIR ADM2","D","Bethel Fire Administrative 2","Fire-Talk","Anoka County"
982,3d6,"SBM FIR ADM2","D","SBM Spring Lk Park/Blaine/Mounds View Fire Admin 2","Fire-Talk","Anoka County"
984,3d8,"CHTS FIR ADM2","D","Columbia Heights Fire Administrative 2","Fire-Talk","Anoka County"
986,3da,"COON FIR ADM2","D","Coon Rapids Fire Administrative 2","Fire-Talk","Anoka County"
988,3dc,"EBTH FIR ADM2","D","East Bethel Fire Administrative 2","Fire-Talk","Anoka County"
990,3de,"FRID FIR ADM2","D","Fridley Fire Administrative 2","Fire-Talk","Anoka County"
992,3e0,"HMLK FIR ADM2","D","Ham Lake Fire Administrative 2","Fire-Talk","Anoka County"
994,3e2,"LEXT FIR ADM2","D","Lexington Fire Administrative 2","Fire-Talk","Anoka County"
996,3e4,"CENT FIR ADM2","D","Centennial Fire Administrative 2","Fire-Talk","Anoka County"
998,3e6,"LINW FIR ADM2","D","Linwood Fire Administrative 2","Fire-Talk","Anoka County"
1000,3e8,"OKGV FIR ADM2","D","Oak Grove Fire Administrative 2","Fire-Talk","Anoka County"
1002,3ea,"RMSY FIR ADM2","D","Ramsey Fire Administrative 2","Fire-Talk","Anoka County"
1004,3ec,"STFR FIR ADM2","D","St Francis Fire Administrative 2","Fire-Talk","Anoka County"
1006,3ee,"AN FIRE SPOP","D","Fire Special Operations","Fire-Tac","Anoka County"
1008,3f0,"AN FIRE ROAM","D","Fire Roaming Talkgroup","Fire Dispatch","Anoka County"
1010,3f2,"AN CO WKS","D","Public Works Common","Public Works","Anoka County"
1012,3f4,"AN CO HWY","D","Highway Dept Main","Public Works","Anoka County"
1014,3f6,"AN CO SURVEY","D","Highway Dept Surveyors","Public Works","Anoka County"
1016,3f8,"AN CO HWY ADM","D","Highway Dept Administration","Public Works","Anoka County"
1018,3fa,"AN CO PRKS","D","Parks Department Main","Public Works","Anoka County"
1020,3fc,"AN Rangers","D","Park Rangers","Law Dispatch","Anoka County"
1022,3fe,"ANDV WORKS","D","Andover Public Works","Public Works","Anoka County"
1024,400,"AN WORKS","D","Anoka City Public Works","Public Works","Anoka County"
1026,402,"BETH WORKS","D","Bethel Public Works","Public Works","Anoka County"
1028,404,"BLAINE WORKS","D","Blaine Public Works","Public Works","Anoka County"
1030,406,"BRNS WORKS","D","Burns Township Public Works","Public Works","Anoka County"
1032,408,"CTVL WORKS","D","Centerville Public Works","Public Works","Anoka County"
1034,40a,"CPNS WORKS","D","Circle Pines Public Works","Public Works","Anoka County"
1036,40c,"CHTS WORKS","D","Columbia Heights Public Works","Public Works","Anoka County"
1038,40e,"CLBS WORKS","D","Columbus Township Public Works","Public Works","Anoka County"
1040,410,"COON WORKS","D","Coon Rapids Public Works","Public Works","Anoka County"
1042,412,"EBTH WORKS","D","East Bethel Public Works","Public Works","Anoka County"
1044,414,"FRID WORKS","D","Fridley Public Works","Public Works","Anoka County"
1046,416,"HMLK WORKS","D","Ham Lake Public Works","Public Works","Anoka County"
1050,41a,"HLTP WORKS","D","Hilltop Public Works","Public Works","Anoka County"
1052,41c,"LEXT WORKS","D","Lexington Public Works","Public Works","Anoka County"
1054,41e,"LINO WORKS","D","Lino Lakes Public Works","Public Works","Anoka County"
1056,420,"LNWD WORKS","D","Linwood Public Works","Public Works","Anoka County"
1058,422,"OKGV WORKS","D","Oak Grove Public Works","Public Works","Anoka County"
1060,424,"RMSY WORKS","D","Ramsey Public Works","Public Works","Anoka County"
1062,426,"STFR WORKS","D","St Francis Public Works","Public Works","Anoka County"
1064,428,"SPLKPK WORKS","D","Spring Lake Park Public Works","Public Works","Anoka County"
1066,42a,"AN PW ROAM","D","Public Works Roaming Talkgroup","Public Works","Anoka County"
1068,42c,"AN CRT SEC 1","D","Court Security","Corrections","Anoka County"
1070,42e,"AN SO CID","D","Sheriff CID","Law Tac","Anoka County"
1072,430,"AN PROP MG","D","Property Management","Public Works","Anoka County"
1074,432,"AN HEALTH","D","Public Health Main","Public Works","Anoka County"
1082,43a,"AN CRT SEC 2","D","Court Security Administration","Corrections","Anoka County"
1084,43c,"AN EM 2","D","Emergency Management 2","Emergency Ops","Anoka County"
1086,43e,"AN VARDA","D","VARDA Alarms","Law Tac","Anoka County"
1110,456,"AN CO TRVL","D","County Traveler Bus Operations","Transportation","Anoka County"
1112,458,"AN STR EXP","D","Ramsey Star Express Transit Operations","Transportation","Anoka County"
1116,45c,"AN EM ADM1","D","Emergency Management Admin 1","Emergency Ops","Anoka County"
1118,45e,"AN EM ADM2","D","Emergency Management Admin 2","Emergency Ops","Anoka County"
1120,460,"AN DISP ADM","D","Anoka Co Central Communications Admin","Emergency Ops","Anoka County"
1122,462,"AN SO EVT3","D","Special Events 3","Multi-Talk","Anoka County"
1124,464,"AN FIRE D","D","Fire Tactical D","Fire-Tac","Anoka County"
1128,468,"LINO LK COM","D","Lino Lakes Common","Multi-Talk","Anoka County"
1130,46a,"LINO FIR TAC","D","Lino Lakes Public Safety Fire Tactical","Fire-Tac","Anoka County"
1132,46c,"AN-R-F-ADM1","D","Lino Lakes Fire Admin 1","Fire-Talk","Anoka County"
1136,470,"AN PLOWS 1","D","County Snow Plows 1","Public Works","Anoka County"
1138,472,"AN PLOWS 2","D","County Snow Plows 2","Public Works","Anoka County"
1144,478,"AN PAGE","D","County Paging","Fire Dispatch","Anoka County"
1146,47a,"AN HWY TK","D","Highway Truck to Truck","Public Works","Anoka County"
1150,47e,"AN NT FTAC","D","Nowthen Fire Tactical","Fire-Tac","Anoka County"
2001,7d1,"EMSNM AITKIN","D","Aitkin Dispatch","EMS Dispatch","North Memorial Health Ambulance "
2002,7d2,"EMSNM METRO","D","Metro Region Dispatch","EMS Dispatch","North Memorial Health Ambulance "
2003,7d3,"EMSNM ALX BUS2","D","Alexandria Business 2","EMS-Talk","North Memorial Health Ambulance "
2004,7d4,"EMSNM IFT","D","Metro Interfacility ","EMS Dispatch","North Memorial Health Ambulance "
2006,7d6,"EMS NM MTAC1","D","Metro Tac 1","EMS-Tac","North Memorial Health Ambulance "
2008,7d8,"EMSNM MET BUS","D","Metro Business ","EMS-Talk","North Memorial Health Ambulance "
2009,7d9,"EMSNM PRW","D","Park Rapids-Walker Dispatch","EMS Dispatch","North Memorial Health Ambulance "
2010,7da,"EMSNM MTAC 2","D","Metro Tac 2","EMS-Tac","North Memorial Health Ambulance "
2012,7dc,"EMSNM SUPV","D","Supervisors","EMS-Talk","North Memorial Health Ambulance "
2014,7de,"EMSNM COMM","D","Technology Office","EMS-Talk","North Memorial Health Ambulance "
2016,7e0," EMSNM TRN ALS","D","Training- ALS","EMS-Talk","North Memorial Health Ambulance "
2018,7e2,"EMS NM ADM ","D","North Administration ","EMS-Talk","North Memorial Health Ambulance "
2020,7e4,"EMSNM TRN TAC 1","D","Training Tac 1","EMS-Tac","North Memorial Health Ambulance "
2022,7e6,"EMSNM TRN TAC 2","D","Training Tac 2","EMS-Tac","North Memorial Health Ambulance "
2024,7e8,"EMSNM TRN MD","D","Training Medical Director ","EMS-Talk","North Memorial Health Ambulance "
2026,7ea,"EMS NM AC1","DE","Air Care 1 Dispatch - Lakeville","EMS Dispatch","North Memorial Health Ambulance "
2028,7ec,"EMS NM AC4","DE","Air Care 4 Dispatch - Princeton","EMS Dispatch","North Memorial Health Ambulance "
2029,7ed,"EMS NM AC7","DE","Air Care 7 Dispatch- Grand Rapids","EMS Dispatch","North Memorial Health Ambulance "
2030,7ee,"EMS NM FBLT","D","Faribault Region Dispatch","EMS Dispatch","North Memorial Health Ambulance "
2031,7ef,"EMSNM COM MEDIC1","DE","Community Paramedic Dispatch","EMS Dispatch","North Memorial Health Ambulance "
2032,7f0,"EMSNM FLIGHT","DE","Air Care Inflight Flight Following","EMS Dispatch","North Memorial Health Ambulance "
2033,7f1,"EMSNM COM MEDIC2","DE","Community Paramedic 2","EMS-Talk","North Memorial Health Ambulance "
2034,7f2,"EMS NM PCN","D","Princeton Region Dispatch","EMS Dispatch","North Memorial Health Ambulance "
2036,7f4,"EMS NM ALLST","D","All State Channel","EMS-Tac","North Memorial Health Ambulance "
2038,7f6,"EMS NM COMM","D","Common","EMS-Tac","North Memorial Health Ambulance "
2038,7f6,"EMHNM ROBIN COMM","D","Robbinsdale Hospital Common","Hospital","North Memorial Health Operations "
2039,7f7,"EMHNM MP GRV COM","D","Maple Grove Hospital Common","Hospital","North Memorial Health Operations "
2041,7f9,"EMS NM GR DISP","D","Grand Rapids Dispatch","EMS Dispatch","North Memorial Health Ambulance "
2043,7fb,"EMSNM GR BUS","D","Grand Rapids Business","EMS-Talk","North Memorial Health Ambulance "
2048,800,"EMSNM FBT BUS","D","Faribault Region Business","EMS-Talk","North Memorial Health Ambulance "
2050,802,"EMS NM PB 1","D","North EMS Princeton Business 1","EMS-Tac","North Memorial Health Ambulance "
2054,806,"EMS NM AC2","DE","Air Care 2 Dispatch - Brainerd","EMS Dispatch","North Memorial Health Ambulance "
2056,808,"EMS NM AC3","DE","Air Care 3 Dispatch - Redwood Falls","EMS Dispatch","North Memorial Health Ambulance "
2058,80a,"EMS NM AC5","DE","Air Care 5 Dispatch - Bemidji","EMS Dispatch","North Memorial Health Ambulance "
2060,80c,"EMSNM BRD DI","D","Brainerd Region Dispatch","EMS Dispatch","North Memorial Health Ambulance "
2062,80e,"EMSNM BRD BUS","D","Brainerd Region Business","EMS-Talk","North Memorial Health Ambulance "
2064,810,"EMSNM BRD SUP","D","Brainerd Region Supervisors ","EMS-Talk","North Memorial Health Ambulance "
2068,814,"NM ROBIN SEC","D","Robinsdale Hospital Security ","Security","North Memorial Health Operations "
2070,816,"NM ROBIN SEC MA","D","Robinsdale Hospital Security Mutual Aid","Security","North Memorial Health Operations "
2072,818,"NM ROBIN SEC PRK","D","Robinsdale Hospital Security Parking","Security","North Memorial Health Operations "
2074,81a,"NM MP GRV SEC","D","Maple Grove Hospital Security 1","Security","North Memorial Health Operations "
2076,81c,"NM EM STAFF","DE","Emergency Management Staff","Emergency Ops","North Memorial Health Operations "
2078,81e,"NM EM CALL","De","Emergency Management Calling","Emergency Ops","North Memorial Health Operations "
2080,820,"NM EM TAC 1","De","Emergency Management Tac 1","Emergency Ops","North Memorial Health Operations "
2082,822,"NM EM TAC 2","De","Emergency Management Tac 2","Emergency Ops","North Memorial Health Operations "
2084,824,"NM EM TAC 3","De","Emergency Management Tac 3","Emergency Ops","North Memorial Health Operations "
2086,826,"NM EM TAC 4","De","Emergency Management Tac 4","Emergency Ops","North Memorial Health Operations "
2092,82c,"EMSNM MARSH BUS","D","Marshall Business","EMS-Talk","North Memorial Health Ambulance "
2096,830,"EMSNM PRW BUS","D","Park Rapids-Walker Business","EMS-Talk","North Memorial Health Ambulance "
2100,834,"EMSAL ALS NORTH","D","ALS Dispatch North","EMS Dispatch","Allina Transportation"
2102,836,"EMSAL BLS","D","BLS Dispatch","EMS Dispatch","Allina Transportation"
2103,837,"EMSAL N ULM","D","New Ulm Dispatch","EMS Dispatch","Allina Transportation"
2104,838,"EMS AL-TAC 1","D","Allina Health EMS Tactical 1","EMS-Tac","Allina Transportation"
2106,83a,"EMS AL-TAC 2","D","Allina Health EMS Tactical 2","EMS-Tac","Allina Transportation"
2108,83c,"EMSAL STWD","D","Statewide","EMS Dispatch","Allina Transportation"
2109,83d,"EMSAL HU DSP","D","Hutchinson - Glencoe Dispatch","EMS Dispatch","Allina Transportation"
2110,83e,"EMS AL-TAC 3","D","Allina Health EMS Tactical 3","EMS-Tac","Allina Transportation"
2111,83f,"EMSAL HU ADM","D","Hutchinson Admin","EMS-Talk","Allina Transportation"
2112,840,"RV EMS NORTH","D","North Dispatch","EMS Dispatch","Ridgeview Ambulance Service"
2113,841,"RV EMS STWD","D","Statewide","EMS-Talk","Ridgeview Ambulance Service"
2114,842,"RV EMS SOUTH","D","South Dispatch","EMS Dispatch","Ridgeview Ambulance Service"
2115,843,"LL3 FLT-A","D","LifeLink III Inflight A","EMS Dispatch","Life Link III - Air Medical Service"
2116,844,"RV EMS ADMIN","D","Administration","EMS-Talk","Ridgeview Ambulance Service"
2117,845,"LL3 Duluth","D","LL3 Dispatch Duluth","EMS Dispatch","Life Link III - Air Medical Service"
2118,846,"RV EMS EVENT","D","Event","EMS-Tac","Ridgeview Ambulance Service"
2119,847,"LL3 Alexandria","D","LL3 Dispatch Alexandria","EMS Dispatch","Life Link III - Air Medical Service"
2121,849,"LL3 Anoka","D","LL3 Dispatch Anoka","EMS Dispatch","Life Link III - Air Medical Service"
2122,84a,"212 MED CTR","D","Two Twelve Medical Center Patient Information","Hospital","Metro EMS - Medical Control"
2123,84b,"LL3 Willmar","D","LL3 Dispatch Willmar","EMS Dispatch","Life Link III - Air Medical Service"
2125,84d,"LL3 Hibbing","D","LL3 Dispatch Hibbing","EMS Dispatch","Life Link III - Air Medical Service"
2127,84f,"LL3 FLT-B","D","LifeLink III Inflight B","EMS Dispatch","Life Link III - Air Medical Service"
2128,850,"LL3 Det Lakes","D","LL3 Detroit Lakes","EMS Dispatch","Life Link III - Air Medical Service"
2129,851,"EMSAL RIVERFLS","D","River Falls Dispatch","EMS Dispatch","Allina Transportation"
2130,852,"HCMC DWNTWN","D","HCMC DOWNTOWN","EMS Dispatch","Hennepin County Medical Center EMS"
2131,853,"HCMC TAC1","D","HCMC EMS Tactical 1","EMS-Tac","Hennepin County Medical Center EMS"
2132,854,"HCMC 2 BIZ","D","HCMC Ch 2 Business","EMS-Tac","Hennepin County Medical Center EMS"
2133,855,"HCMC TAC 2","D","HCMC EMS Tactical 2","EMS-Tac","Hennepin County Medical Center EMS"
2134,856,"HCMC EVENT","D","HCMC Events","EMS-Tac","Hennepin County Medical Center EMS"
2135,857,"HCMC TAC 3","D","HCMC EMS Tactical 3","EMS-Tac","Hennepin County Medical Center EMS"
2136,858,"HCMC CHIEFS","D","HCMC Supervisors ","EMS-Tac","Hennepin County Medical Center EMS"
2137,859,"HCMC TAC 4","D","HCMC EMS Tactical 4","EMS-Tac","Hennepin County Medical Center EMS"
2138,85a,"HCMC ADMIN","D","HCMC Administration","EMS-Tac","Hennepin County Medical Center EMS"
2139,85b,"HCMC SUBURB","D","HCMC EMS Suburban","EMS Dispatch","Hennepin County Medical Center EMS"
2140,85c,"WEMS MRCC 2","D","West MRCC 2","Hospital","Metro EMS - Hospital - EMS Interop"
2142,85e,"WEMS MRCC","D","West MRCC Main","Hospital","Metro EMS - Hospital - EMS Interop"
2144,860,"WMRCC XP1","D","West MRCC Cross Patch 1","Hospital","Statewide Interoperability "
2145,861,"LL3 MRCC Coord","D","LifeLink III MRCC Coordination","EMS-Talk","Life Link III - Air Medical Service"
2146,862,"WMRCC XP2","D","West MRCC Cross Patch 2","Hospital","Statewide Interoperability "
2147,863,"LL3 MECMO","D","LL3 U of MN ECMO Dispatch","EMS Dispatch","Life Link III - Air Medical Service"
2149,865,"LL3 Rush City","D","LL3 Dispatch Rush City","EMS Dispatch","Life Link III - Air Medical Service"
2150,866,"EMS MET CORD","D","CHD Metro Region Coordination","Hospital","Metro EMS - Hospital - EMS Interop"
2152,868,"ABT NW HOSP","D","Abbott Northwestern Hospital","Hospital","Metro EMS - Medical Control"
2153,869,"LL3 Brainerd Dis","D","LL3 Dispatch Brainerd","EMS Dispatch","Life Link III - Air Medical Service"
2154,86a,"CHILD HOSP","D","Minneapolis Children's Hospital","Hospital","Metro EMS - Medical Control"
2156,86c,"EMHHC_PI","D","Hennepin County Medical Center","Hospital","Metro EMS - Medical Control"
2158,86e,"EMHMC_PI","D","Mercy Hospital","Hospital","Metro EMS - Medical Control"
2160,870,"METHD HOSP","D","Methodist Hospital","Hospital","Metro EMS - Medical Control"
2162,872,"N MEM MED C","D","North Memorial Medical Center","Hospital","Metro EMS - Medical Control"
2164,874,"UMMC WEST BK","D","University of Minnesota Medical Center West Bank","Hospital","Metro EMS - Medical Control"
2166,876,"EMHRV_PI","D","Ridgeview Medical Center","Hospital","Metro EMS - Medical Control"
2168,878,"FRV SDL MED ","D","Fairview Southdale Medical Center","Hospital","Metro EMS - Medical Control"
2170,87a,"ST FRAN HOSP","D","St. Francis Regional Medical Center","Hospital","Metro EMS - Medical Control"
2172,87c,"UMMC EAST BK","D","University of Minnesota Medical Center East Bank","Hospital","Metro EMS - Medical Control"
2174,87e,"UNITY HOSP","D","Unity Medical Center","Hospital","Metro EMS - Medical Control"
2176,880,"MPLS VET CTR","D","Minneapolis Veteran Affairs Medical Center","Hospital","Metro EMS - Medical Control"
2178,882,"ST JOSP HOSP","D","St. Joseph's Hospital","Hospital","Metro EMS - Medical Control"
2180,884,"ST JOHN HOSP","D","St. John's Hospital","Hospital","Metro EMS - Medical Control"
2182,886,"LKVW MED CTR","D","Lakeview Medical Center","Hospital","Metro EMS - Medical Control"
2184,888,"RGNA MED CTR","D","Regina Medical Center","Hospital","Metro EMS - Medical Control"
2186,88a,"F RDGS MED C","D","Ridges Medical Center","Hospital","Metro EMS - Medical Control"
2188,88c,"RGNS HOSP","D","Regions Hospital","Hospital","Metro EMS - Medical Control"
2190,88e,"UNITED HOSP","D","United Hospital","Hospital","Metro EMS - Medical Control"
2192,890,"WDWNDS HOSP","D","Woodwinds Hospital","Hospital","Metro EMS - Medical Control"
2196,894,"MPL GRV HOSP","D","Maple Grove Hospital","Hospital","Metro EMS - Medical Control"
2198,896,"MPL GRV HOSP","D","Maple Grove Hospital","Hospital","Metro EMS - Medical Control"
2200,898,"EMH PRINCTN","D","Princeton Hospital - Health Fairview Northland Medical Center","Hospital","Central Minnesota EMS Hailing "
2204,89c,"NMEM MED CTR","D","North Memorial Medical Center","Hospital","Metro EMS - Medical Control"
2208,8a0,"RGVW MED CTR","D","Ridgeview Medical Center","Hospital","Metro EMS - Medical Control"
2210,8a2,"FVW SDL HOSP","D","Fairview Southdale Hospital","Hospital","Metro EMS - Medical Control"
2224,8b0,"LKVW MED CTR","D","Lakeview Medical Center","Hospital","Metro EMS - Medical Control"
2236,8bc,"EMH CALL","D","EMH Calling","Hospital","Metro EMS - Hospital - EMS Interop"
2238,8be,"EMH COMM 1","D","EMH Comm 1","Hospital","Metro EMS - Hospital - EMS Interop"
2240,8c0,"EMH COMM 2","D","EMH Comm 2","Hospital","Metro EMS - Hospital - EMS Interop"
2250,8ca,"EMS_CHD","D","CHD","Hospital","Metro EMS - Hospital - EMS Interop"
2251,8cb,"EMSALNF DISP","D","Northfield Ambulance Dispatach ","EMS Dispatch","Northfield EMS"
2252,8cc,"STAC 9","D","Statewide Tactical 9","Interop","Statewide Interoperability "
2254,8ce,"STAC 10","D","Statewide Tactical 10","Interop","Statewide Interoperability "
2256,8d0,"STAC 11","D","Statewide Tactical 11","Interop","Statewide Interoperability "
2258,8d2,"STAC 12","D","Statewide Tactical 12","Interop","Statewide Interoperability "
2260,8d4,"WEST MET SUP","D","West Metro EMS Supervisors","EMS-Tac","Metro EMS - Hospital - EMS Interop"
2262,8d6,"EMSAL ALL","D","Dispatch All Call","EMS Dispatch","Allina Transportation"
2264,8d8,"EMSAL ALS SOUTH","D","Dispatch South","EMS Dispatch","Allina Transportation"
2265,8d9,"EMS AL-TAC 7","D","Allina Health EMS Tactical 7","EMS-Tac","Allina Transportation"
2266,8da,"EMSAL ALW","D","Wright County ALS Dispatch","EMS Dispatch","Allina Transportation"
2267,8db,"EMS AL-TAC 8","D","Allina Health EMS Tactical 8","EMS-Tac","Allina Transportation"
2268,8dc,"EMSNF-MAIN","D","EMS Primary Dispatch","EMS Dispatch","Northfield EMS"
2269,8dd,"EMSNF-EMS","D","EMS Truck to Truck","EMS-Talk","Northfield EMS"
2270,8de,"EMS AL-TAC 4","D","Allina Health EMS Tactical 4","EMS-Tac","Allina Transportation"
2271,8df,"EMSAL W/C","D","Washington County","EMS-Talk","Allina Transportation"
2272,8e0,"CMBMED PI","D","CAMBRIDGE ER PI","Hospital","Metro EMS - Medical Control"
2274,8e2,"EMSAL BUS 2","D","Business 2","EMS-Talk","Allina Transportation"
2280,8e8,"EMH COMM 3","D","EMH Comm 3","Hospital","Metro EMS - Hospital - EMS Interop"
2282,8ea,"EMH COMM 4","D","EMH Comm 4","Hospital","Metro EMS - Hospital - EMS Interop"
2286,8ee,"LR EMS OPS","D","EMS Operations","EMS-Tac","Lakes Region EMS"
2288,8f0,"FRV LKS HOSP","D","Fairview Lakes Medical Center","Hospital","Metro EMS - Medical Control"
2290,8f2,"NRTHFLD PI","D","Northfield ER PI","Hospital","Metro EMS - Medical Control"
2295,8f7,"EMSHE-EV1","D","M Health Fairview Events 1","EMS-Tac","M Health Fairview"
2296,8f8,"EMSHE-ALS","D","M Health Fairview ALS Dispatch","EMS Dispatch","M Health Fairview"
2297,8f9,"EMSHE-EV2","D","M Health Fairview Events 2","EMS-Tac","M Health Fairview"
2298,8fa,"EMSHE-BLS","D","M Health Fairview BLS Dispatch","EMS Dispatch","M Health Fairview"
2299,8fb,"EMSHE-ADMIN","D","M Health Fairview Admin","EMS-Talk","M Health Fairview"
2300,8fc,"EMSHE-OPS1","D","M Health Fairview Ops 1","EMS-Tac","M Health Fairview"
2301,8fd,"EMSHE-OPS3","D","M Health Fairview Ops 3","EMS-Tac","M Health Fairview"
2302,8fe,"EMSHE-MK","D","M Health Fairview Med Kab","EMS-Tac","M Health Fairview"
2303,8ff,"EMSHE-OPS4","D","M Health Fairview Ops 4","EMS-Tac","M Health Fairview"
2304,900,"EMSHE-OPS2","D","M Health Fairview Ops 2","EMS-Tac","M Health Fairview"
2305,901,"EMSHE-N-MAIN","D","M Health Fairview North","EMS Dispatch","M Health Fairview"
2306,902,"EMMRCMAIN","D","East MRCC Main","Hospital","Metro EMS - Hospital - EMS Interop"
2310,906,"LVIEW EMS 1","D","Lakeview EMS 1","EMS Dispatch","Lakeview EMS"
2312,908,"LVIEW ADMIN","D","Lakeview EMS Administration","EMS-Talk","Lakeview EMS"
2314,90a,"LVIEW EMS 3","D","Lakeview EMS 3","EMS-Tac","Lakeview EMS"
2318,90e,"EMS_COORD","D","EMS Coordination","EMS-Talk","Metro EMS - Hospital - EMS Interop"
2320,910,"LR EMS TK","D","Truck to Truck","EMS-Talk","Lakes Region EMS"
2326,916,"EMSAL EOC","D","Emergency Operations Centers","EMS-Talk","Allina Transportation"
2328,918,"EMSAL EOC T1","D","EOC Tactical 1","EMS-Tac","Allina Transportation"
2330,91a,"EMSAL EOC T2","D","EOC Tactical 2","EMS-Tac","Allina Transportation"
2332,91c,"EMH MC","D","New River Hospital	Centra Care Hospital - Monticello","Hospital","Central Minnesota EMS Hailing "
2334,91e,"EMSCC TAC 1","D","CentraCare EMS Tac 1","EMS-Tac","CentraCare EMS"
2336,920,"ST MRCC CALL","D","EMS Patient Information Statewide MRCC Calling","Hospital","Statewide Interoperability "
2338,922,"212 MED CTR","D","Two Twelve Medical Center","Hospital","Metro EMS - Medical Control"
2342,926,"UM AMPLATZ","D","University of Minnesota Amplatz Children's Hospital","Hospital","Metro EMS - Medical Control"
2344,928,"EMH SED","D","Statewide Emergency Department","Hospital","Statewide Interoperability "
2346,92a,"EMS ST CR DI","D","St. Croix Valley EMS Dispatch","EMS Dispatch","Lakes Region EMS"
2350,92e,"EMSHE-SW","D","M Health Fairview Statewide","EMS Dispatch","M Health Fairview"
2351,92f,"EMSHE-NFLD 1","D","M Health Fairview Northfield Ch 1","EMS Dispatch","M Health Fairview"
2352,930,"EMSHE-NFLD 2","D","M Health Fairview Northfield Ch 2","EMS-Tac","M Health Fairview"
2465,9a1,"LR EMS DISP","D","Dispatch","EMS Dispatch","Lakes Region EMS"
2467,9a3,"EMS ESS DL DISP","D","Detroit Lakes Dispatch ","EMS Dispatch","Essentia Health Ambulance"
2473,9a9,"EMS AL-TAC 5","D","Allina Health EMS Tactical 5","EMS-Tac","Allina Transportation"
2475,9ab,"EMS AL-TAC 6","D","Allina Health EMS Tactical 6","EMS-Tac","Allina Transportation"
2476,9ac,"EMSALNF-ADMIN","D","Northfield EMS Admin","EMS-Talk","Northfield EMS"
2500,9c4,"MTC BUS 00","D","Bus Operations 2500","Transportation","Twin Cities Metro Transit - Buses"
2502,9c6,"MTC BUS 02","D","Bus Operations 2502","Transportation","Twin Cities Metro Transit - Buses"
2504,9c8,"MTC BUS 04","D","Bus Operations 2504","Transportation","Twin Cities Metro Transit - Buses"
2506,9ca,"MTC ALL CALL","D","Bus Operations All Call","Transportation","Twin Cities Metro Transit - Buses"
2508,9cc,"MTC BUS 1","D","Bus TG 1","Transportation","Twin Cities Metro Transit - Buses"
2510,9ce,"MTC BUS 2","D","Bus TG 2","Transportation","Twin Cities Metro Transit - Buses"
2512,9d0,"MTC BUS 3","D","Bus TG 3","Transportation","Twin Cities Metro Transit - Buses"
2514,9d2,"MTC BUS 4","D","Bus TG 4","Transportation","Twin Cities Metro Transit - Buses"
2516,9d4,"MTC BUS 5","D","Bus TG 5","Transportation","Twin Cities Metro Transit - Buses"
2518,9d6,"MTC BUS 6","D","Bus TG 6","Transportation","Twin Cities Metro Transit - Buses"
2520,9d8,"MTC BUS 7","D","Bus TG 7","Transportation","Twin Cities Metro Transit - Buses"
2522,9da,"MTC BUS 8","D","Bus TG 8","Transportation","Twin Cities Metro Transit - Buses"
2524,9dc,"MTC BUS 9","D","Bus TG 9","Transportation","Twin Cities Metro Transit - Buses"
2526,9de,"MTC SUPV","D","Bus Supervisor","Transportation","Twin Cities Metro Transit - Buses"
2528,9e0,"MTC SUPV C2C","D","Bus Supervisor Car to Car","Transportation","Twin Cities Metro Transit - Buses"
2530,9e2,"MTC SUPV TAC","D","Supervisors Tactical","Transportation","Twin Cities Metro Transit - Buses"
2532,9e4,"MTC PD DISPW","D","Transit Police Dispatch - West","Law Dispatch","Twin Cities Metro Transit - Buses"
2534,9e6,"MTC PD C2C","DE","Police Car to Car","Law Talk","Twin Cities Metro Transit - Buses"
2536,9e8,"MTC PD TAC 1","D","Police Tactical 1","Law Tac","Twin Cities Metro Transit - Buses"
2538,9ea,"MTC PD TAC 2","D","Police Tactical 2 - Data","Law Tac","Twin Cities Metro Transit - Buses"
2540,9ec,"MTC PD DISPE","D","Transit Police Dispatch - East","Law Dispatch","Twin Cities Metro Transit - Buses"
2542,9ee,"MTC COMMON","D","Transit Common","Transportation","Twin Cities Metro Transit - Buses"
2546,9f2,"MTC MAINT NS","D","Maint Nicollet Shop","Transportation","Twin Cities Metro Transit - Buses"
2548,9f4,"MTC MAINT MP","D","Maint Downtown Mpls Shop","Transportation","Twin Cities Metro Transit - Buses"
2550,9f6,"MTC MAINT BP","D","Maint Brooklyn Park Shop","Transportation","Twin Cities Metro Transit - Buses"
2552,9f8,"MTC MAINT 52","D","Maintenance 2552","Transportation","Twin Cities Metro Transit - Buses"
2554,9fa,"MTC MAINT 54","D","Maintenance 2554","Transportation","Twin Cities Metro Transit - Buses"
2556,9fc,"MTC FAIR SHP","D","Metro Transit State Fair Shop","Transportation","Twin Cities Metro Transit - Buses"
2558,9fe,"MTC STP SHOP","D","Metro Transit St Paul Shop","Transportation","Twin Cities Metro Transit - Buses"
2562,a02,"MTC BUS 2562","D","Bus 2562","Transportation","Twin Cities Metro Transit - Buses"
2564,a04,"MTC MAINT AL","D","Maintenance All Call","Transportation","Twin Cities Metro Transit - Buses"
2566,a06,"MTC FLB MPLS","D","Radio Fallback Minneapolis","Transportation","Twin Cities Metro Transit - Buses"
2568,a08,"MTC FLB","D","Radio Fallback","Transportation","Twin Cities Metro Transit - Buses"
2570,a0a,"MTC FLB BCTR","D","Radio Fallback Brooklyn Center","Transportation","Twin Cities Metro Transit - Buses"
2572,a0c,"MTC FLB STPL","D","Radio Fallback St Paul","Transportation","Twin Cities Metro Transit - Buses"
2574,a0e,"MTC 2574","D","Bus 2574","Transportation","Twin Cities Metro Transit - Buses"
2576,a10,"MTC BUS 13","D","Bus TG 13","Transportation","Twin Cities Metro Transit - Buses"
2578,a12,"MTC BUS 2578","D","Bus 2578","Transportation","Twin Cities Metro Transit - Buses"
2580,a14,"MTC BUS 2580","D","Bus 2580","Transportation","Twin Cities Metro Transit - Buses"
2700,a8c,"CV ANOUNCE","D","Carver Announcement ","Multi-Dispatch","Carver County"
2702,a8e,"CVSO COM 1","D","Carver County Sheriff Info Traffic","Law Dispatch","Carver County"
2704,a90,"CVSO COM 2","D","Carver County Sheriff Info Traffic Overflow","Law Dispatch","Carver County"
2706,a92,"CVSO C2C E","D","Sheriff East Car-to-Car","Law Talk","Carver County"
2708,a94,"CVSO C2C W","D","Sheriff West Car-to-Car","Law Talk","Carver County"
2710,a96,"CV LAW COM","D","Carver Common Law Enforcement","Law Tac","Carver County"
2712,a98,"CV LE ALL","D","Carver County Law Enforcement All","Law Tac","Carver County"
2716,a9c,"CV FIRE MAIN","D","Carver County Fire Main","Fire Dispatch","Carver County"
2718,a9e,"CV FG 1","D","Carver Fireground 1","Fire-Tac","Carver County"
2720,aa0,"CV FG 2","D","Carver Fireground 2","Fire-Tac","Carver County"
2722,aa2,"CV FG 3","D","Carver Fireground 3","Fire-Tac","Carver County"
2724,aa4,"CV FG 4","D","Carver Fireground 4","Fire-Tac","Carver County"
2726,aa6,"CV FG 5","D","Carver Fireground 5","Fire-Tac","Carver County"
2728,aa8,"CV FG 6","D","Carver Fireground 6","Fire-Tac","Carver County"
2730,aaa,"CV FIRE ALL","D","Carver Fire All","Fire-Tac","Carver County"
2732,aac,"CV FD MA 1","D","Carver County Fire MA 1","Fire-Tac","Carver County"
2734,aae,"CV FD MA 2","D","Carver County Fire MA 2","Fire-Tac","Carver County"
2736,ab0,"CVCVR FDADM","D","Carver City Fire Administration","Fire-Talk","Carver County"
2738,ab2,"CHAN FD ADM","D","Chanhassen Fire Administration","Fire-Talk","Carver County"
2740,ab4,"CSKA FD ADM","D","Chaska Fire Administration","Fire-Talk","Carver County"
2742,ab6,"CLGN FD ADM","D","Cologne Fire Administration","Fire-Talk","Carver County"
2744,ab8,"HAMB FD ADM","D","Hamburg Fire Administration","Fire-Talk","Carver County"
2746,aba,"MAYR FD ADM","D","Mayer Fire Administration","Fire-Talk","Carver County"
2748,abc,"NGER FD ADM","D","New Germany Fire Administration","Fire-Talk","Carver County"
2750,abe,"NR YA FD ADM","D","Norwood Young America Fire Administration","Fire-Talk","Carver County"
2752,ac0,"VCTR FD ADM","D","Victoria Fire Administration","Fire-Talk","Carver County"
2754,ac2,"WCNA FD ADM","D","Waconia Fire Administration","Fire-Talk","Carver County"
2756,ac4,"WTWN FD ADM","D","Watertown Fire Administration","Fire-Talk","Carver County"
2758,ac6,"CV FD ROAM","D","Fire Subsystem Roaming","Fire Dispatch","Carver County"
2760,ac8,"CVPWMAIN","D","Carver County PW Highway Dept - Main","Public Works","Carver County"
2762,aca,"CVPWENG2","D","Carver County PW Highway Dept - Engineers","Public Works","Carver County"
2764,acc,"CVPWSUR3","D","Carver County PW Highway Dept - Surveyors","Public Works","Carver County"
2766,ace,"CVPWPRK4","D","Carver County PW Highway Dept - Parks","Public Works","Carver County"
2768,ad0,"CVPWMNT5","D","Carver County PW Highway Dept - Maintenance","Public Works","Carver County"
2770,ad2,"CVPWMNT6","D","Carver County PW Highway Dept - Maintenance","Public Works","Carver County"
2772,ad4,"CVPW7","D","Carver County PW Highway Dept","Public Works","Carver County"
2774,ad6,"CVPW8","D","Carver County PW Highway Dept","Public Works","Carver County"
2778,ada,"CHAN WORKS","D","Chanhassen Fire Public Works","Public Works","Carver County"
2780,adc,"CSKA WORKS","D","Chaska Public Works","Public Works","Carver County"
2782,ade,"CLGN WORKS","D","Cologne Public Works","Public Works","Carver County"
2784,ae0,"HAMB WORKS","D","Hamburg Public Works","Public Works","Carver County"
2786,ae2,"MAYR WORKS","D","Mayer Public Works","Public Works","Carver County"
2788,ae4,"NGER WORKS","D","New Germany Public Works","Public Works","Carver County"
2790,ae6,"VCTR FD OP2","D","Victoria Fire Ops 2","Fire-Tac","Carver County"
2792,ae8,"WCNA WORKS","D","Waconia Public Works","Public Works","Carver County"
2794,aea,"WTWN WORKS","D","Watertown Public Works","Public Works","Carver County"
2796,aec,"NRYA WORKS","D","Norwood Young America City Public Works","Public Works","Carver County"
2798,aee,"LKTN WORKS","D","Laketown Public Works","Public Works","Carver County"
2800,af0,"CVPWCOMN","D","Carver County Countywide Public Works Mutual Aid","Public Works","Carver County"
2802,af2,"CVPW ROAM","D","Carver County Public Works Subsystem Roaming","Public Works","Carver County"
2804,af4,"CVCART","D","Carver County Buses","Transportation","Carver County"
2806,af6,"CVROAM","D","Carver Public Service Roaming Talkgroup","Multi-Dispatch","Carver County"
2808,af8,"CV FD-LE","D","Carver County Fire/LE Shared","Multi-Tac","Carver County"
2810,afa,"CV PW-LE","D","Carver County PW/PS Shared","Multi-Tac","Carver County"
2812,afc,"CVENRMGT","D","Carver County Emergency Management","Emergency Ops","Carver County"
2814,afe,"CVWEATHER","D","Carver County Severe Weather Coordination","Emergency Ops","Carver County"
2816,b00,"CV EMS","D","Carver Countywide EMS","EMS-Tac","Carver County"
2818,b02,"CV TRAIN","D","Carver County Countywide Training","Multi-Talk","Carver County"
2822,b06,"CV CWIDE 1","D","Carver Countywide 1","Multi-Talk","Carver County"
2824,b08,"CV CWIDE 2","D","Carver Countywide 2","Multi-Talk","Carver County"
2828,b0c,"CV-LAW-1E","DE","Law 1E Main","Law Dispatch","Carver County"
2848,b20,"CVSO TAC 1","D","Carver County Sheriff TAC 1","Law Tac","Carver County"
2858,b2a,"CV FIRE ADM","D","Fire Administration","Fire-Talk","Carver County"
2872,b38,"CSKA PD C2C","D","Chaska Police Car-Car","Law Talk","Carver County"
2882,b42,"CSKA PD EVNT","D","Chaska Police Events","Law Talk","Carver County"
2886,b46,"CVSO TAC 2","D","Carver County Sheriff TAC 2","Law Tac","Carver County"
2894,b4e,"CVLAW TAC","DE","Carver Law TAC","Law Tac","Carver County"
2896,b50,"CVLAW TAC","DE","Carver Law TAC","Law Tac","Carver County"
2898,b52,"CVSO TAC 3","D","Carver County Sheriff TAC 3","Law Tac","Carver County"
2900,b54,"MPLS 911","D","MECC Emergency Access","Emergency Ops","Hennepin County - Minneapolis"
2902,b56,"MPLS STREETS","D","Streets","Public Works","Hennepin County - Minneapolis"
2904,b58,"MPLS WATER","D","Water/Sewer","Utilities","Hennepin County - Minneapolis"
2906,b5a,"MPLS ANIMAL","D","Animal Control","Public Works","Hennepin County - Minneapolis"
2908,b5c,"MPLS DPW","D","Dump Trucks","Public Works","Hennepin County - Minneapolis"
2910,b5e,"MPLS SANI 1","D","Sanitation","Public Works","Hennepin County - Minneapolis"
2912,b60,"MPLS ADM","D","City Administration","Public Works","Hennepin County - Minneapolis"
2914,b62,"MPLS SANI 2","D","Sanitation","Public Works","Hennepin County - Minneapolis"
2916,b64,"MPLS SEWER 1","D","Public Works Sewer 1","Utilities","Hennepin County - Minneapolis"
2918,b66,"MPLS SEWER 2","D","Public Works Sewer 2","Utilities","Hennepin County - Minneapolis"
2920,b68,"MPLS PW TECH","D","Public Works Technicians","Public Works","Hennepin County - Minneapolis"
2926,b6e,"MPLS CH SEC","D","City Hall Security","Security","Hennepin County - Minneapolis"
2928,b70,"MPLS COMMON","D","City Common","Public Works","Hennepin County - Minneapolis"
2930,b72,"MPLS SANI","D","Sanitation","Public Works","Hennepin County - Minneapolis"
2960,b90,"MPLS PD 4","D","Police 4 - Overflow/Events","Law Dispatch","Hennepin County - Minneapolis"
2962,b92,"MPLS PD 5 CC","D","Police 5 - Car to Car","Law Tac","Hennepin County - Minneapolis"
2964,b94,"MPLS PD 6 TR","D","Police 6 - Traffic Control/Parking","Law Tac","Hennepin County - Minneapolis"
2966,b96,"MPLS PD 7 RC","D","Police 7 - Records/Warrants","Law Tac","Hennepin County - Minneapolis"
2968,b98,"MPLS PD 8","D","Police 8","Law Tac","Hennepin County - Minneapolis"
2970,b9a,"MPLS PD 9 EV","D","Police 9 - Events","Law Tac","Hennepin County - Minneapolis"
2972,b9c,"MPLS PD 10 CC","D","Police 10 - Car to Car","Law Tac","Hennepin County - Minneapolis"
2974,b9e,"MPLS PD 11","D","Police 11","Law Tac","Hennepin County - Minneapolis"
2982,ba6,"MPLS PD 2982","DE","Police 2982","Law Tac","Hennepin County - Minneapolis"
2984,ba8,"MPLS PD PARK","D","Park Police","Law Dispatch","Hennepin County - Minneapolis"
2986,baa,"MPPD-2E","DE","Police 2E Dispatch","Law Dispatch","Hennepin County - Minneapolis"
2988,bac,"MPPD-3E","DE","Police 3E Dispatch","Law Dispatch","Hennepin County - Minneapolis"
2990,bae,"MPLS PD 2990","DE","Police 2990","Law Tac","Hennepin County - Minneapolis"
2994,bb2,"MPLS PD 2994","DE","Police 2994","Law Tac","Hennepin County - Minneapolis"
2996,bb4,"MPLS PD 2996","DE","Police 2996","Law Tac","Hennepin County - Minneapolis"
3002,bba,"MPLS PD 3002","DE","Police 3002","Law Tac","Hennepin County - Minneapolis"
3008,bc0,"MPPD-ECOM1","DE","Police E Comm 1","Law Tac","Hennepin County - Minneapolis"
3014,bc6,"MPPD-1E","DE","Police 1E Dispatch","Law Dispatch","Hennepin County - Minneapolis"
3016,bc8,"MPLS FD 1","D","Fire Dispatch","Fire Dispatch","Hennepin County - Minneapolis"
3018,bca,"MPLS FD 2","D","Fire Tac 2 Mobiles Only","Fire-Tac","Hennepin County - Minneapolis"
3020,bcc,"MPLS FD 3","D","Fire Tac 3","Fire-Tac","Hennepin County - Minneapolis"
3022,bce,"MPLS FD 4","D","Fire Tac 4","Fire-Tac","Hennepin County - Minneapolis"
3024,bd0,"MPLS FD 5","D","Fire Tac 5","Fire-Tac","Hennepin County - Minneapolis"
3026,bd2,"MPLS FD 6","D","Fire Tac 6","Fire-Tac","Hennepin County - Minneapolis"
3028,bd4,"MPLS FD 7","D","Fire Tac 7","Fire-Tac","Hennepin County - Minneapolis"
3030,bd6,"MPLS FD 8","D","Fire Tac 8 Fire Prevention","Fire-Tac","Hennepin County - Minneapolis"
3032,bd8,"MPLS FD 9","D","Fire Tac 9 Training","Fire-Tac","Hennepin County - Minneapolis"
3034,bda,"MPLS FD 10","D","Fire Truck to Truck","Fire-Tac","Hennepin County - Minneapolis"
3036,bdc,"MPLS FD 11","D","Fire Truck to Truck","Fire-Tac","Hennepin County - Minneapolis"
3040,be0,"MPLS FD SEC","DE","Fire Secure","Fire-Talk","Hennepin County - Minneapolis"
3042,be2,"MPLS FD ALL","D","Fire All Call","Fire-Tac","Hennepin County - Minneapolis"
3044,be4,"MPLS PD ALL","D","Police All Call","Law Tac","Hennepin County - Minneapolis"
3046,be6,"MPLS FD ADM","D","Fire Admin","Fire-Tac","Hennepin County - Minneapolis"
3054,bee,"MPLS WTR","D","Minneapolis Water Dept","Utilities","Hennepin County - Minneapolis"
3056,bf0,"MPLS ELECT","D","Minneapolis  Election Polling Comms","Public Works","Hennepin County - Minneapolis"
3058,bf2,"MPLS SCH SEC","D","Minneapolis Schools Security","Schools","Hennepin County - Minneapolis"
3060,bf4,"MPLS PD SFZN","D","Police Downtown Safezone Security","Law Tac","Hennepin County - Minneapolis"
3068,bfc,"HC Election HQ","D","Election HQ","Public Works","Hennepin County"
3076,c04,"MPLS PD 3076","DE","Minneapolis Police 3076","Law Tac","Hennepin County - Minneapolis"
3080,c08,"MPLS PD 3080","DE","Minneapolis Police 3080","Law Tac","Hennepin County - Minneapolis"
3082,c0a,"MPLS RADIO TECH","D","Radio Techs","Public Works","Hennepin County - Minneapolis"
3092,c14,"MPLS PD 3092","DE","Minneapolis Police 3092","Law Tac","Hennepin County - Minneapolis"
3103,c1f,"MPLS ALL","D","Minneapolis Adm All","Emergency Ops","Hennepin County - Minneapolis"
3300,ce4,"LRAIL ALL CL","D","LRAIL All Call","Transportation","Twin Cities Metro Transit - Light Rail"
3302,ce6,"LRAIL OPS","D","LRAIL Operations","Transportation","Twin Cities Metro Transit - Light Rail"
3304,ce8,"LRAIL MAINT","D","LRAIL Maintenance","Transportation","Twin Cities Metro Transit - Light Rail"
3306,cea,"LRAIL YARD","D","LRAIL Yard - RCC Ops","Transportation","Twin Cities Metro Transit - Light Rail"
3308,cec,"LRAIL SUPV","D","LRAIL Supervisors","Transportation","Twin Cities Metro Transit - Light Rail"
3310,cee,"LRAIL FACILT","D","LRAIL Facilities","Transportation","Twin Cities Metro Transit - Light Rail"
3312,cf0,"LRAIL MAC TA","D","LRAIL MAC Tactical","Transportation","Twin Cities Metro Transit - Light Rail"
3314,cf2,"LRAIL MAIN","D","LRAIL Main","Transportation","Twin Cities Metro Transit - Light Rail"
3316,cf4,"LRAIL OPS","D","LRAIL Operations","Transportation","Twin Cities Metro Transit - Light Rail"
3318,cf6,"LRAIL EMRG 6","D","LRAIL Emergency Ch 6","Transportation","Twin Cities Metro Transit - Light Rail"
3320,cf8,"LRAIL BLUE M","D","LRAIL Blue Main","Transportation","Twin Cities Metro Transit - Light Rail"
3322,cfa,"LRAIL EMRG 2","D","LRAIL Blue Emergency 2","Transportation","Twin Cities Metro Transit - Light Rail"
3324,cfc,"LRAIL OPS","D","LRAIL Rail Ops","Transportation","Twin Cities Metro Transit - Light Rail"
3326,cfe,"LRAIL MAIN N","D","LRAIL North Main","Transportation","Twin Cities Metro Transit - Light Rail"
3350,d16,"MetroMob N-E","D","Metro Mobility East - North","Transportation","Twin Cities Metro Transit - Metro Mobility"
3352,d18,"MetroMob CNT","D","Metro Mobility Central","Transportation","Twin Cities Metro Transit - Metro Mobility"
3356,d1c,"MetroMob","D","Metro Mobility","Transportation","Twin Cities Metro Transit - Metro Mobility"
3358,d1e,"MetroMob W-S","D","Metro Mobility West - South","Transportation","Twin Cities Metro Transit - Metro Mobility"
3360,d20,"MetroMobEdin","D","Metro Mobility Edina","Transportation","Twin Cities Metro Transit - Metro Mobility"
3362,d22,"MetroMobBrkC","D","Metro Mobility Brooklyn Center","Transportation","Twin Cities Metro Transit - Metro Mobility"
3366,d26,"MetroMob SE","D","Metro Mobility South - East","Transportation","Twin Cities Metro Transit - Metro Mobility"
3401,d49,"USMS STWD","DE","US Marshal Service1 Statewide","Federal","Federal Agencies"
3403,d4b,"USMS METRO 1","DE","US Marshal Service1 Metro 1","Federal","Federal Agencies"
3405,d4d,"USMS METRO 2","DE","US Marshal Service1 Metro 2 ","Federal","Federal Agencies"
3407,d4f,"USMS ZONE 1","DE","US Marshal Service1 Zone 1","Federal","Federal Agencies"
3409,d51,"USMS ZONE 2","DE","US Marshal Service1 Zone 2","Federal","Federal Agencies"
3411,d53,"USMS ZONE 3","DE","US Marshal Service1 Zone 3","Federal","Federal Agencies"
3413,d55,"USMS ZONE 4","DE","US Marshal Service1 Zone 4","Federal","Federal Agencies"
3415,d57,"USMS ZONE 5","DE","US Marshal Service1 Zone 5","Federal","Federal Agencies"
3416,d58,"RICE 911","D","Rice County 911","Multi-Dispatch","Minnesota Department of Public Safety - Statewide 911"
3417,d59,"USMS ZONE 6","DE","US Marshal Service1 Zone 6","Federal","Federal Agencies"
3418,d5a,"PIERCE 911","D","Pierce County, WI 911","Multi-Dispatch","Minnesota Department of Public Safety - Statewide 911"
3419,d5b,"USMS 10","DE","US Marshal Service1 10","Federal","Federal Agencies"
3420,d5c,"MAC 911","D","Metro Airport Comm 911 Center","Multi-Dispatch","Minnesota Department of Public Safety - Statewide 911"
3421,d5d,"USMS 11","DE","US Marshal Service1 11","Federal","Federal Agencies"
3422,d5e,"ANOKA 911","D","Anoka 911 Center","Multi-Dispatch","Minnesota Department of Public Safety - Statewide 911"
3423,d5f,"USMS 12","DE","US Marshal Service1 12","Federal","Federal Agencies"
3426,d62,"BLMGTN 911","D","Bloomington 911 Center","Multi-Dispatch","Minnesota Department of Public Safety - Statewide 911"
3428,d64,"SC 911","D","St. Croix 911","Multi-Dispatch","Minnesota Department of Public Safety - Statewide 911"
3432,d68,"CHISAGO 911","D","Chisago County 911","Multi-Dispatch","Minnesota Department of Public Safety - Statewide 911"
3436,d6c,"DAKOTA 911","D","Dakota County 911 Center","Multi-Dispatch","Minnesota Department of Public Safety - Statewide 911"
3440,d70,"EP 911","D","Eden Prairie 911 Center","Multi-Dispatch","Minnesota Department of Public Safety - Statewide 911"
3442,d72,"EDINA 911","D","Edina 911 Center","Multi-Dispatch","Minnesota Department of Public Safety - Statewide 911"
3444,d74,"HOPKINS 911","D","Hopkins 911 Center","Multi-Dispatch","Minnesota Department of Public Safety - Statewide 911"
3446,d76,"ISANTI 911","D","Isanti County 911","Multi-Dispatch","Minnesota Department of Public Safety - Statewide 911"
3450,d7a,"MNTKA 911","D","Minnetonka 911 Center","Multi-Dispatch","Minnesota Department of Public Safety - Statewide 911"
3452,d7c,"RAMSEY 911","D","Ramsey County 911 Access","Multi-Dispatch","Minnesota Department of Public Safety - Statewide 911"
3454,d7e,"SCOTT 911","D","Scott County 911 Center","Multi-Dispatch","Minnesota Department of Public Safety - Statewide 911"
3456,d80,"SHERBN 911","D","Sherburne County 911","Multi-Dispatch","Minnesota Department of Public Safety - Statewide 911"
3458,d82,"SIBLEY 911","D","Sibley County 911","Multi-Dispatch","Minnesota Department of Public Safety - Statewide 911"
3460,d84,"SLP 911","D","St Louis Park 911 Center","Multi-Dispatch","Minnesota Department of Public Safety - Statewide 911"
3462,d86,"ST PAUL 911","D","St. Paul 911","Multi-Dispatch","Minnesota Department of Public Safety - Statewide 911"
3464,d88,"WASH CO 911","D","Washington County 911","Multi-Dispatch","Minnesota Department of Public Safety - Statewide 911"
3468,d8c,"WBLK 911","D","White Bear Lake 911","Multi-Dispatch","Minnesota Department of Public Safety - Statewide 911"
3470,d8e,"WRIGHT 911","D","Wright County 911","Multi-Dispatch","Minnesota Department of Public Safety - Statewide 911"
3472,d90,"UM 911","D","University of Minnesota 911","Multi-Dispatch","Minnesota Department of Public Safety - Statewide 911"
3496,da8,"TRIBAL OPS1","D","Tribal Council Operations 1","Interop","Statewide Interoperability "
3500,dac,"TSA MSP EOC","D","TSA MSP Airport Emergency Operation Center","Federal","MAC MSP International Airport"
3580,dfc,"UMN SEC","D","Security Monitors","Security","University of Minnesota - Twin Cities Campus"
3582,dfe,"UM DEM 2","D","Dept of Emergency Management 2","Emergency Ops","University of Minnesota - Twin Cities Campus"
3584,e00,"UM DEM 1","D","Dept of Emergency Management 1","Emergency Ops","University of Minnesota - Twin Cities Campus"
3586,e02,"UM COM","D","University Common","Schools","University of Minnesota - Twin Cities Campus"
3588,e04,"UM DEHS","D","Dept of Environmental Health Safety","Public Works","University of Minnesota - Twin Cities Campus"
3590,e06,"UM OPS","D","UM Ops","Schools","University of Minnesota - Twin Cities Campus"
3591,e07,"UMDPS(1)","DE","Dept of Public Safety Dispatch","Law Dispatch","University of Minnesota - Twin Cities Campus"
3593,e09,"UMDPS(2)","DE","Dept of Public Safety Tac (2)","Law Tac","University of Minnesota - Twin Cities Campus"
3595,e0b,"UMDPS(3)","DE","Dept of Public Safety Tac (3)","Law Tac","University of Minnesota - Twin Cities Campus"
3597,e0d,"UMDPS(4)","DE","Dept of Public Safety Tac (4)","Law Tac","University of Minnesota - Twin Cities Campus"
3598,e0e,"UMDPS OA","D","UMDPS Outside Agency Contact","Law Talk","University of Minnesota - Twin Cities Campus"
3599,e0f,"UMDPS(5)","DE","Dept of Public Safety Tac (5)","Law Tac","University of Minnesota - Twin Cities Campus"
3600,e10,"WA PW 1","D","Public Works Highway 1 North","Public Works","Washington County"
3601,e11,"WA PW MAINT","D","Public Works Highway Maint","Public Works","Washington County"
3602,e12,"WA PW 2","D","Public Works Highway 2 South","Public Works","Washington County"
3603,e13,"WA PW FLAG","D","Public Works Highway Flaggers","Public Works","Washington County"
3604,e14,"WA PW 3","D","Public Works Parks ","Public Works","Washington County"
3605,e15,"WA PW(6)","D","Public Works Parks Law","Public Works","Washington County"
3609,e19,"WA PW SRVY","D","Public Works Survey Crew","Public Works","Washington County"
3612,e1c,"WA GOVT CTR 1","D","County Govt Center Building Services 1","Public Works","Washington County"
3614,e1e,"WA GOVT CTR 2","D","County Govt Center Building Services 2","Public Works","Washington County"
3616,e20,"WA GOVT CTR 3","D","County Govt Center Building Services 3","Public Works","Washington County"
3619,e23,"WA FIRE ALL","D","Fire All Call","Fire Dispatch","Washington County"
3622,e26,"WA SO C2C","DE","Sheriff Car to Car","Law Tac","Washington County"
3623,e27,"WA LAW A","DE","Law A","Law Tac","Washington County"
3624,e28,"WA TRAFFIC","DE","County Law Enforcement-Information","Law Tac","Washington County"
3626,e2a,"WA TRAFIC S","DE","Law Traffic Spare","Law Tac","Washington County"
3628,e2c,"WA LE OPS 3","DE","Law Ops 3","Law Tac","Washington County"
3630,e2e,"WALAW1","DE","Law 1","Law Dispatch","Washington County"
3632,e30,"WA LE OPS 5","DE","Law Ops 5","Law Tac","Washington County"
3634,e32,"WALAW2","DE","Law 2","Law Dispatch","Washington County"
3636,e34,"WA LE OPS 7","DE","Law Ops 7 ","Law Tac","Washington County"
3638,e36,"WADATA","DE","Law Data","Law Talk","Washington County"
3640,e38,"WA EVENT 7","D","Event 7","Multi-Talk","Washington County"
3642,e3a,"WA EVENT 8","D","Event 8","Multi-Talk","Washington County"
3644,e3c,"WA EVENT 9","D","Event  9","Multi-Talk","Washington County"
3646,e3e,"WA EVENT 10","D","Event 10","Multi-Talk","Washington County"
3648,e40,"WA EVENT 11","D","Event  11","Multi-Talk","Washington County"
3650,e42,"WA EVENT 12","D","Event  12","Multi-Talk","Washington County"
3651,e43,"WA LAW B","DE","Law B","Law Tac","Washington County"
3652,e44,"WA LE ROAM","D","Law Enforcement Roam","Law Dispatch","Washington County"
3653,e45,"WA 3653","D","Washington 3653","Multi-Tac","Washington County"
3654,e46,"WA 911 EMG","D","Emergency Buttons - 911","Emergency Ops","Washington County"
3656,e48,"WA LAW ALL","DE","Law All Call","Law Dispatch","Washington County"
3658,e4a,"WA NTF OPS3","DE","Narcotics 3","Law Tac","Washington County"
3660,e4c,"WA SRT OPS1","DE","SRT 1","Law Tac","Washington County"
3662,e4e,"WA SRT OPS2","DE","SRT 2","Law Tac","Washington County"
3663,e4f,"WA LAW 663","DE","Law 663","Law Tac","Washington County"
3664,e50,"WA SRT OPS3","DE","SRT 3","Law Tac","Washington County"
3666,e52,"WA CO PD INV","DE","All Washington Co PD Investigators","Law Tac","Washington County"
3668,e54,"BYPRT PD C2C","DE","Bayport Police Car to Car","Law Tac","Washington County"
3672,e58,"CGRV PD C2C","DE","Cottage Grove Police Car to Car","Law Tac","Washington County"
3678,e5e,"FRLK PD C2C","DE","Forest Lake Police Car to Car","Law Tac","Washington County"
3686,e66,"OAKDL PD C2C","DE","Oakdale Police Car to Car","Law Tac","Washington County"
3692,e6c,"OKPH PD C2C","DE","Oak Park Heights Police Car to Car","Law Tac","Washington County"
3698,e72,"SPPK PD C2C","DE","St Paul Park Police Car to Car","Law Tac","Washington County"
3702,e76,"SWTR PD C2C","DE","Stillwater Police Car To Car","Law Tac","Washington County"
3706,e7a,"WBRY PD C2C","DE","Woodbury Police Car to Car","Law Tac","Washington County"
3708,e7c,"WBRY PD","DE","Woodbury Police","Law Tac","Washington County"
3712,e80,"WA SO 712","DE","Sheriff 712","Law Tac","Washington County"
3720,e88,"WA WCSO INV","DE","Sheriff Investigations","Law Tac","Washington County"
3722,e8a,"WA JAIL OP 1","DE","Jail Operations 1","Corrections","Washington County"
3724,e8c,"WA JAIL OP 2","DE","Jail Operations 2","Corrections","Washington County"
3728,e90,"WA JAIL OP 3","DE","Jail Operations 3","Corrections","Washington County"
3734,e96,"WA WTR PTRL","DE","County Water Patrol","Law Tac","Washington County"
3750,ea6,"WA FIRE DISP","D","Fire Main Dispatch","Fire Dispatch","Washington County"
3752,ea8,"WA FIRE SEC","D","Fire Secondary Dispatch","Fire Dispatch","Washington County"
3754,eaa,"WA FD T2T","D","Fire Truck to Truck","Fire-Tac","Washington County"
3756,eac,"WA FD TAC A","D","Fire Tac A","Fire-Tac","Washington County"
3758,eae,"WA FD TAC B","D","Fire Tac B","Fire-Tac","Washington County"
3760,eb0,"WA FD TAC C","D","Fire Tac C","Fire-Tac","Washington County"
3762,eb2,"WA FD TAC D","D","Fire Tac D","Fire-Tac","Washington County"
3764,eb4,"WA FD TAC E","D","Fire Tac E","Fire-Tac","Washington County"
3766,eb6,"WA FD TAC F","D","Fire Tac F","Fire-Tac","Washington County"
3768,eb8,"WA FD DIVE","D","Fire Dive Team","Fire-Tac","Washington County"
3770,eba,"WA FD ROAM","D","Fire Dept Roaming","Fire Dispatch","Washington County"
3772,ebc,"WA FIRE EMG","D","Fire Emergency","Fire-Tac","Washington County"
3774,ebe,"WA FIRE ALL","D","Fire All Call","Fire Dispatch","Washington County"
3776,ec0,"BYPT FIRE 2","D","Bayport Fire Ops 2","Fire-Tac","Washington County"
3778,ec2,"BYPT FIRE 3","D","Bayport Fire Ops 3","Fire-Tac","Washington County"
3780,ec4,"CGRV FIRE 2","D","Cottage Grove Fire Ops 2","Fire-Tac","Washington County"
3782,ec6,"CGRV FIRE 3","D","Cottage Grove Fire Ops 3","Fire-Tac","Washington County"
3784,ec8,"FRLK FIRE 2","D","Forest Lake Fire Ops 2","Fire-Tac","Washington County"
3786,eca,"FRLK FIRE 3","D","Forest Lake Fire Ops 3","Fire-Tac","Washington County"
3788,ecc,"HUGO FIRE 2","D","Hugo Fire Ops 2","Fire-Tac","Washington County"
3790,ece,"HUGO FIRE 3","D","Hugo Fire Ops 3","Fire-Tac","Washington County"
3792,ed0,"LKEL FIRE 2","D","Lake Elmo Fire Ops 2","Fire-Tac","Washington County"
3794,ed2,"LKEL FIRE 3","D","Lake Elmo Fire Ops 3","Fire-Tac","Washington County"
3796,ed4,"LSCV FIRE 2","D","Lower St. Croix Vly. Fire Ops 2","Fire-Tac","Washington County"
3798,ed6,"LSCV FIRE 3","D","Lower St. Croix Vly. Fire Ops 3","Fire-Tac","Washington County"
3800,ed8,"MTMD FIRE 2","D","Mahtomedi Fire Ops 2","Fire-Tac","Washington County"
3802,eda,"MTMD FIRE 3","D","Mahtomedi Fire Ops 3","Fire-Tac","Washington County"
3804,edc,"MSCX FIRE 2","D","Marine on St. Croix Fire Ops 2","Fire-Tac","Washington County"
3806,ede,"MSCX FIRE 3","D","Marine on St. Croix Fire Ops 3","Fire-Tac","Washington County"
3808,ee0,"NWPT FIRE 2","D","Newport Fire Ops 2","Fire-Tac","Washington County"
3810,ee2,"NWPT FIRE 3","D","Newport Fire Ops 3","Fire-Tac","Washington County"
3812,ee4,"OAKD FIRE 2","D","Oakdale Fire Ops 2 - 7200","Fire-Tac","Washington County"
3814,ee6,"OAKD FIRE 3","D","Oakdale Fire Ops 3 - 7200 ","Fire-Tac","Washington County"
3816,ee8,"SCND FIRE 2","D","Scandia Fire Ops 2","Fire-Tac","Washington County"
3818,eea,"SCND FIRE 3","D","Scandia Fire Ops 3","Fire-Tac","Washington County"
3819,eeb,"WA 3819","D","Washington 3919","Multi-Tac","Washington County"
3820,eec,"SPPK FIRE 2","D","St. Paul Park Fire Ops 2","Fire-Tac","Washington County"
3822,eee,"SPPK FIRE 3","D","St. Paul Park Fire Ops 3","Fire-Tac","Washington County"
3824,ef0,"SWTR FIRE 2","D","Stillwater Fire Ops 2","Fire-Tac","Washington County"
3826,ef2,"SWTR FIRE 3","D","Stillwater Fire Ops 3","Fire-Tac","Washington County"
3828,ef4,"WBRY FD OPS","D","Woodbury Fire Ops","Fire-Tac","Washington County"
3830,ef6,"WBRY FD ADM","D","Woodbury Fire Admin","Fire-Tac","Washington County"
3832,ef8,"WA FIRE","D","Fire","Fire-Tac","Washington County"
3836,efc,"WA SPPRFD OPS2 ","D","St Paul Park Refinery Fire Ops 2","Fire-Tac","Washington County"
3850,f0a,"WA BOSPSCOM","D","Bayport, Oak Park Heights, Stillwater, PS Common","Multi-Talk","Washington County"
3852,f0c,"WA CSNPSCOM","D","Cottage Grove, St. Paul Park, Newport Public Safety Common","Multi-Talk","Washington County"
3854,f0e,"FRLK PS COM","D","Forest Lake Public Safety Common","Multi-Talk","Washington County"
3856,f10,"HUGO PS COM","D","Hugo Public Safety Common","Multi-Talk","Washington County"
3858,f12,"LKEL PS COM","D","Lake Elmo Public Safety Common","Multi-Talk","Washington County"
3860,f14,"LSCV PS COM","D","Lower St Croix Vly Public Safety Common","Multi-Talk","Washington County"
3862,f16,"MTMD COM","D","Mahtomedi Public Safety Common","Multi-Talk","Washington County"
3864,f18,"WA MS PSCOM","D","Marine/Scandia Public Safety Common","Multi-Talk","Washington County"
3866,f1a,"OAKD PS COM","D","City of Oakdale Public Safety Common","Multi-Talk","Washington County"
3868,f1c,"WBRY PSCOM","D","Woodbury Public Saftey Common","Multi-Talk","Washington County"
3870,f1e,"WA PS COM","D","Washington County Public Safety Common","Multi-Talk","Washington County"
3882,f2a,"WBRY STREETS","D","Woodbury Public Works - Streets","Public Works","Washington County"
3890,f32,"WA HWY MNT","D","Highway Maintenance Crew","Public Works","Washington County"
3894,f36,"WA HEALTH","D","Public Health","Emergency Ops","Washington County"
3898,f3a,"WA ROAM","D","County Roam","Multi-Dispatch","Washington County"
3900,f3c,"WA ROAM ALL","D","County Roam All","Multi-Dispatch","Washington County"
3902,f3e,"WASWDPW","D","Stillwater DPW","Public Works","Washington County"
3906,f42,"WAODDPW","D","Oakdale DPW","Public Works","Washington County"
3912,f48,"WANPDPW","D","Newport DPW","Public Works","Washington County"
3914,f4a,"WAFLPW","D","Forest Lake DPW","Public Works","Washington County"
3942,f66,"WALEDPW","D","Lake Elmo DPW","Public Works","Washington County"
3944,f68,"WALEDPW2","D","Lake Elmo DPW 2","Public Works","Washington County"
3950,f6e,"BYPT COM","D","Bayport City Common","Multi-Talk","Washington County"
3952,f70,"CGRV COM","D","Cottage Grove City Common","Public Works","Washington County"
3954,f72,"FRLK COM","D","Forest Lake City Common","Multi-Talk","Washington County"
3956,f74,"HUGO COM","D","Hugo City Common","Multi-Talk","Washington County"
3958,f76,"LKEL COM","D","Lake Elmo City Common","Multi-Talk","Washington County"
3960,f78,"LSCV COM","D","Lower St Croix Vly City Common","Multi-Talk","Washington County"
3962,f7a,"MSCX COM","D","Marine on St Croix City Common","Multi-Talk","Washington County"
3964,f7c,"MSCX COM","D","Marine on St Croix City Common","Multi-Talk","Washington County"
3966,f7e,"NWPT COM","D","Newport City Common","Multi-Talk","Washington County"
3968,f80,"OAKD COM","D","Oakdale City Common","Multi-Talk","Washington County"
3970,f82,"OKPH COM","D","Oak Park Heights City Common","Multi-Talk","Washington County"
3972,f84,"SCND COM","D","Scandia City Common","Multi-Talk","Washington County"
3974,f86,"SPPK COM","D","St Paul Park City Common","Multi-Talk","Washington County"
3976,f88,"SWTR COM","D","Stillwater City Common","Multi-Talk","Washington County"
3978,f8a,"WBRY COM","D","Woodbury City Common","Multi-Talk","Washington County"
3980,f8c,"WA CO COM","D","All Washington County Users Common","Multi-Talk","Washington County"
4200,1068,"DK FIRE E","D","Fire East Main","Fire Dispatch","Dakota County"
4202,106a,"DK FIRE W","D","Fire West Main","Fire Dispatch","Dakota County"
4204,106c,"DK FG 4","D","Dakota County Fireground 4","Fire-Tac","Dakota County"
4206,106e,"DK FG 5","D","Dakota County Fireground 5","Fire-Tac","Dakota County"
4208,1070,"DK FG 6","D","Dakota County Fireground 6","Fire-Tac","Dakota County"
4210,1072,"DK FG 7","D","Dakota County Fireground 7","Fire-Tac","Dakota County"
4212,1074,"DK FG 8","D","Dakota County Fireground 8","Fire-Tac","Dakota County"
4214,1076,"APVLY FD OP2","D","Apple Valley Fire Ops 2","Fire-Tac","Dakota County"
4216,1078,"BURN FD OP2","D","Burnsville Fire Ops 2","Fire-Tac","Dakota County"
4218,107a,"EGAN FD OP2","D","Eagan Fire Ops 2","Fire-Tac","Dakota County"
4220,107c,"FARM FD OP2","D","Farmington Fire Ops 2","Fire-Tac","Dakota County"
4222,107e,"HAST FD OP2","D","Hastings Fire Ops 2","Fire-Tac","Dakota County"
4224,1080,"HRAN FD OP2","D","Hampton - Randolph Fire Ops 2","Fire-Tac","Dakota County"
4226,1082,"IGH FD OP2","D","Inver Grove Heights Fire Ops 2","Fire-Tac","Dakota County"
4228,1084,"LKVL FD OP2","D","Lakeville Fire Ops 2","Fire-Tac","Dakota County"
4230,1086,"MHTS OP2","D","Mendota Heights Fire Ops 2","Fire-Tac","Dakota County"
4232,1088,"MSVL FD OP2","D","Miesville Fire Ops 2","Fire-Tac","Dakota County"
4234,108a,"RSMT FD OP2","D","Rosemount Fire Ops 2","Fire-Tac","Dakota County"
4236,108c,"DK SM OP2","D","South Metro SSP - WSP Fire Ops 2","Fire-Tac","Dakota County"
4238,108e,"APVLY FD OP3","D","Apple Valley Fire Ops 3","Fire-Tac","Dakota County"
4240,1090,"BURN FD OP3","D","Burnsville Fire Ops 3","Fire-Tac","Dakota County"
4242,1092,"EGAN FD OP3","D","Eagan Fire Ops 3","Fire-Tac","Dakota County"
4244,1094,"FARM FD OP3","D","Farmington Fire Ops 3","Fire-Tac","Dakota County"
4246,1096,"HAST FD OP3","D","Hastings Fire Ops 3","Fire-Tac","Dakota County"
4248,1098,"HRAN FD OP3","D","Hampton - Randolph Fire Ops 3","Fire-Tac","Dakota County"
4250,109a,"IGH FD OP3","D","Inver Grove Heights Fire Ops 3","Fire-Tac","Dakota County"
4252,109c,"LKVL FD OP3","D","Lakeville Fire Ops 3","Fire-Tac","Dakota County"
4254,109e,"MHTS OP3","D","Mendota Heights Fire Ops 3","Fire-Tac","Dakota County"
4256,10a0,"MSVL FD OP3","D","Miesville Fire Ops 3","Fire-Tac","Dakota County"
4258,10a2,"RSMT FD OP3","D","Rosemount Fire Ops 3","Fire-Tac","Dakota County"
4260,10a4,"DK SM OP3","D","South Metro Fire Ops 3 (SSP/WSP)","Fire-Tac","Dakota County"
4262,10a6,"DK F ROAM","D","Fire Statewide Roaming","Fire Dispatch","Dakota County"
4272,10b0,"DKFIREPAGE","D","Fire Paging","Fire Dispatch","Dakota County"
4306,10d2,"DK TAC 4","D","Dakota County Tac 4","Law Tac","Dakota County"
4308,10d4,"DK CAR-CAR","D","Dakota County Car to Car","Law Tac","Dakota County"
4310,10d6,"DK TAC 10","D","Dakota County Tac 10","Law Tac","Dakota County"
4312,10d8,"DK TAC 11","D","Dakota County Tac 11","Law Tac","Dakota County"
4314,10da,"DK TAC 12","D","Dakota County Tac 12","Law Tac","Dakota County"
4316,10dc,"DK TAC 13","D","Dakota County Tac 13","Law Tac","Dakota County"
4318,10de,"DK TAC 14","D","Dakota County Tac 14","Law Tac","Dakota County"
4320,10e0,"DK TAC 15","D","Dakota County Tac 15","Law Tac","Dakota County"
4322,10e2,"DK LTAC 22","De","Dakota LTAC 22","Law Tac","Dakota County"
4324,10e4,"DK LTAC 24","De","Dakota LTAC 24","Law Tac","Dakota County"
4328,10e8,"DK MAAG 1","DE","Dakota County MAAG 1","Law Tac","Dakota County"
4332,10ec,"DK SPEVENT 1","D","Dakota County Spec Event 1","Law Tac","Dakota County"
4334,10ee,"DK SPEVENT 2","D","Dakota County Spec Event 2","Law Tac","Dakota County"
4336,10f0,"DK SPEVENT 3","D","Dakota County Spec Event 3","Law Tac","Dakota County"
4338,10f2,"DK SPEVENT 4","D","Dakota County Spec Event 4","Law Tac","Dakota County"
4340,10f4,"DK SPEVENT 5","D","Dakota County Spec Event 5","Law Tac","Dakota County"
4342,10f6,"APVLY PD OP3","D","Apple Valley Police Ops 3","Law Tac","Dakota County"
4344,10f8,"BURN PD OP3","D","Burnsville Police Ops 3","Law Tac","Dakota County"
4346,10fa,"DK SO TAC","D","SO Tactical","Law Tac","Dakota County"
4348,10fc,"EGAN PD OP3","D","Eagan Police  3300 Ops 3","Law Tac","Dakota County"
4350,10fe,"FARM PD OP3","D","Farmington Police Ops 3","Law Tac","Dakota County"
4352,1100,"HAST PD OP3","D","Hastings Police Ops 3","Law Tac","Dakota County"
4354,1102,"IGH PD OP3","D","Inver Grove Heights Police Ops 3","Law Tac","Dakota County"
4356,1104,"LKVL PD OP3","D","Lakeville Police Ops 3","Law Tac","Dakota County"
4358,1106,"MHTS PD OP3","D","Mendota Heights Police Ops 3","Law Tac","Dakota County"
4360,1108,"RSMT PD OP3","D","Rosemount Police Ops 3","Law Tac","Dakota County"
4362,110a,"SSPL FD OP3","D","South St Paul Fire Ops 3","Law Tac","Dakota County"
4364,110c,"WSPL PD OP3","D","West St Paul Police Ops 3","Law Tac","Dakota County"
4366,110e,"APVLY PD OP4","D","Apple Valley Police Ops 4","Law Tac","Dakota County"
4368,1110,"BURN PD","D","Burnsville Police","Law Tac","Dakota County"
4370,1112,"DK LE COMM","D","Law Enforcement Common","Law Tac","Dakota County"
4372,1114,"EGAN PD","D","Eagan Police - 3300","Law Tac","Dakota County"
4374,1116,"FARM PD","D","Farmington Police","Law Tac","Dakota County"
4376,1118,"HAST PD","D","Hastings Police - 1400","Law Tac","Dakota County"
4378,111a,"IGH PD","D","Inver Grove Heights Police - 3600","Law Tac","Dakota County"
4380,111c,"LKVL PD","D","Lakeville Police - 4800","Law Tac","Dakota County"
4382,111e,"MHTS PD","D","Mendota Heights Police - 2200","Law Tac","Dakota County"
4384,1120,"RSMT PD","D","Rosemount Police - 3500","Law Tac","Dakota County"
4386,1122,"SSPL PD","D","South St. Paul Police - 2100","Law Tac","Dakota County"
4388,1124,"WSPL PD","D","West St. Paul Police - 2600","Law Tac","Dakota County"
4390,1126,"APVLY PD ADM","D","Apple Valley Police Admin","Law Tac","Dakota County"
4392,1128,"BURN PD ADM","D","Burnsville Police Admin","Law Tac","Dakota County"
4396,112c,"EGAN PD ADM","D","Eagan Police  3300 Admin","Law Tac","Dakota County"
4398,112e,"FARM PD ADM","D","Farmington Police Admin","Law Tac","Dakota County"
4400,1130,"HAST PD ADM","D","Hastings Police Admin","Law Tac","Dakota County"
4402,1132,"IGH PD ADM","D","Inver Grove Heights Police Admin","Law Tac","Dakota County"
4404,1134,"LKVL PD ADM","D","Lakeville Police Admin","Law Tac","Dakota County"
4406,1136,"MHTS PD ADM","D","Mendota Heights Police Admin","Law Tac","Dakota County"
4408,1138,"RSMT PD ADM","D","Rosemount Police Admin","Law Tac","Dakota County"
4410,113a,"SSPL PD ADM","D","South St Paul Police Admin","Law Tac","Dakota County"
4412,113c,"WSPL PD ADM","D","West St Paul Police Admin","Law Tac","Dakota County"
4414,113e,"DK POOL 5 ?","D","Dakota County Pool 5 ?","Multi-Tac","Dakota County"
4416,1140,"DK POOL 6","D","Dakota County Pool 6","Multi-Tac","Dakota County"
4418,1142,"DK POOL 7","D","Dakota County Pool 7","Multi-Tac","Dakota County"
4424,1148,"DK JAIL 1","D","Jail 1","Corrections","Dakota County"
4426,114a,"DK INC CMD 1","D","Incident Command 1","Law Tac","Dakota County"
4428,114c,"DK INC CMD 2","D","Incident Command 2","Law Tac","Dakota County"
4430,114e,"DK COURT 1","D","Courts 1","Law Tac","Dakota County"
4432,1150,"DK COURT 2","D","Courts 2","Law Tac","Dakota County"
4434,1152,"DK COURT 3","D","Courts 3","Law Tac","Dakota County"
4436,1154,"DK INFO","D","Information","Law Tac","Dakota County"
4438,1156,"DK ADMIN","D","Administration","Public Works","Dakota County"
4440,1158,"DK LE ROAM 1","D","Law Roaming 1","Law Dispatch","Dakota County"
4442,115a,"DK SOT MAIN","D","SOT Main","Public Works","Dakota County"
4444,115c,"DK SOT SEC","D","SOT Alternate","Public Works","Dakota County"
4506,119a,"DK ALL","D","Dakota All  4500 - 4502 - 4504","Multi-Tac","Dakota County"
4545,11c1,"DKLAW1","DE","Law 1","Law Dispatch","Dakota County"
4546,11c2,"DKLAW2","DE","Law 2","Law Dispatch","Dakota County"
4547,11c3,"DKLAW3","DE","Law 3","Law Dispatch","Dakota County"
4548,11c4,"DKLAW(4)","D","Law (4)","Law Tac","Dakota County"
4555,11cb,"DKLAW(5)","DE","Law (5)","Law Tac","Dakota County"
4558,11ce,"DKLAW(6)","DE","Law (6)","Law Tac","Dakota County"
4577,11e1,"DK IHCCEMS 1","D","Inver Hills Community College EMS program 1","Schools","Dakota County"
4579,11e3,"DK IHCCEMS 2","D","Inver Hills Community College EMS program 2","Schools","Dakota County"
4600,11f8,"DK COMMON","D","County Common","Public Works","Dakota County"
4602,11fa,"DK PW COMM","D","Public Works Common","Public Works","Dakota County"
4604,11fc,"DK HWY ALL","D","Highway Dept Main","Public Works","Dakota County"
4606,11fe,"DK HWY DEPT","D","Highway Dept Secondary","Public Works","Dakota County"
4608,1200,"DK SURVEY","D","Surveyor","Public Works","Dakota County"
4610,1202,"DK FACLT 1","D","Facilities 1","Public Works","Dakota County"
4612,1204,"DK FACLT 2","D","Facilities 2","Public Works","Dakota County"
4614,1206,"DK FACLT 3","D","Facilities 3","Public Works","Dakota County"
4616,1208,"APVLY WRKS 1","D","Apple Valley Public Works 1","Public Works","Dakota County"
4618,120a,"APVLY WRKS 2","D","Apple Valley Public Works 2","Public Works","Dakota County"
4620,120c,"APVLY COMM","D","Apple Valley Public Common","Public Works","Dakota County"
4622,120e,"BURN WORKS 1","D","Burnsville Public Works 1","Public Works","Dakota County"
4624,1210,"BURN WORKS 2","D","Burnsville Public Works 2","Public Works","Dakota County"
4626,1212,"BURN COMM","D","Burnsville Public Common","Public Works","Dakota County"
4628,1214,"EGAN WORKS 1","D","Eagan Public Works 1","Public Works","Dakota County"
4630,1216,"EGAN WORKS 2","D","Eagan Public Works 2","Public Works","Dakota County"
4632,1218,"EGAN COMM","D","Eagan Public Common","Public Works","Dakota County"
4634,121a,"EMPIRE TWP 1","D","Empire Township 1","Public Works","Dakota County"
4636,121c,"FARM WORKS 1","D","Farmington Public Works 1","Public Works","Dakota County"
4638,121e,"FARM WORKS 2","D","Farmington Public Works 2","Public Works","Dakota County"
4640,1220,"FARM COMM","D","Farmington Public Common","Public Works","Dakota County"
4642,1222,"HAST WORKS 1","D","Hastings Public Works 1","Public Works","Dakota County"
4644,1224,"HAST WORKS 2","D","Hastings Public Works 2","Public Works","Dakota County"
4646,1226,"HAST COMM","D","Hastings Public Common","Public Works","Dakota County"
4648,1228,"IGH WORKS 1","D","Inver Grove Heights Public Works 1","Public Works","Dakota County"
4650,122a,"IGH WORKS 2","D","Inver Grove Heights Public Works 2","Public Works","Dakota County"
4652,122c,"IGH COMM","D","Inver Grove Heights Public Common","Public Works","Dakota County"
4654,122e,"LKVL WORKS 1","D","Lakeville Public Works 1","Public Works","Dakota County"
4656,1230,"LKVL WORKS 2","D","Lakeville Public Works 2","Public Works","Dakota County"
4658,1232,"LKVL COMM","D","Lakeville Common","Interop","Dakota County"
4660,1234,"MHTS WORKS 1","D","Mendota Heights Public Works 1","Public Works","Dakota County"
4662,1236,"MHTS WORKS 2","D","Mendota Heights Public Works 2","Public Works","Dakota County"
4664,1238,"MHTS COMM","D","Mendota Heights Public Common","Interop","Dakota County"
4666,123a,"RSMT WORKS 1","D","Rosemount Public Works 1","Public Works","Dakota County"
4668,123c,"RSMT WORKS 2","D","Rosemount Public Works 2","Public Works","Dakota County"
4670,123e,"RSMT COMM","D","Rosemount Common","Interop","Dakota County"
4672,1240,"SSPL WORKS 1","D","South St Paul Public Works 1","Public Works","Dakota County"
4674,1242,"SSPL WORKS 2","D","South St Paul Public Works 2","Public Works","Dakota County"
4676,1244,"SSPL COMM","D","South St Paul Public Common","Public Works","Dakota County"
4678,1246,"WSPL WORKS 1","D","West St Paul Public Works 1","Public Works","Dakota County"
4680,1248,"WSPL WORKS 2","D","West St Paul Public Works 2","Public Works","Dakota County"
4682,124a,"WSPL COMM","D","West St Paul Public Common","Public Works","Dakota County"
4684,124c,"DK PW ROAM","D","Public Works Statewide Roaming","Public Works","Dakota County"
4700,125c,"DK SYSTECH","D","System Tech","Public Works","Dakota County"
4702,125e,"DK TRN","D","Training","Public Works","Dakota County"
4706,1262,"DK WX ALERT","D","Weather Alert","Emergency Ops","Dakota County"
4720,1270,"DKHWY(1)","D","Highway (1)","Public Works","Dakota County"
4724,1274,"DKHWY(3)","D","Highway (3)","Public Works","Dakota County"
4726,1276,"DKHWY(4)","D","Highway (4)","Public Works","Dakota County"
4728,1278,"DKHWY(5)","D","Highway (5)","Public Works","Dakota County"
4730,127a,"DKHWY(6)","D","Highway (6)","Public Works","Dakota County"
4732,127c,"DKWHY(7)","D","Highway (7)","Public Works","Dakota County"
4734,127e,"DKHWY(8)","D","Highway (8)","Public Works","Dakota County"
4754,1292,"DK PH 1","D","Dakota County Public Health 1","Public Works","Dakota County"
4756,1294,"DK PH 2","D","Dakota County Public Health 2","Public Works","Dakota County"
4758,1296,"DK PH 3","D","Dakota County Public Health 3","Public Works","Dakota County"
4798,12be,"DK FIRE ALL","D","Fire All Call","Fire Dispatch","Dakota County"
4800,12c0,"SC HEALTH1","D","Public Health 1","Emergency Ops","Scott County"
4802,12c2,"SC HEALTH2","D","Public Health 2","Emergency Ops","Scott County"
4804,12c4,"SC HEALTH3","D","Public Health 3","Emergency Ops","Scott County"
4812,12cc,"SC FIRE","D","County Fire Dispatch ","EMS Dispatch","Scott County"
4814,12ce,"MDKN FIRE EM","D","Mdewakanton Sioux Fire - EMS Dispatch","Fire Dispatch","Scott County"
4816,12d0,"MDWKN FIRE 1","D","Mdewakanton Med Sioux Fire TAC","Fire-Tac","Scott County"
4818,12d2,"MDWKN FIRE 2","D","Mdewakanton Sioux Med Fire TAC","Fire-Tac","Scott County"
4820,12d4,"MDWKN FIRE 3","D","Mdewakanton Sioux MW Ops 1","Fire-Tac","Scott County"
4822,12d6,"MDWKN FIRE A","D","Mdewakanton Sioux MW LE C2C","Law Tac","Scott County"
4828,12dc,"SC SO INFO","DE","Sheriff Info","Law Tac","Scott County"
4830,12de,"SC SO C2C","DE","Sheriff 3 C2C","Law Tac","Scott County"
4832,12e0,"SC LE TAC5","DE","LE TAC5","Law Tac","Scott County"
4834,12e2,"SC LE TAC6","DE","LE TAC6","Law Tac","Scott County"
4836,12e4,"SC LE INOP","DE","LE INTEROP","Law Tac","Scott County"
4838,12e6,"SC COURT","DE","COURTHOUSE","Law Tac","Scott County"
4840,12e8,"SC JAIL","DE","JAIL","Corrections","Scott County"
4844,12ec,"SC SWAT","DE","SWAT","Law Tac","Scott County"
4852,12f4,"SC LE ROAM","D","LE ROAM","Law Dispatch","Scott County"
4854,12f6,"BEL PLN PD 3","DE","Belle Plain Police 3 Car to Car","Law Tac","Scott County"
4856,12f8,"ELKO PD 3","DE","Elko Police 3 Car to Car","Law Tac","Scott County"
4858,12fa,"JORD PD C2C","DE","Jordan Police 3 Car to Car","Law Tac","Scott County"
4860,12fc,"NPRG PD C2C","DE","New Prague Police 3 Car to Car","Law Tac","Scott County"
4862,12fe,"PRLK PD C2C","DE","Prior Lake Police 3 Car to Car","Law Tac","Scott County"
4864,1300,"SHAK PD C2C","DE","Shakopee Police 3mCar to Car","Law Tac","Scott County"
4866,1302,"SC LE CW","DE","County Wide Law C2C","Law Tac","Scott County"
4868,1304,"SAVG PD C2C","DE","Savage Police 3 Car to Car","Law Tac","Scott County"
4870,1306,"SC SW C2C","DE","Southwest Area C2C","Law Tac","Scott County"
4872,1308,"SAFECOM","D","Weather and Emergency Management Reports","Emergency Ops","Scott County"
4874,130a,"SC FG 5","D","FireGround 5","Fire-Tac","Scott County"
4876,130c,"SCO FG 6","D","FireGround 6","Fire-Tac","Scott County"
4878,130e,"SC FG 7","D","FireGround 7","Fire-Tac","Scott County"
4880,1310,"SC FG 8","D","FireGround 8","Fire-Tac","Scott County"
4882,1312,"SC FG 9","D","FireGround 9","Fire-Tac","Scott County"
4884,1314,"SC FG 10","D","FireGround 10","Fire-Tac","Scott County"
4886,1316,"SC FG 11","D","FireGround 11","Fire-Tac","Scott County"
4888,1318,"SC FG 12","D","FireGround 12","Fire-Tac","Scott County"
4890,131a,"SC FR INOP","D","FD INTEROP","Fire-Talk","Scott County"
4892,131c,"SC FD ROAM","D","FD ROAM","Fire Dispatch","Scott County"
4894,131e,"BELL PLN T2T","D","Belle Plain Fire T2T","Fire-Tac","Scott County"
4904,1328,"NPRG FD T2T","D","New Prague Fire T2T","Fire-Tac","Scott County"
4906,132a,"JORD FD T2T","D","Jordan Fire T2T F2","Fire-Tac","Scott County"
4910,132e,"SHAK T2T 2","D","Shakopee Fire T2T F2","Fire-Tac","Scott County"
4912,1330,"SHAK T2T 3","D","Shakopee Fire T2T F3","Fire-Tac","Scott County"
4914,1332,"PRLK T2T 2","D","Prior Lake Fire T2T F2","Fire-Tac","Scott County"
4916,1334,"NPRG","D","New Prague ","Multi-Tac","Scott County"
4918,1336,"QOP HOSPITAL","D","Queen of Peace Hospital","Hospital","Scott County"
4920,1338,"SC PS COMM","D","PUBLIC SAFETY COMMON","Interop","Scott County"
4922,133a,"SC EM ADM","D","Emergency Management Administration","Emergency Ops","Scott County"
4924,133c,"SC HWY(1)","D","Highway Maint (1)","Public Works","Scott County"
4926,133e,"SC HWY(2)","D","Highway Maint (2)","Public Works","Scott County"
4928,1340,"SC PW","D","Scott Local Public Works","Public Works","Scott County"
4930,1342,"SC HWY(3)","D","Highway Maint (3)","Public Works","Scott County"
4936,1348,"PRLK SHOP 1","D","Prior Lake City Shops 1","Public Works","Scott County"
4938,134a,"PRLK SHOP 2","D","Prior Lake City Shops 2","Public Works","Scott County"
4940,134c,"SC LC PW","D","Scott Local Public Works","Public Works","Scott County"
4942,134e,"SAVG PW ","D","Savage Public Works","Public Works","Scott County"
4948,1354,"SC EM","D","Emergency Mgt Events - Weather","Emergency Ops","Scott County"
4950,1356,"SC EVNT 4","D","EVENTS 4","Interop","Scott County"
4952,1358,"SC EVNT 5","D","EVENTS 5","Interop","Scott County"
4954,135a,"SC EVNT 6","D","EVENTS 6","Interop","Scott County"
4956,135c,"SC EVNT 7","D","EVENTS 7","Interop","Scott County"
4958,135e,"SC EVNT 8","D","EVENTS 8","Interop","Scott County"
4960,1360,"SC EVNT 9","D","EVENTS 9","Interop","Scott County"
4962,1362,"SC EVNT 10","D","EVENTS 10","Interop","Scott County"
4964,1364,"SC EVNT 11","D","EVENTS 11","Interop","Scott County"
4966,1366,"SC EVNT 12","D","EVENTS 12","Interop","Scott County"
4968,1368,"SC EVNT 13","D","EVENTS 13","Interop","Scott County"
4970,136a,"SC EVNT 14","D"," EVENTS 14","Interop","Scott County"
4972,136c,"SC EVNT 15","D","EVENTS 15","Interop","Scott County"
4974,136e,"SC EVNT 16","D","EVENTS 16","Interop","Scott County"
4976,1370,"BELL PLN ALL","D","Belle Plain City Common","Interop","Scott County"
4978,1372,"JORDAN ALL","D","Jordan City Common","Interop","Scott County"
4980,1374,"NPRG ALL","D","New Prague City Common","Interop","Scott County"
4982,1376,"PRLK ALL","D","Prior Lake City Common","Interop","Scott County"
4984,1378,"SHAK ALL","D","Shakopee City Common","Interop","Scott County"
4986,137a,"SAVAGE ALL","D","Savage City Common","Interop","Scott County"
4990,137e,"SHAK WORKS","D","Shakopee City Shop - Maintenance","Public Works","Scott County"
4996,1384,"SC HWY(4)","D","Highway Maint (4)","Public Works","Scott County"
5000,1388,"SC L PW","D","Scott Local Public Works","Public Works","Scott County"
5010,1392,"SC UTILITY","D","County Utility","Public Works","Scott County"
5034,13aa,"SC LAW 1E","DE","Scott Law 1E Dispatch","Law Dispatch","Scott County"
5036,13ac,"SC LAW 2E","DE","Scott Law 2E Dispatch","Law Dispatch","Scott County"
5060,13c4,"SC LAW TAC","DE","Scott Law Tac E","Law Tac","Scott County"
5406,151e,"CS ROAM","D","County Roam","Law Dispatch","Chisago County"
5407,151f,"CS Emergency","D","Emergency Buttons","Multi-Dispatch","Chisago County"
5410,1522,"CS EMS 1","D","EMS 1","EMS Dispatch","Chisago County"
5411,1523,"CS EMS 2","D","EMS 2","EMS Dispatch","Chisago County"
5413,1525,"CS FIRE AL","D","Chisago Fire All","Fire-Tac","Chisago County"
5416,1528,"CS LAPD","DE","Lakes Area PD","Law Tac","Chisago County"
5419,152b,"CS NBPD","DE","North Branch PD","Law Tac","Chisago County"
5422,152e,"CS WYPD","DE","Wyoming PD","Law Tac","Chisago County"
5427,1533,"CS FIRE","D","Chisago Fire","Fire-Tac","Chisago County"
5435,153b,"CS Court","D","County Court","Security","Chisago County"
5440,1540,"CS FIRE-EMS","D","Fire EMS Dispatch","Fire Dispatch","Chisago County"
5443,1543,"CS FD Ops 3","D","County FD Ops 3","Fire-Tac","Chisago County"
5449,1549,"ALMELUND FD","D","Almelund Fire Tac ","Fire-Tac","Chisago County"
5455,154f,"ALMELUND FD","D","Almelund Fire Tac ","Fire-Tac","Chisago County"
5456,1550,"ALMELUND FD","D","Almelund Fire Tac ","Fire-Tac","Chisago County"
5458,1552,"CNTR CTY FD","D","Center City Fire Tactical","Fire-Tac","Chisago County"
5461,1555,"CHISAGO FD","D","Chisago City Fire Tactical","Fire-Tac","Chisago County"
5462,1556,"CHISAGO FD 2","D","Chisago City Fire Tactical","Fire-Tac","Chisago County"
5464,1558,"HARRIS FD","D","Harris Fire Tactical","Fire-Tac","Chisago County"
5465,1559,"HARRIS FD 2","D","Harris Fire Tactical","Fire-Tac","Chisago County"
5467,155b,"LINDSTROM FD","D","Lindstrom Fire Tactical","Fire-Tac","Chisago County"
5468,155c,"LINDSTROM FD 2","D","Lindstrom Fire Tactical","Fire-Tac","Chisago County"
5470,155e,"N BRANCH FD","D","North Branch Fire Tactical","Fire-Tac","Chisago County"
5471,155f,"N BRACH FD 2","D","North Branch Fire Tactical","Fire-Tac","Chisago County"
5473,1561,"RUSH CITY FD","D","Rush City Fire Tactical","Fire-Tac","Chisago County"
5476,1564,"SHFR FRCN FD","D","Shafer Franconia Fire Tactical","Fire-Tac","Chisago County"
5477,1565,"SHFR FRCN FD 2","D","Shafer Franconia Fire Tactical","Fire-Tac","Chisago County"
5479,1567,"STCY-LENT FD OPS","D","Stacy-Lent Fire Ops 1","Fire-Tac","Chisago County"
5480,1568,"STACY-LENT FD AD","D","Stacy-Lent FD Admin","Fire-Talk","Chisago County"
5482,156a,"TAYLORS FLS FD","D","Taylors Falls Fire Tactical","Fire-Tac","Chisago County"
5483,156b,"TAYLORS FLS FD 2","D","Taylors Falls Fire Tactical","Fire-Tac","Chisago County"
5485,156d,"WYOMING FD","D","Wyoming Fire Tactical","Fire-Tac","Chisago County"
5486,156e,"WYOMING FD 2","D","Wyoming Fire Tactical","Fire-Tac","Chisago County"
5490,1572,"CS EVENT 1","D","County Events 1","Multi-Tac","Chisago County"
5491,1573,"CS EVENT 2","D","County Events 2","Multi-Tac","Chisago County"
5492,1574,"CS EVENT 3","D","County Events 3","Multi-Tac","Chisago County"
5511,1587,"CS LAW1E","DE","Law Dispatch","Law Dispatch","Chisago County"
5512,1588,"CS LAW(2)","DE","Law (2)","Law Tac","Chisago County"
5513,1589,"CS LAW(3)","D","Law (3)","Law Tac","Chisago County"
5514,158a,"CS LAW(4)","DE","Law (4)","Law Tac","Chisago County"
5515,158b,"CS LAW(5)","DE","Law (5)","Law Tac","Chisago County"
5519,158f,"CS Train 1","D","Training Ops 1","Multi-Tac","Chisago County"
5537,15a1,"CS FD Ops 1","D","County FD Ops 1","Fire-Tac","Chisago County"
5538,15a2,"CS FD Ops 2","D","County FD Ops 2","Fire-Tac","Chisago County"
5546,15aa,"CS FDIC 1 ","D","County FDIC 1","Fire-Tac","Chisago County"
5547,15ab,"CS FDIC 2","D","County FDIC 2","Fire-Tac","Chisago County"
5548,15ac,"CS FDIC 3","D","County FDIC 3","Fire-Tac","Chisago County"
5549,15ad,"CS FDIC 4","D","County FDIC 4","Fire-Tac","Chisago County"
5550,15ae,"CS FDIC 5","D","County FDIC 5","Fire-Tac","Chisago County"
5555,15b3,"CS State Parks","D","County Dispatch to State Parks","Law Dispatch","Chisago County"
5700,1644,"CSHWY(1)","DE","Highway (1)","Public Works","Chisago County"
5701,1645,"CSHWY(2)","DE","Highway (2)","Public Works","Chisago County"
5702,1646,"CSHWY(3)","DE","Highway (3)","Public Works","Chisago County"
5703,1647,"CSHWY(4)","DE","Highway (4)","Public Works","Chisago County"
5706,164a,"CSHWY(7)","DE","Highway (7)","Public Works","Chisago County"
5709,164d,"CSHWY(10)","DE","Highway (10)","Public Works","Chisago County"
5876,16f4,"NW ROAM","D","NW ROAM","Multi-Dispatch","Zone 6 Interoperability NW"
6000,1770,"IS SO ADM","D","Sheriff Admin","Law Talk","Isanti County"
6002,1772,"IS TAC3","D","Isanti TAC 3","Multi-Tac","Isanti County"
6004,1774,"IS TAC4","D","Isanti TAC 4","Multi-Tac","Isanti County"
6006,1776,"IS TAC5","D","Isanti TAC 5","Multi-Tac","Isanti County"
6008,1778,"IS TAC6","D","Isanti TAC 6","Multi-Tac","Isanti County"
6010,177a,"IS SO ROAM","D","Sheriff Roam ","Law Talk","Isanti County"
6012,177c,"IS SO PTCH","D","Sheriff Patch","Law Talk","Isanti County"
6014,177e,"IS SO MAIN","D","Sheriff Dispatch","Law Dispatch","Isanti County"
6016,1780,"IS SO C2C","D","Sheriff C2C","Law Talk","Isanti County"
6018,1782,"IS SO C2C","D","Isanti Co C2C","Law Talk","Isanti County"
6020,1784,"IS JAIL","D","Isanti Co Jail","Corrections","Isanti County"
6022,1786,"IS LAW TAC 1","DE","County Law Tac 1","Law Tac","Isanti County"
6024,1788,"IS LAW TAC 2","DE","County Law Tac 2","Law Tac","Isanti County"
6026,178a,"BRAHAM PD","D","Braham PD Adm","Law Talk","Isanti County"
6028,178c,"CAMBRG ADM","D","Cambridge PD Adm","Law Talk","Isanti County"
6030,178e,"ISANTI PD","D","Isanti PD Adm","Law Talk","Isanti County"
6032,1790,"IS CO FIRE","D","County Fire Dispatch","Fire Dispatch","Isanti County"
6034,1792,"BRAHAM FIRE","D","Braham Fire","Fire-Talk","Isanti County"
6036,1794,"CAMBRG FIRE","D","Cambridge Fire","Fire-Talk","Isanti County"
6038,1796,"DALBO FIRE","D","Dalbo Fire","Fire-Talk","Isanti County"
6040,1798,"ISANTI FIRE","D","Isanti Fire","Fire-Talk","Isanti County"
6042,179a,"IS HWY 1","D","County Highway 1","Public Works","Isanti County"
6044,179c,"IS HWY 2","D","County Highway 2","Public Works","Isanti County"
6046,179e,"IS HWY 3","D","County Highway 3","Public Works","Isanti County"
6048,17a0,"BRAHAM WKS","D","Braham Public Works","Public Works","Isanti County"
6050,17a2,"CAMBRG WK 1","D","Cambridge Public Works 1","Public Works","Isanti County"
6052,17a4,"CAMBRG WK 2","D","Cambridge Public Works 2","Public Works","Isanti County"
6054,17a6,"ISANTI WKS 1","D","Isanti Public Works 1","Public Works","Isanti County"
6056,17a8,"ISANTI WKS 2","D","Isanti Public Works 2","Public Works","Isanti County"
6600,19c8,"KB EMG","D","Emergency","Emergency Ops","Kanabec County"
6602,19ca,"KB ROAM","D","County Roam","Multi-Talk","Kanabec County"
6606,19ce,"KB 6606","D","Kanabec 6606","Multi-Talk","Kanabec County"
6608,19d0,"KB 6608","D","Kanabec 6608","Multi-Talk","Kanabec County"
6614,19d6,"KB 6614","D","Kanabec 6614","Multi-Talk","Kanabec County"
6620,19dc,"KB SO DISP","D","Sheriff Dispatch","Law Dispatch","Kanabec County"
6622,19de,"KB 6622","D","Kanabec 6622","Law Talk","Kanabec County"
6640,19f0,"KB FIRE","D","Kanabec Fire Dispatch","Fire Dispatch","Kanabec County"
6642,19f2,"KB FIRE 6642","D","Kanabec Fire 6642","Fire-Talk","Kanabec County"
6646,19f6,"KB FIRE 6646","D","Kanabec Fire 6646","Fire-Talk","Kanabec County"
6670,1a0e,"KB EMS","D","County EMS","EMS Dispatch","Kanabec County"
6672,1a10,"KB FIRE 6672","D","Kanabec Fire 6672","Fire-Talk","Kanabec County"
6680,1a18,"KB LAW 6680","D","Kanabec Law 6680","Fire-Talk","Kanabec County"
6682,1a1a,"MORA HOSP","D","Mora Hospital","Hospital","Kanabec County"
7203,1c23,"PI SO DISP","DE","Sheriff Dispatch","Law Dispatch","Pine County"
7204,1c24,"PI LAW ALL","D","Pine Law All","Law Tac","Pine County"
7205,1c25,"PI ROAM","D","County Roam","Multi-Dispatch","Pine County"
7207,1c27,"PI FIRE","D","Fire EMS Dispatch ","Fire Dispatch","Pine County"
7208,1c28,"PI 7208","D","Pine 7208","Multi-Talk","Pine County"
7209,1c29,"PI FIRE ALL","D","Pine Fire All","Fire-Tac","Pine County"
7211,1c2b,"PI EMS","D","Ambulance Main","EMS Dispatch","Pine County"
7212,1c2c,"Welia Amb","D","Welia Ambulance","EMS Dispatch","Pine County"
7216,1c30,"PI 7216","D","Pine 7216","Multi-Talk","Pine County"
7217,1c31,"PI HWY ALL","D","Highway Dept All","Public Works","Pine County"
7218,1c32,"PI HWY","D","Highway Dept","Public Works","Pine County"
7219,1c33,"PI JAIL-CS","D","Jail - Court Security","Corrections","Pine County"
7223,1c37,"Askov FD","D","Askov Fire","Fire-Tac","Pine County"
7224,1c38,"Brook Park FD","D","Brook Park Fire","Fire-Tac","Pine County"
7225,1c39,"Bruno FD","D","Bruno Fire","Fire-Tac","Pine County"
7226,1c3a,"Duxbury FD","D","Duxbury Fire","Fire-Tac","Pine County"
7227,1c3b,"Finlayson FD","D","Finlayson Fire","Fire-Tac","Pine County"
7228,1c3c,"Hinckley FD","D","Hinckley Fire","Fire-Tac","Pine County"
7229,1c3d,"Kerrick FD","D","Kerrick Fire","Fire-Tac","Pine County"
7230,1c3e,"Pine City FD","D","Pine City Fire","Fire-Tac","Pine County"
7231,1c3f,"Sandstone FD","D","Sandstone Fire","Fire-Tac","Pine County"
7232,1c40,"Sturgeon Lake FD","D","Sturgeon Lake Fire","Fire-Tac","Pine County"
7233,1c41,"Willow River FD","D","Willow River Fire","Fire-Tac","Pine County"
7234,1c42,"PI SS HOSP","D","Sandstone Hospital - Essentia Health","Hospital","Pine County"
8000,1f40,"TEST TG 1","D","Test TG 1","Public Works","Minnesota Department of Public Safety - Emergency Communications"
8002,1f42,"TEST TG 2","D","Test TG 2","Public Works","Minnesota Department of Public Safety - Emergency Communications"
8004,1f44,"TEST TG 3","D","Test TG 3","Public Works","Minnesota Department of Public Safety - Emergency Communications"
8006,1f46,"TEST TG 4","D","Test TG 4","Public Works","Minnesota Department of Public Safety - Emergency Communications"
8008,1f48,"TEST TG 5","D","Test TG 5","Public Works","Minnesota Department of Public Safety - Emergency Communications"
8012,1f4c,"TEST MULTI","D","Test Multigroup","Public Works","Minnesota Department of Public Safety - Emergency Communications"
9980,26fc,"MOTO ALL","D","MOTO System Technicians All","Public Works","Minnesota Department of Public Safety - Emergency Communications"
9982,26fe,"MOTOROLA 1","D","MOTO System Technicians 1","Public Works","Minnesota Department of Public Safety - Emergency Communications"
9984,2700,"MOTOROLA 2","D","MOTO System Technicians 2","Public Works","Minnesota Department of Public Safety - Emergency Communications"
9986,2702,"MOTOROLA 3","D","MOTO System Technicians 3","Public Works","Minnesota Department of Public Safety - Emergency Communications"
9988,2704,"MOTOROLA 4","D","MOTO System Technicians 4","Public Works","Minnesota Department of Public Safety - Emergency Communications"
9990,2706,"MOTOROLA 5","D","MOTO System Technicians 5","Public Works","Minnesota Department of Public Safety - Emergency Communications"
9992,2708,"MOTOROLA 6","D","MOTO System Technicians 6","Public Works","Minnesota Department of Public Safety - Emergency Communications"
10000,2710,"HC SEC","D","Hennepin Security","Security","Hennepin County"
10001,2711,"HC GR DPW","D","Greenfield DPW","Public Works","Hennepin County - Municipalities Dispatched by County"
10007,2717,"BLM PW SPF(1)","D","DPW Streets (1)","Public Works","Hennepin County - Bloomington"
10008,2718,"HC SYSTECH","D","Radio Technician","Public Works","Hennepin County"
10009,2719,"BLM PW SPF(2)","D","DPW Streets (2)","Public Works","Hennepin County - Bloomington"
10011,271b,"BLM PW SPF(3)","D","DPW Streets (3)","Public Works","Hennepin County - Bloomington"
10013,271d,"BLM PW SPF(4)","D","DPW Streets (4)","Public Works","Hennepin County - Bloomington"
10015,271f,"BLM PW SPF(5)","D","DPW Streets (5)","Public Works","Hennepin County - Bloomington"
10016,2720,"HC FIRE EMG","D","Hennepin Fire Emergency","Fire Dispatch","Hennepin County"
10017,2721,"HC LAW NW","DE","Law Northwest Car to Car","Law Talk","Hennepin County"
10018,2722,"HDP PD C2C","D","Deephaven Police Car to Car","Law Talk","Hennepin County - Municipalities Dispatched by County"
10020,2724,"HEX T2T","D","Excelsior Fire Truck to Truck","Fire-Talk","Hennepin County - Municipalities Dispatched by County"
10021,2725,"HC Clerk E","DE","Clerk","Data","Hennepin County"
10022,2726,"HC TAC 3","D","Mutual Aid Tac 3","Interop","Hennepin County"
10023,2727,"HC TAC 8E","DE","Law TAC 8","Law Tac","Hennepin County"
10024,2728,"HC FIRE 3","D","Fire TAC 3","Fire-Tac","Hennepin County"
10025,2729,"HC FIRE 7","D","Fire TAC 7","Fire-Tac","Hennepin County"
10032,2730,"HLR FD T2T1","D","Loretto FD Truck to Truck","Fire-Talk","Hennepin County - Municipalities Dispatched by County"
10034,2732,"HCSO911","D","Hennepin County 911 Center","Law Dispatch","Hennepin County"
10036,2734,"HC FIRE 2","D","Fire TAC 2 Truck to Truck","Fire-Tac","Hennepin County"
10038,2736,"HC PAGE","D","Fire Paging","Fire Dispatch","Hennepin County"
10039,2737,"HC LAW C2C","DE","Law Car to Car","Law Talk","Hennepin County"
10040,2738,"HC FIRE 1","D","Fire Main 1","Fire Dispatch","Hennepin County"
10042,273a,"HCP PD C2C","D","Champlin Police-City Police Car to Car","Law Talk","Hennepin County - Municipalities Dispatched by County"
10044,273c,"HRG COMMON","D","Rogers Common","Multi-Talk","Hennepin County - Municipalities Dispatched by County"
10046,273e,"HC TAC 6","D","Mutual Aid Tac 6","Interop","Hennepin County"
10047,273f,"HC TAC 6E","DE","Law TAC 6 ","Law Tac","Hennepin County"
10048,2740,"HCMC MAINT","D","HCMC Maintenance Dispatch","Public Works","Hennepin County"
10050,2742,"HC FIRE 4","D","Fire TAC 4","Fire-Tac","Hennepin County"
10051,2743,"HC FIRE 8 ","D","Fire TAC 8","Fire-Tac","Hennepin County"
10052,2744,"HC FIRE 5","D","Fire TAC 5","Fire-Tac","Hennepin County"
10053,2745,"HC FIRE 9","D","Fire TAC 9","Fire-Tac","Hennepin County"
10054,2746,"HC FIRE 6","D","Fire TAC 6","Fire-Tac","Hennepin County"
10055,2747,"HC FIRE 10","D","Fire TAC 10","Fire-Tac","Hennepin County"
10056,2748,"HC POOL 1","D","POOL 1","Multi-Tac","Hennepin County"
10057,2749,"HC FIRE 11","D","Fire TAC 11","Fire-Tac","Hennepin County"
10058,274a,"HC POOL 2","D","POOL 2","Multi-Tac","Hennepin County"
10059,274b,"HC FIRE 12","D","Fire TAC 12","Fire-Tac","Hennepin County"
10060,274c,"HC ROAM 1","D","County Roaming 1","Multi-Dispatch","Hennepin County"
10062,274e,"HC POOL 3","D","POOL 3","Multi-Tac","Hennepin County"
10064,2750,"HSAV PD TAC","D","St. Anthony Village Police Tactical","Law Tac","Hennepin County - Municipalities Dispatched by County"
10066,2752,"HC SEC 66","D","Hennepin Security 66","Security","Hennepin County"
10068,2754,"HC SEC 68","D","Hennepin Security 68","Security","Hennepin County"
10072,2758,"HC SO COMM","D","Sheriff Dept Wide","Law Tac","Hennepin County"
10073,2759,"HC ESD 2E","DE","ESD 2E","Law Tac","Hennepin County"
10074,275a,"HC SYSTECH2","DE","Radio Technician 2","Public Works","Hennepin County"
10076,275c,"HC MAINT 076","D","Hennepin Maint 076","Public Works","Hennepin County"
10092,276c,"HMD DPW","D","Medina DPW","Public Works","Hennepin County - Municipalities Dispatched by County"
10093,276d,"BLM PW ATG","D","DPW Streets Announcement","Public Works","Hennepin County - Bloomington"
10095,276f,"MAC PD 3E","DE","Police PD3E","Law Tac","MAC MSP International Airport"
10098,2772,"HOR FD OPS2","D","Orono Fire Ops 2","Fire-Talk","Hennepin County - Municipalities Dispatched by County"
10102,2776,"HWZ SCH GND","D","Wayzata Schools Buildings & Grounds","Schools","Hennepin County - Municipalities Dispatched by County"
10104,2778,"HWZ HS UHF","D","Wayzata High Schools Cross Patch to UHF","Schools","Hennepin County - Municipalities Dispatched by County"
10108,277c,"MTK FD EVT","D","Minnetonka Fire Event","Fire-Tac","Hennepin County - Minnetonka"
10110,277e,"HC LAW PAT","DE","Sheriff Patrol Car to Car","Law Talk","Hennepin County"
10111,277f,"HC ESD 1E","DE","ESD 1E","Law Tac","Hennepin County"
10112,2780,"HC SO 112","DE","Sheriff 112","Law Tac","Hennepin County"
10114,2782,"HC SO 114","DE","Sheriff 114","Law Tac","Hennepin County"
10116,2784,"MTK FD ADM(1)","D","Minnetonka Fire Admin (1)","Fire-Talk","Hennepin County - Minnetonka"
10118,2786,"HCSO TAC E","DE","LAW TAC E","Law Tac","Hennepin County"
10120,2788,"HC TAC 5","D","Mutual Aid Tac 5","Interop","Hennepin County"
10122,278a,"HC SCHLS ALL","D","Schools All Call","Schools","Hennepin County"
10124,278c,"HCP P WRKS1","D","Champlin Public Works Main","Public Works","Hennepin County - Municipalities Dispatched by County"
10126,278e,"HC CH DPW","D","Champlin DPW","Public Works","Hennepin County - Municipalities Dispatched by County"
10128,2790,"HC SO TAC 128","DE","Sheriff Tac 128","Law Tac","Hennepin County"
10130,2792,"HC ESU 1E","DE","ESU 1E","Law Tac","Hennepin County"
10133,2795,"MAC PD EODE","DE","Police EODE","Law Tac","MAC MSP International Airport"
10134,2796,"HC CRT 3/VSD 1","DE","CRT 3/VSD 1","Law Tac","Hennepin County"
10136,2798,"HC CRT ROAM","DE","CRT Roam","Law Tac","Hennepin County"
10138,279a,"HC ESU 2E","DE","ESU 2E","Law Tac","Hennepin County"
10142,279e,"HC SO TAC 142","DE","Sheriff Tac 142","Law Tac","Hennepin County"
10144,27a0,"HC ERU SWAT","DE","Sheriff ERU/SWAT","Law Tac","Hennepin County"
10146,27a2,"HC CO DPW","D","Corcoran DPW","Public Works","Hennepin County - Municipalities Dispatched by County"
10148,27a4,"HC LAW T ALL","DE","Law Tac All Call","Law Tac","Hennepin County"
10152,27a8,"HCO COM 1","D","Corcoran City Common 1","Multi-Talk","Hennepin County - Municipalities Dispatched by County"
10156,27ac,"HC HR","DE","Human Resources","Public Works","Hennepin County"
10158,27ae,"MTK FD TRN","D","Minnetonka Fire Training","Fire-Talk","Hennepin County - Minnetonka"
10160,27b0,"HC CLAB1","DE","Administration and Business","Law Tac","Hennepin County"
10162,27b2,"MAC PD InvE","DE","Police Inv E","Law Tac","MAC MSP International Airport"
10180,27c4,"HC CIV WAR","DE","Sheriff Civil Warrant","Law Tac","Hennepin County"
10190,27ce,"HC SO 190","DE","Sheriff 190","Law Tac","Hennepin County"
10194,27d2,"HC TAC 7E","DE","Law TAC 7","Law Tac","Hennepin County"
10196,27d4,"MAC PD SOE","DE","Police PDSOE","Law Tac","MAC MSP International Airport"
10198,27d6,"HC SO 198","DE","Sheriff 198","Law Tac","Hennepin County"
10212,27e4,"HC ALL CALL","DE","Sheriff All","Law Tac","Hennepin County"
10214,27e6,"HC NARC 1","DE","Sheriff Narcotics 1","Law Tac","Hennepin County"
10216,27e8,"HC INV 8E","DE","Investigators 8E","Law Tac","Hennepin County"
10218,27ea,"HC INV 9E","DE","Investigators 9E","Law Tac","Hennepin County"
10220,27ec,"HC INV 10E","DE","Investigators 10E","Law Tac","Hennepin County"
10222,27ee,"HC INV 11E","DE","Investigators 11E","Law Tac","Hennepin County"
10224,27f0,"HC INV 12E","DE","Investigators 12E","Law Tac","Hennepin County"
10228,27f4,"HWZ FD T2T","D","Wayzata Fire Truck To Truck","Fire-Talk","Hennepin County - Municipalities Dispatched by County"
10230,27f6,"HHM FD T2T","D","Hamel Fire Truck to Truck","Fire-Talk","Hennepin County - Municipalities Dispatched by County"
10232,27f8,"HS COURT SEC","D","Court Security","Security","Hennepin County - Corrections - Courts"
10234,27fa,"HS PSF SEC","D","PSF Security","Security","Hennepin County - Corrections - Courts"
10236,27fc,"HSPS MP1","D","Century-Ramar-No.Village HC Security-HCSO Courts","Security","Hennepin County - Corrections - Courts"
10238,27fe,"H110 CRT SEC","D","H-110 Court security","Security","Hennepin County - Corrections - Courts"
10240,2800,"HCMC MAINT 2","D","HCMC Maintenance 2 ?","Public Works","Hennepin County"
10242,2802,"HC MAINT 242","D","Hennepin Maint 242","Public Works","Hennepin County"
10244,2804,"HCMC COM HLT","D","HCMC Community Health 1","Hospital","Hennepin County"
10246,2806,"HC HEALTH(1)","D","County Health (1)","Public Works","Hennepin County"
10248,2808,"HC HEALTH(2)","D","County Health (2)","Public Works","Hennepin County"
10250,280a,"HS PSF SEC","D","PSF Security","Security","Hennepin County - Corrections - Courts"
10252,280c,"HS COURT BRK","D","Brookdale-HC Security and HCSO Courts","Security","Hennepin County - Corrections - Courts"
10254,280e,"HR CRT SEC","D","H R-Dale Court Security","Security","Hennepin County - Corrections - Courts"
10256,2810,"HC HEALTH(3)","D","County Health (3)","Public Works","Hennepin County"
10260,2814,"HC PSF-ADC 2","D","PSF/ADC Tactical 2","Corrections","Hennepin County - Corrections - Courts"
10261,2815,"HC LAW 1E","DE","Law 1 East","Law Dispatch","Hennepin County"
10262,2816,"HC HLTH ALL","D","Health All Call","Public Works","Hennepin County"
10263,2817,"HC LAW 2E","DE","Law 2 North","Law Dispatch","Hennepin County"
10264,2818,"HC MAINT ALL","D","Maint All Call","Public Works","Hennepin County"
10265,2819,"HC LAW 3E","DE","Law 3 South","Law Dispatch","Hennepin County"
10266,281a,"HS CRT SEC","D","H S-Dale Court Security","Security","Hennepin County - Corrections - Courts"
10267,281b,"HC LAW 4E ","DE","Law 4","Law Dispatch","Hennepin County"
10268,281c,"TRPD PD C2C","D","Three Rivers Park District  - Police Car to Car","Law Talk","Hennepin County - Municipalities Dispatched by County"
10270,281e,"HC PSF-ADC 3","D","PSF/ADC Tactical 3","Corrections","Hennepin County - Corrections - Courts"
10272,2820,"HSLM PD C2C","D","South Lake Minnetonka Police Car to Car","Law Talk","Hennepin County - Municipalities Dispatched by County"
10276,2824,"HC 3 RVR ALL","D","Three Rivers All Call","Multi-Dispatch","Hennepin County - Municipalities Dispatched by County"
10278,2826,"HC ECCC 1","D","Property Services Security","Security","Hennepin County"
10280,2828,"HC PSF-ADC 4","D","PSF/ADC Tactical 4","Corrections","Hennepin County - Corrections - Courts"
10284,282c,"HC BLD SEC","D","Building Security","Security","Hennepin County"
10290,2832,"HC ADC MAINT","D","ADC Maintenance","Corrections","Hennepin County - Corrections - Courts"
10292,2834,"HC ADC SUPV","D","ADC Supervisors","Corrections","Hennepin County - Corrections - Courts"
10296,2838,"HC MAINT 296","D","Hennepin Maint 296","Public Works","Hennepin County"
10298,283a,"HC MAINT 298","D","Hennepin Maint 298","Public Works","Hennepin County"
10300,283c,"MPLS GCM 1","D","Government Center Maintenance 1","Public Works","Hennepin County - Minneapolis"
10302,283e,"MPLS GCM 2","D","Government Center Maintenance 2","Public Works","Hennepin County - Minneapolis"
10304,2840,"MPLS LIBRARY","D","Downtown Minneapolis Library","Public Works","Hennepin County - Minneapolis"
10306,2842,"MP DT LIB SEC","D","Minneapolis Downtown Library Security","Security","Hennepin County"
10308,2844,"HC MAINT 308","D","Hennepin Maint 308","Public Works","Hennepin County"
10310,2846,"HC SEC ALL 310","D","Security All Call 310","Security","Hennepin County"
10312,2848,"HC SEC ALL 312","D","Security All Call 312","Security","Hennepin County"
10316,284c,"HSLM P WORKS","D","South Lake Minnetonka Public Works","Public Works","Hennepin County - Municipalities Dispatched by County"
10318,284e,"HC WH C2C","DE","West Hennepin Public Safety - Police Car to Car","Law Talk","Hennepin County"
10320,2850,"TRPD PD OPS2","D","Three Rivers Park District  - Police Patrol Operations 2","Law Tac","Hennepin County - Municipalities Dispatched by County"
10322,2852,"HMT PD C2C","D","Minnetrista Police Car to Car","Law Talk","Hennepin County - Municipalities Dispatched by County"
10324,2854,"HWZ WORKS 5","D","Wayzata Public Works 5","Public Works","Hennepin County - Municipalities Dispatched by County"
10326,2856,"HMD PD C2C","D","Mound Police Car to Car","Law Talk","Hennepin County - Municipalities Dispatched by County"
10328,2858,"HRG PD C2C","D","Rogers Police Car to Car","Law Talk","Hennepin County - Municipalities Dispatched by County"
10329,2859,"HRG PD C2C","DE","Rogers Police Car to Car","Law Talk","Hennepin County - Municipalities Dispatched by County"
10330,285a,"HC HWY","D","Transportation - Roads","Public Works","Hennepin County"
10332,285c,"HC CRT 1","D","CRT 1","Law Tac","Hennepin County"
10334,285e,"HC PD C2C","D","All City Police Car to Car - DPW","Law Tac","Hennepin County"
10352,2870,"HC CRT 2","DE","CRT 2","Law Tac","Hennepin County"
10356,2874,"HMD P WORKS","D","Mound Public Works","Public Works","Hennepin County - Municipalities Dispatched by County"
10358,2876,"HOR PD C2C","D","Orono Police Car to Car","Law Talk","Hennepin County - Municipalities Dispatched by County"
10360,2878,"HDT PD C2C","D","Dayton Police Car to Car","Law Talk","Hennepin County - Municipalities Dispatched by County"
10366,287e,"HS CRT SEC","D","Court Security","Corrections","Hennepin County - Corrections - Courts"
10368,2880,"HCMC SEC","D","HCMC Security Dispatch","Security","Hennepin County"
10370,2882,"HS PSF SEC","D","PSF Security","Security","Hennepin County - Corrections - Courts"
10372,2884,"HLL FD T2T1","D","Long Lake Fire Truck to Truck 1","Fire-Talk","Hennepin County - Municipalities Dispatched by County"
10374,2886,"HRG FD T2T","D","Rogers Fire Truck to Truck","Fire-Talk","Hennepin County - Municipalities Dispatched by County"
10376,2888,"HPL FD T2T","D","Plymouth Fire Truck to Truck","Fire-Talk","Hennepin County - Municipalities Dispatched by County"
10378,288a,"HC COM   ","D","Hennepin Common/Mutual Aid ","Interop","Hennepin County"
10380,288c,"HSB FD T2T","D","St. Bonifacious Fire Truck to Truck","Fire-Talk","Hennepin County - Municipalities Dispatched by County"
10382,288e,"HMP FD T2T","D","Maple Plain Fire Truck to Truck","Fire-Talk","Hennepin County - Municipalities Dispatched by County"
10384,2890,"HWZ PD C2C","D","Wayzata Police Car to Car","Law Talk","Hennepin County - Municipalities Dispatched by County"
10385,2891,"HWZ PD C2C","DE","Wayzata Police Car to Car","Law Talk","Hennepin County - Municipalities Dispatched by County"
10386,2892,"HWZ PD ADM","D","Wayzata Police Administrative","Law Tac","Hennepin County - Municipalities Dispatched by County"
10388,2894,"H-SLP VARDA1","D","VARDA Alarms","Law Tac","Hennepin County - St. Louis Park"
10390,2896,"HBC PD C2C","DE","Brooklyn Center Police Car to Car","Law Talk","Hennepin County - Municipalities Dispatched by County"
10396,289c,"TRPD PD OPS3","D","Three Rivers Park District  - Police Patrol Operations 3","Law Tac","Hennepin County - Municipalities Dispatched by County"
10398,289e,"HC WATER 1","DE","Water Patrol ","Law Tac","Hennepin County"
10400,28a0,"HC LAKE MA","D","Lake Mtk/W Area Public Safety Mutual Aid Coordination","Multi-Tac","Hennepin County"
10401,28a1,"HC LAW Lakes","DE","Law Lakes Car to Car","Law Talk","Hennepin County"
10402,28a2,"HC CIV WAR 2","DE","Sheriff  Civil Warrant 2","Law Tac","Hennepin County"
10404,28a4,"HC EOC","DE","Emergency Operations Center","Emergency Ops","Hennepin County"
10406,28a6,"HMD PD C2C","D","Medina Police Car to Car","Law Talk","Hennepin County - Municipalities Dispatched by County"
10407,28a7,"HMD PD C2C","DE","Medina Police Car to Car","Law Talk","Hennepin County - Municipalities Dispatched by County"
10412,28ac,"HC EMG ALL","DE","Emergency All Call","Emergency Ops","Hennepin County"
10414,28ae,"HPL PD TAC","D","Plymouth Police Tactical","Law Tac","Hennepin County - Municipalities Dispatched by County"
10415,28af,"HC ALL CALL","DE","HC All Call For 10411 - 10413 - 10419","Multi-Tac","Hennepin County"
10416,28b0,"HPL PD EVNT","D","Plymouth Police Event","Law Talk","Hennepin County - Municipalities Dispatched by County"
10418,28b2,"HC MG-PLY SWT","DE","Maple Grove - Plymouth SWAT","Law Tac","Hennepin County"
10420,28b4,"HSA FD T2T","D","St. Anthony Fire-City Fire Truck to Truck","Fire-Talk","Hennepin County - Municipalities Dispatched by County"
10422,28b6,"HPL PD C2C","D","Plymouth Police Car to Car","Law Talk","Hennepin County - Municipalities Dispatched by County"
10424,28b8,"HMG FD T2T","D","Maple Grove Fire Truck to Truck","Fire-Talk","Hennepin County - Municipalities Dispatched by County"
10426,28ba,"HC WM FD ALL","D","West Metro Fire - City Fire All Call Multigroup","Fire-Tac","Hennepin County"
10428,28bc,"HCMC SEC 5","D","HCMC Security 5","Security","Hennepin County"
10430,28be,"HSA PD C2C","D","St. Anthony Police Car to Car","Law Tac","Hennepin County - Municipalities Dispatched by County"
10432,28c0,"HSAV COMMON","D","St. Anthony Village City Common","Multi-Talk","Hennepin County - Municipalities Dispatched by County"
10436,28c4,"HC MAINT 436","D","Hennepin Maint 436","Public Works","Hennepin County"
10438,28c6,"HCR PD C2C","D","Crystal Police Car to Car","Law Talk","Hennepin County - Municipalities Dispatched by County"
10439,28c7,"HCP PD C2C","DE","Crystal Police Car to Car","Law Talk","Hennepin County - Municipalities Dispatched by County"
10440,28c8,"HNH PD C2C","D","New Hope Police Car to Car","Law Talk","Hennepin County - Municipalities Dispatched by County"
10442,28ca,"RBBN PD C2C","D","Robbinsdale Police Car to Car","Law Talk","Hennepin County - Municipalities Dispatched by County"
10443,28cb,"HRB PD C2C","DE","Robbinsdale Police Car to Car","Law Talk","Hennepin County - Municipalities Dispatched by County"
10444,28cc,"HRB FD T2T","D","Robbinsdale Fire Truck to Truck","Fire-Talk","Hennepin County - Municipalities Dispatched by County"
10446,28ce,"HC LAW E(2)","DE","Law East Car to Car (2)","Law Talk","Hennepin County"
10447,28cf,"HC LAW E(1)","DE","Law East Car to Car (1)","Law Talk","Hennepin County"
10448,28d0,"HC LAW","DE","Law","Law Tac","Hennepin County"
10450,28d2,"HC WMET SWAT","DE","West Metro SWAT","Law Tac","Hennepin County"
10452,28d4,"HCMC MAINT 2","D","HCMC Maintenance 2","Public Works","Hennepin County"
10454,28d6,"HMG FD ADM","D","Maple Grove Fire Admin","Fire-Talk","Hennepin County - Municipalities Dispatched by County"
10456,28d8,"HMG FD TAC","D","Maple Grove Fire Tac","Fire-Tac","Hennepin County - Municipalities Dispatched by County"
10458,28da,"GVLY PD C2C","DE","Golden Valley Police Car to Car","Law Talk","Hennepin County - Municipalities Dispatched by County"
10460,28dc,"GVLY PD C2C","DE","Golden Valley Police Car to Car","Law Talk","Hennepin County - Municipalities Dispatched by County"
10466,28e2,"HC SCHL","D","School","Schools","Hennepin County - Municipalities Dispatched by County"
10468,28e4,"HC COURT ALL","D","Court Sec All Call","Security","Hennepin County - Corrections - Courts"
10470,28e6,"BPRK PD C2C","D","Brooklyn Park Police Car to Car","Law Talk","Hennepin County - Municipalities Dispatched by County"
10472,28e8,"HBP DPW","D","Brooklyn Park DPW to PD Dispatch","Multi-Talk","Hennepin County - Municipalities Dispatched by County"
10474,28ea,"HBP CW","D","Brooklyn Park Citywide","Multi-Talk","Hennepin County - Municipalities Dispatched by County"
10476,28ec,"HBP PD ADM(2)","D","Brooklyn Park PD Administrative (2)","Law Tac","Hennepin County - Municipalities Dispatched by County"
10480,28f0,"HBP FD T2T","D","Brooklyn Park Fire Truck to Truck","Fire-Talk","Hennepin County - Municipalities Dispatched by County"
10482,28f2,"HBP PD","D","Brooklyn Park PD ","Law Tac","Hennepin County - Municipalities Dispatched by County"
10484,28f4,"HBP PD ADM(1)","D","Brooklyn Park PD Administrative (1)","Law Tac","Hennepin County - Municipalities Dispatched by County"
10486,28f6,"HOS PD C2C","D","Osseo Police Car to Car","Law Talk","Hennepin County - Municipalities Dispatched by County"
10487,28f7,"HOS PD C2C","DE","Osseo Police Car to Car","Law Talk","Hennepin County - Municipalities Dispatched by County"
10488,28f8,"HOS FD PORT","D","Osseo Fire Portables","Fire-Tac","Hennepin County - Municipalities Dispatched by County"
10490,28fa,"HC LAW NE(1)","DE","Law NE Car to Car (1)","Law Talk","Hennepin County"
10491,28fb,"HC LAW NE(2)","DE","Law NE Car to Car (2)","Law Talk","Hennepin County"
10496,2900,"HCP COM","D","Champlin - City Common","Multi-Talk","Hennepin County - Municipalities Dispatched by County"
10498,2902,"HCO COM 2","D","Corcoran City Common 2","Multi-Talk","Hennepin County - Municipalities Dispatched by County"
10504,2908,"HDT PD C2C","D","Dayton Police Car to Car","Law Talk","Hennepin County - Municipalities Dispatched by County"
10505,2909,"HDT PD C2C","DE","Dayton Police Car to Car","Law Talk","Hennepin County - Municipalities Dispatched by County"
10506,290a,"HDT FD T2T","D","Dayton Fire Truck to Truck","Fire-Talk","Hennepin County - Municipalities Dispatched by County"
10510,290e,"HMG PD C2C","D","Maple Grove Police Car to Car","Law Talk","Hennepin County - Municipalities Dispatched by County"
10512,2910,"HMG PD TAC","D","Maple Grove Police Tactical","Law Tac","Hennepin County - Municipalities Dispatched by County"
10514,2912,"HMG PD EV 1","D","Maple Grove Police Event 1","Law Talk","Hennepin County - Municipalities Dispatched by County"
10516,2914,"HMG PD EV 2","D","Maple Grove Police Event 2","Law Talk","Hennepin County - Municipalities Dispatched by County"
10526,291e,"HML FD T2T","D","Medicine Lake Fire Truck to Truck","Fire-Talk","Hennepin County - Municipalities Dispatched by County"
10528,2920,"HBP FD TAC","D","Brooklyn Park Fire Tactical","Fire-Tac","Hennepin County - Municipalities Dispatched by County"
10529,2921,"HCEMTAC1","D","Emergency Management Tac 1","Emergency Ops","Hennepin County"
10530,2922,"HBP FD ADM","D","Brooklyn Park Fire Administrative","Fire-Talk","Hennepin County - Municipalities Dispatched by County"
10531,2923,"HCEMTAC2","D","Emergency Management Tac 2","Emergency Ops","Hennepin County"
10536,2928,"MNPLS 911","D","Minneapolis 911 Center","Multi-Dispatch","Minnesota Department of Public Safety - Statewide 911"
10538,292a,"HOS","D","Osseo","Multi-Talk","Hennepin County - Municipalities Dispatched by County"
10542,292e,"HWMF OPS 2","D","Crystal - New Hope - West Metro Fire Operations 2 Portables","Fire-Tac","Hennepin County - Municipalities Dispatched by County"
10544,2930,"HWMF ADM 3","D","Crystal - New Hope - West Metro Fire Operations 3 Admin.","Fire-Talk","Hennepin County - Municipalities Dispatched by County"
10546,2932,"R W SCHOOLS","D","Robbinsdale or Wayzata Schools","Schools","Hennepin County - Municipalities Dispatched by County"
10556,293c,"HRB AHS UHF","D","Robbinsdale-Armstrong High School Cross Patch to UHF","Schools","Hennepin County - Municipalities Dispatched by County"
10562,2942,"HWZ SCH ALL","D","Wayzata Schools All Call","Schools","Hennepin County - Municipalities Dispatched by County"
10564,2944,"MTK CITY3","D","Minnetonka City 3","Multi-Talk","Hennepin County - Minnetonka"
10566,2946,"MTK CITY4","D","Minnetonka City 4","Multi-Talk","Hennepin County - Minnetonka"
10568,2948,"MTK FD OPS","D","Minnetonka Fire Ops","Fire-Tac","Hennepin County - Minnetonka"
10574,294e,"HMG PD EV 4","D","Maple Grove PD Events 4","Law Talk","Hennepin County - Municipalities Dispatched by County"
10576,2950,"HDT FD OP 2","D","Dayton Fire Operations 2","Fire-Tac","Hennepin County - Municipalities Dispatched by County"
10580,2954,"HHML FD OPS2","D","Hamel Fire Operations 2 Portables","Fire-Tac","Hennepin County - Municipalities Dispatched by County"
10582,2956,"HBP FD OPS2","D","Brooklyn Park Fire Operations 2 Portables","Fire-Tac","Hennepin County - Municipalities Dispatched by County"
10584,2958,"HPL FD TAC","D","Plymouth Fire Tactical","Fire-Tac","Hennepin County - Municipalities Dispatched by County"
10586,295a,"HPL FD ALL","D","Plymouth Fire All Call","Fire Dispatch","Hennepin County - Municipalities Dispatched by County"
10588,295c,"HCSWRFC TAC 2","D","Southwest Regional Fire Cooperative Tac 2","Fire-Tac","Hennepin County"
10590,295e,"HCSWRFC TAC 3","D","Southwest Regional Fire Cooperative Tac 3","Fire-Tac","Hennepin County"
10592,2960,"HCSWRFC TAC 4","D","Southwest Regional Fire Cooperative Tac 4","Fire-Tac","Hennepin County"
10594,2962,"H EDI FR","D","Edina Fire Main","Fire Dispatch","Hennepin County - Edina - Richfield"
10596,2964,"HMG FD INSP","D","Maple Grove Fire Inspections","Fire-Tac","Hennepin County - Municipalities Dispatched by County"
10598,2966,"HWZ FD T2T","D","Wayzata Fire Truck to Truck","Fire-Talk","Hennepin County - Municipalities Dispatched by County"
10602,296a,"HPL FD ADM","D","Plymouth Fire Admin","Fire-Talk","Hennepin County - Municipalities Dispatched by County"
10604,296c,"HOS ALL","D","Osseo All Call","Multi-Dispatch","Hennepin County - Municipalities Dispatched by County"
10606,296e,"MTK COMM 1","D","City Common 1","Multi-Talk","Hennepin County - Minnetonka"
10607,296f,"MTK PD C2C(1)","DE","Minnetonka Police Car to Car (1)","Law Talk","Hennepin County - Minnetonka"
10608,2970,"GVLY FIR OP2","D","Golden Valley Fire Ops 2","Fire-Tac","Hennepin County - Municipalities Dispatched by County"
10610,2972,"HC WM FIRE","D","West Metro Fire - All Call","Fire-Tac","Hennepin County"
10612,2974,"HRB FD PORT","D","Robbinsdale Fire Portables","Fire-Tac","Hennepin County - Municipalities Dispatched by County"
10614,2976,"GVLY FIR OP3","D","Golden Valley Fire Ops 3","Fire-Tac","Hennepin County - Municipalities Dispatched by County"
10618,297a,"GVLY PW 1","D","Golden Valley Public Works 1","Public Works","Hennepin County - Municipalities Dispatched by County"
10620,297c,"GVLY PD C2C","D","Golden Valley Police Car to Car","Law Talk","Hennepin County - Municipalities Dispatched by County"
10622,297e,"GVLY CTY COM","D","Golden Valley City Common","Multi-Talk","Hennepin County - Municipalities Dispatched by County"
10624,2980,"HHML FD ","D","Hamel  Fire ","Fire-Tac","Hennepin County - Municipalities Dispatched by County"
10626,2982,"HHML FD ALL","D","Hamel  Fire All Call","Fire Dispatch","Hennepin County - Municipalities Dispatched by County"
10628,2984,"HLL FD T2T2","D","Long Lake Fire Truck to Truck 2","Fire-Talk","Hennepin County - Municipalities Dispatched by County"
10630,2986,"HC FIRE T2T","D","All City Fire Truck to Truck","Fire-Tac","Hennepin County"
10636,298c,"HLR FD ADM","D","Lorreto FD ADM","Fire-Talk","Hennepin County - Municipalities Dispatched by County"
10638,298e,"HLR FD T2T2","D","Loretto FD Truck to Truck 2 - All Call","Fire-Talk","Hennepin County - Municipalities Dispatched by County"
10640,2990,"HMD FIRE OP2","D","Mound Fire Operations 2 Portables","Fire-Tac","Hennepin County - Municipalities Dispatched by County"
10642,2992,"HRG FD OPS1","D","Rogers Fire Operations 1","Fire-Tac","Hennepin County - Municipalities Dispatched by County"
10644,2994,"HRG ALL","D","Rogers All Call","Multi-Dispatch","Hennepin County - Municipalities Dispatched by County"
10648,2998,"GVLY PW 2","D","Golden Valley Public Works 2","Public Works","Hennepin County - Municipalities Dispatched by County"
10652,299c,"HRB FD ALL","D","Robbinsdale Fire All Call","Fire Dispatch","Hennepin County - Municipalities Dispatched by County"
10654,299e,"HDT ALL","D","Dayton All Call","Multi-Dispatch","Hennepin County - Municipalities Dispatched by County"
10658,29a2,"HEX FD ALL","D","Excelsior Fire District All Call","Fire Dispatch","Hennepin County - Municipalities Dispatched by County"
10660,29a4,"HEX FD T2T3","D","Excelsior Fire District Truck to Truck 3","Fire-Talk","Hennepin County - Municipalities Dispatched by County"
10662,29a6,"HEX FD T2T4","D","Excelsior Fire District Truck to Truck 4","Fire-Talk","Hennepin County - Municipalities Dispatched by County"
10664,29a8,"HLL FD T2T3","D","Long Lake Fire Truck to Truck 3","Fire-Talk","Hennepin County - Municipalities Dispatched by County"
10666,29aa,"HLL FD T2T4","D","Long Lake Fire Truck to Truck 4","Fire-Talk","Hennepin County - Municipalities Dispatched by County"
10668,29ac,"HMD FIRE PRT","D","Mound Fire Portables","Fire-Tac","Hennepin County - Municipalities Dispatched by County"
10670,29ae,"HMD FIRE ADM","D","Mound Fire Admin","Fire-Talk","Hennepin County - Municipalities Dispatched by County"
10672,29b0,"HC ALL 672","D","All Call For 10600 - 10674","Multi-Tac","Hennepin County"
10676,29b4,"GVLY PW 3","D","Golden Valley Public Works 3","Public Works","Hennepin County - Municipalities Dispatched by County"
10680,29b8,"HC PLY ALL","D","Plymouth ACF All Call","Corrections","Hennepin County - Corrections - Courts"
10682,29ba,"HC ALL 682","D","All Call For 10684 - 10686","Multi-Tac","Hennepin County"
10688,29c0,"HWZ FD ALL","D","Wayzata Fire All Call","Fire Dispatch","Hennepin County - Municipalities Dispatched by County"
10692,29c4,"HCMC C2C","DE","HCMC Car to Car","Business","Hennepin County"
10698,29ca,"HC PW 698","D","Public Works 698","Public Works","Hennepin County"
10700,29cc,"HC HD MDNA","D","Medina Shop","Public Works","Hennepin County"
10708,29d4,"HC FLAG 1","D","Public Works Flagging 1","Public Works","Hennepin County"
10710,29d6,"HC PW T2T 710","D","Public Works Truck to Truck 710","Public Works","Hennepin County"
10712,29d8,"HC PW 712","D","Public Works 712","Public Works","Hennepin County"
10714,29da,"HC PW 714","D","Public Works 714","Public Works","Hennepin County"
10716,29dc,"HC PW ALL","D","Public Works All","Public Works","Hennepin County"
10718,29de,"HC FLAG 2","D","Public Works Flagging 2","Public Works","Hennepin County"
10720,29e0,"HC PW T2TFLAG(1)","D","Public Works Truck to Truck/Flag (1)","Public Works","Hennepin County"
10722,29e2,"HC FLAG 4","D","Public Works Flagging 4","Public Works","Hennepin County"
10724,29e4,"HC PW T2TFLAG 3","D","Public Works Truck to Truck/Flag 3","Public Works","Hennepin County"
10726,29e6,"HC PW T2T 726","D","Public Works Truck to Truck 726","Public Works","Hennepin County"
10728,29e8,"HC FLAG(5)","D","Public Works Flagging (5)","Public Works","Hennepin County"
10735,29ef,"H EDPD1E","DE","Edina Police 1","Law Dispatch","Hennepin County - Edina - Richfield"
10737,29f1,"H EDPD2E","DE","Edina Police 2","Law Dispatch","Hennepin County - Edina - Richfield"
10739,29f3,"H ED-DTL1","DE","Edina Police Detail 1","Law Tac","Hennepin County - Edina - Richfield"
10741,29f5,"H EDI C2CE","DE","Edina Police Car-to-Car","Law Talk","Hennepin County - Edina - Richfield"
10743,29f7,"H ED-DTL2","DE","Edina Police Detail 2","Law Tac","Hennepin County - Edina - Richfield"
10744,29f8,"H Edi Common","D","Edina City Common","Multi-Talk","Hennepin County - Edina - Richfield"
10746,29fa,"H EDI FEV1","D","Edina Fire Event 1","Fire-Talk","Hennepin County - Edina - Richfield"
10748,29fc,"H EDI FEV2","D","Edina Fire Event 2","Fire-Talk","Hennepin County - Edina - Richfield"
10749,29fd,"H EDI FEV3E","DE","Edina Fire Event 3","Fire-Talk","Hennepin County - Edina - Richfield"
10750,29fe,"EDIN FD TAC2","D","Edina Fire Tac 2","Fire-Tac","Hennepin County - Edina - Richfield"
10752,2a00,"H ED Page","D","Edina Fire Station Alert","Fire Dispatch","Hennepin County - Edina - Richfield"
10754,2a02,"H RI Page","D","Richfield Fire Station Alert","Fire Dispatch","Hennepin County - Edina - Richfield"
10756,2a04,"EDIN FD ALL","D","Edina Fire Tac 1 - All Alerts","Fire Dispatch","Hennepin County - Edina - Richfield"
10759,2a07,"H ED-INVE","DE","Edina Police Investigations","Law Tac","Hennepin County - Edina - Richfield"
10760,2a08,"H EDI SWAT","DE","Edina Police SWAT","Law Tac","Hennepin County - Edina - Richfield"
10762,2a0a,"HLL P WORKS","D","Long Lake Public Works","Public Works","Hennepin County - Municipalities Dispatched by County"
10766,2a0e,"HDT WORKS","D","Dayton Public Works","Public Works","Hennepin County - Municipalities Dispatched by County"
10774,2a16,"HWZ UTILIT","D","Wayzata PW Utilities","Utilities","Hennepin County - Municipalities Dispatched by County"
10776,2a18,"HSW WORKS","D","Shorewood Public Works","Public Works","Hennepin County - Municipalities Dispatched by County"
10778,2a1a,"EDIN PW MAIN","D","Edina Public Works Main","Public Works","Hennepin County - Edina - Richfield"
10782,2a1e,"EDIN PW STRT","D","Edina Public Works Streets","Public Works","Hennepin County - Edina - Richfield"
10784,2a20,"EDIN DPW","D","Edina Public Works","Public Works","Hennepin County - Edina - Richfield"
10786,2a22,"EDIN PW SUPV","D","Edina Public Works Supervisor","Public Works","Hennepin County - Edina - Richfield"
10790,2a26,"HHK PD OPS","D","Hopkins Police Operations","Law Tac","Hennepin County - Municipalities Dispatched by County"
10792,2a28,"HHK FD OP 2","D","Hopkins Fire Operations 2","Fire-Tac","Hennepin County - Municipalities Dispatched by County"
10795,2a2b,"MAC PD 1E","DE","Police PD1E","Law Tac","MAC MSP International Airport"
10796,2a2c,"MAC Fire 1","D","Fire 1","Fire-Tac","MAC MSP International Airport"
10798,2a2e,"MTK PW","D","Public Works","Public Works","Hennepin County - Minnetonka"
10802,2a32,"H-SLP 1E","DE","Police Dispatch","Law Dispatch","Hennepin County - St. Louis Park"
10804,2a34,"H-SLP FIRE","D","Fire Dispatch","Fire Dispatch","Hennepin County - St. Louis Park"
10806,2a36,"GVLY FD DISP","D","Golden Valley Fire Dispatch","Fire Dispatch","Hennepin County - Municipalities Dispatched by County"
10809,2a39,"BLM PD1E","DE","Police Dispatch 1","Law Dispatch","Hennepin County - Bloomington"
10810,2a3a,"BLM FD DISP","D","Fire Dispatch","Fire Dispatch","Hennepin County - Bloomington"
10818,2a42,"HC PLY MAINT","D","Plymouth ACF Maintenance","Corrections","Hennepin County - Corrections - Courts"
10820,2a44,"HC LAW SE(1)","DE","Law SE Car to Car (1)","Law Talk","Hennepin County"
10821,2a45,"HC LAW SE(2)","DE","Law SE Car to Car (2)","Law Talk","Hennepin County"
10826,2a4a,"MTK COMM 2","D","City Common 2","Multi-Talk","Hennepin County - Minnetonka"
10830,2a4e,"HC SW ERT 1","DE","SW Metro ERT 1","Law Tac","Hennepin County"
10832,2a50,"HC PLY MEN","D","Plymouth ACF Mens Section","Corrections","Hennepin County - Corrections - Courts"
10834,2a52,"HC PLY WOMEN","D","Plymouth ACF Womens Section","Corrections","Hennepin County - Corrections - Courts"
10836,2a54,"HC ACF WORK(1)","D","ACF Workhouse (1)","Corrections","Hennepin County - Corrections - Courts"
10838,2a56,"HC PLY TAC","D","Plymouth ACF Tactical","Corrections","Hennepin County - Corrections - Courts"
10840,2a58,"MTK FIRE 2","D","Fire Main 2","Fire Dispatch","Hennepin County - Minnetonka"
10842,2a5a,"HC PLY SUPLY","D","Plymouth ACF Supplies","Corrections","Hennepin County - Corrections - Courts"
10844,2a5c,"HC SW ERT 2","DE","SW Metro ERT 2","Law Tac","Hennepin County"
10846,2a5e,"HC PLY C2C","D","Plymouth ACF Car to Car","Corrections","Hennepin County - Corrections - Courts"
10848,2a60,"MTK CITY1","D","Minnetonka City 1","Multi-Talk","Hennepin County - Minnetonka"
10851,2a63,"MAC PD TCAE","DE","Police TCAE","Law Tac","MAC MSP International Airport"
10852,2a64,"MAC PD ERTE","DE","Police ERTE","Law Tac","MAC MSP International Airport"
10853,2a65,"MAC PD C2CE","DE","Police C2CE","Law Talk","MAC MSP International Airport"
10855,2a67,"MAC PD ADME","DE","Police ADME","Law Tac","MAC MSP International Airport"
10856,2a68,"MTK PD C2C(2)","DE","Police Car to Car (2)","Law Tac","Hennepin County - Minnetonka"
10858,2a6a,"MAC Fire 3","D","Fire 3","Fire-Tac","MAC MSP International Airport"
10860,2a6c,"MAC Fire Stn 1","D","Station 1 Alert","Fire Dispatch","MAC MSP International Airport"
10862,2a6e,"MAC Fire Stn 2","D","Station 2 Alert","Fire Dispatch","MAC MSP International Airport"
10864,2a70,"MAC Fire Alert","D","Alert All","Fire Dispatch","MAC MSP International Airport"
10866,2a72,"MAC F OPS 1","D","Field Ops 1","Public Works","MAC MSP International Airport"
10868,2a74,"MAC F OPS 2","D","Field Ops 2","Public Works","MAC MSP International Airport"
10870,2a76,"MAC F OPS 3","D","Field Ops 3","Public Works","MAC MSP International Airport"
10872,2a78,"MAC F OPS 4","D","Field Ops 4","Public Works","MAC MSP International Airport"
10874,2a7a,"MAC F ALL","D","Field All Call","Public Works","MAC MSP International Airport"
10876,2a7c,"MAC OPS","D","Airport Operations","Multi-Tac","MAC MSP International Airport"
10878,2a7e,"MAC COMMON","D","Airport Common","Multi-Tac","MAC MSP International Airport"
10880,2a80,"MAC TAC 1","D","Airport Tactical 1","Multi-Tac","MAC MSP International Airport"
10882,2a82,"MAC TAC 2","D","Airport Tactical 2","Multi-Tac","MAC MSP International Airport"
10884,2a84,"MAC TAC 3","D","Airport Tactical 3","Multi-Tac","MAC MSP International Airport"
10886,2a86,"MAC F OPS","D","MAC Operations","Public Works","MAC MSP International Airport"
10888,2a88,"MAC Fire 2","D","Fire 2","Fire-Tac","MAC MSP International Airport"
10894,2a8e,"HC HWY MNT","D","Highway Maintenance","Public Works","Hennepin County"
10902,2a96,"HHK PD TAC","D","Hopkins Police Tactical","Law Tac","Hennepin County - Municipalities Dispatched by County"
10904,2a98,"HHK COMM","D","Hopkins City Common","Multi-Talk","Hennepin County - Municipalities Dispatched by County"
10906,2a9a,"HHK FD T2T","D","Hopkins Fire Truck to Truck","Fire-Talk","Hennepin County - Municipalities Dispatched by County"
10908,2a9c,"HHK FD OP 3","D","Hopkins Fire Operations 3","Fire-Tac","Hennepin County - Municipalities Dispatched by County"
10910,2a9e,"HWZ COMMON","D","Wayzata City Common","Multi-Talk","Hennepin County - Municipalities Dispatched by County"
10912,2aa0,"HC LAKES EMG","D","Lakes Area Emergency","Emergency Ops","Hennepin County"
10914,2aa2,"HC ACF WORK(2)","D","ACF Workhouse (2)","Corrections","Hennepin County - Corrections - Courts"
10916,2aa4,"HC PLY ALL(2)","D","Plymouth ACF All Call (2)","Corrections","Hennepin County - Corrections - Courts"
10926,2aae,"BLM PD2E","DE","Police Dispatch 2","Law Dispatch","Hennepin County - Bloomington"
10928,2ab0,"BLM PD TAC8E","DE","Police TAC 8E","Law Tac","Hennepin County - Bloomington"
10930,2ab2,"BLM PD TAC9E","DE","Police TAC 9E","Law Tac","Hennepin County - Bloomington"
10932,2ab4,"BLM PD3","D","Police 3","Law Talk","Hennepin County - Bloomington"
10937,2ab9,"BLM PD TAC10E","DE","Police TAC 10E","Law Tac","Hennepin County - Bloomington"
10940,2abc,"BLM COM","D","City Common","Interop","Hennepin County - Bloomington"
10942,2abe,"BLM PD TAC7E","DE","Police TAC 7E","Law Tac","Hennepin County - Bloomington"
10944,2ac0,"BLM PD TAC6E","DE","Police TAC 6E","Law Tac","Hennepin County - Bloomington"
10946,2ac2,"BLM PD TAC4E","DE","Police TAC 4E","Law Tac","Hennepin County - Bloomington"
10948,2ac4,"BLM RAD TECH","D","Radio Technicians","Public Works","Hennepin County - Bloomington"
10950,2ac6,"BLM FIRE PRV","D","Fire Prevention","Fire-Tac","Hennepin County - Bloomington"
10952,2ac8,"BLM FIREGND2","D","Fireground 2","Fire-Tac","Hennepin County - Bloomington"
10954,2aca,"BLM FIREGND3","D","Fireground 3","Fire-Tac","Hennepin County - Bloomington"
10956,2acc,"BLM FIREGND4","D","Fireground 4","Fire-Tac","Hennepin County - Bloomington"
10958,2ace,"BLM FIREGND5","D","Fireground 5","Fire-Tac","Hennepin County - Bloomington"
10960,2ad0,"BLM PW(1)","D","Public Works (1)","Public Works","Hennepin County - Bloomington"
10962,2ad2,"BLM FIRE TRN","D","Fire Training","Fire-Tac","Hennepin County - Bloomington"
10964,2ad4,"BLM FIRE ADM","D","Fire Admin","Fire-Tac","Hennepin County - Bloomington"
10966,2ad6,"BLM PAGE","D","Fire Paging","Fire Dispatch","Hennepin County - Bloomington"
10970,2ada,"HC HM SCHL 1","D","Home School 1 Main - Juveniles","Corrections","Hennepin County - Corrections - Courts"
10972,2adc,"HC HM SCHL 2","D","Home School 2","Corrections","Hennepin County - Corrections - Courts"
10974,2ade,"HC HM SCHL 3","D","Home School 3","Corrections","Hennepin County - Corrections - Courts"
10976,2ae0,"HC HM SCHL 4","D","Home School 4","Corrections","Hennepin County - Corrections - Courts"
10978,2ae2,"HC HM SCHL 5","D","Home School 5","Corrections","Hennepin County - Corrections - Courts"
10982,2ae6,"HC JDC 2","D","Juv Center 2","Corrections","Hennepin County - Corrections - Courts"
10990,2aee,"HHV FD T2T","D","Hanover - Fire Truck to Truck","Fire-Talk","Hennepin County - Municipalities Dispatched by County"
10994,2af2,"MAC Sandbarn","D","Snow Removal 6 Sandbarn","Public Works","MAC MSP International Airport"
10996,2af4,"HBC PD C2C","D","Brooklyn Center Police Car to Car","Law Talk","Hennepin County - Municipalities Dispatched by County"
11004,2afc,"HBC FD T2T","D","Brooklyn Center Fire Truck 2 Truck","Fire-Talk","Hennepin County - Municipalities Dispatched by County"
11006,2afe,"HBC FD PORT","D","Brooklyn Center Fire Portables","Fire-Tac","Hennepin County - Municipalities Dispatched by County"
11012,2b04,"HMD COMMON","D","Medina City Common","Multi-Talk","Hennepin County - Municipalities Dispatched by County"
11018,2b0a,"HDP COMMON","D","Deephaven City Common","Multi-Talk","Hennepin County - Municipalities Dispatched by County"
11020,2b0c,"BLM PD TAC11E","DE","Police TAC 11E","Law Tac","Hennepin County - Bloomington"
11022,2b0e,"BLM PD TAC5E","DE","Police TAC 5E","Law Tac","Hennepin County - Bloomington"
11024,2b10,"H32P TAC1E","DE","Brooklyn Center Police Tac 1E","Law Tac","Hennepin County - Municipalities Dispatched by County"
11026,2b12,"H32P TAC2E ","DE","Brooklyn Center Police Tac 2E","Law Tac","Hennepin County - Municipalities Dispatched by County"
11028,2b14,"MAC Facilities","D","Facilities","Public Works","MAC MSP International Airport"
11030,2b16,"MAC Testing","D","Testing","Public Works","MAC MSP International Airport"
11032,2b18,"H-SLPOPS1","D","Fire Ops 1","Fire-Tac","Hennepin County - St. Louis Park"
11034,2b1a,"H-SLPPW1","D","Public Works 1","Public Works","Hennepin County - St. Louis Park"
11036,2b1c,"H-SLPCOM-E","DE","City Common Secure","Multi-Talk","Hennepin County - St. Louis Park"
11038,2b1e,"H-SLPCTY","D","City Common","Multi-Talk","Hennepin County - St. Louis Park"
11040,2b20,"SLP PD C2C","DE","Police Car to Car","Law Tac","Hennepin County - St. Louis Park"
11041,2b21,"H-SLP 2E","DE","Police 2","Law Tac","Hennepin County - St. Louis Park"
11042,2b22,"VAMC PD DISP","DE","VAMC Police Dispatch","Law Dispatch","Hennepin County"
11044,2b24,"BLM PW(2)","D","Public Works (2)","Public Works","Hennepin County - Bloomington"
11048,2b28,"HC WMD 1","De","Weapons of Mass Destruction 1","Emergency Ops","Hennepin County"
11050,2b2a,"HC WMD 2","De","Weapons of Mass Destruction 2","Emergency Ops","Hennepin County"
11052,2b2c,"H-SLPPW2","D","Public Works 2","Public Works","Hennepin County - St. Louis Park"
11054,2b2e,"H-SLPPW3","D","Public Works 3","Public Works","Hennepin County - St. Louis Park"
11056,2b30,"HC WMD ALL","De","Weapons of Mass Destruction All","Emergency Ops","Hennepin County"
11058,2b32,"HCMC CP","D","HCMC Community Paramedic","EMS-Tac","Hennepin County Medical Center EMS"
11062,2b36,"HCEPPDINV1","D","Investigators 1","Law Tac","Hennepin County - Eden Prairie"
11066,2b3a,"MTK FD ADM(2)","D","Fire Admin (2)","Fire-Talk","Hennepin County - Minnetonka"
11068,2b3c,"BLM PW SPF(6)","D","DPW Streets (6)","Public Works","Hennepin County - Bloomington"
11072,2b40,"BLM PW SPF(7)","D","DPW Streets (7)","Public Works","Hennepin County - Bloomington"
11076,2b44,"HCSWRFC TAC 5","D","Southwest Regional Fire Cooperative Tac 5","Fire-Tac","Hennepin County"
11078,2b46,"HCSWRFC TAC 6","D","Southwest Regional Fire Cooperative Tac 6","Fire-Tac","Hennepin County"
11080,2b48,"HCSWRFC TAC 7","D","Southwest Regional Fire Cooperative Tac 7","Fire-Tac","Hennepin County"
11082,2b4a,"BLM PW(3)","D","Public Works (3)","Public Works","Hennepin County - Bloomington"
11084,2b4c,"BLM PUB UTIL","D","Utlilities","Utilities","Hennepin County - Bloomington"
11086,2b4e,"BLM PW(4)","D","Public Works (4)","Public Works","Hennepin County - Bloomington"
11088,2b50,"BLM CTY ADM","D","City Administration","Public Works","Hennepin County - Bloomington"
11092,2b54,"HCEPFDMAIN","D","Fire Main","Fire Dispatch","Hennepin County - Eden Prairie"
11094,2b56,"HCEPCOMSTF","DE","COMSTF","Law Tac","Hennepin County - Eden Prairie"
11142,2b86,"H RI PDINVE","DE","Richfield Police Investigations","Law Tac","Hennepin County - Edina - Richfield"
11148,2b8c,"H RI PD TAC1E","DE","Richfield Police Tactical 1","Law Tac","Hennepin County - Edina - Richfield"
11150,2b8e,"H RI PDTAC2E","DE","Richfield Police Tactical 2","Law Tac","Hennepin County - Edina - Richfield"
11153,2b91,"H RI C2CE","DE","Richfield Police Car-to-Car","Law Talk","Hennepin County - Edina - Richfield"
11156,2b94,"H RI PD RESV","D","Richfield Police Reserves","Law Tac","Hennepin County - Edina - Richfield"
11158,2b96,"RICH FD ALT1","D","Richfield Fire Station 1 Alerting","Fire Dispatch","Hennepin County - Edina - Richfield"
11160,2b98,"H RI Fire Main","D","Richfield Fire Main","Fire Dispatch","Hennepin County - Edina - Richfield"
11162,2b9a,"H RI FEV","D","Richfield Fire Event","Fire-Talk","Hennepin County - Edina - Richfield"
11164,2b9c,"RICH COMMON","D","Richfield City Common","Multi-Tac","Hennepin County - Edina - Richfield"
11172,2ba4,"RICH FD ALT2","D","Richfield Fire Station 2 Alerting","Fire Dispatch","Hennepin County - Edina - Richfield"
11180,2bac,"H-SLPOPS2","D","Fire Ops 2","Fire-Tac","Hennepin County - St. Louis Park"
11182,2bae,"H-SLPOPS3","D","Fire Ops 3","Fire-Tac","Hennepin County - St. Louis Park"
11184,2bb0,"H-SLPOPS4","D","Fire Ops 4","Fire-Tac","Hennepin County - St. Louis Park"
11190,2bb6,"HCEPPD1E","DE","Police Patrol 1","Law Dispatch","Hennepin County - Eden Prairie"
11192,2bb8,"HCEPD2E","DE","Police Patrol 2","Law Dispatch","Hennepin County - Eden Prairie"
11194,2bba,"HCEPPDTRL3E","DE","Police Patrol 3","Law Tac","Hennepin County - Eden Prairie"
11196,2bbc,"HCEPDPTRL4E","DE","Police Patrol 4","Law Tac","Hennepin County - Eden Prairie"
11198,2bbe,"HCEPPDINV1E","DE","Investigators 1 Secure","Law Tac","Hennepin County - Eden Prairie"
11200,2bc0,"HCEPPDSWATE","D","SWAT","Law Tac","Hennepin County - Eden Prairie"
11202,2bc2,"HPL PD","DE","Plymouth PD","Law Tac","Hennepin County - Municipalities Dispatched by County"
11204,2bc4,"HC VOTF","De","Violent Offender Task Force","Law Tac","Hennepin County"
11210,2bca,"HNH COMMON","D","New Hope City Common","Multi-Talk","Hennepin County - Municipalities Dispatched by County"
11218,2bd2,"GVLY PD/FD","D","Golden Valley Police/Fire Common","Multi-Talk","Hennepin County - Municipalities Dispatched by County"
11220,2bd4,"HCEPPD3","DE","Police Patrol 3","Law Dispatch","Hennepin County - Eden Prairie"
11222,2bd6,"HCEPHSSEC","D","High School Security","Security","Hennepin County - Eden Prairie"
11224,2bd8,"HCEPCTR","D","Eden Prairie Center Security","Security","Hennepin County - Eden Prairie"
11226,2bda,"HCEPFCTOWER","D","Flying Cloud Airport ATC Link 1","Emergency Ops","Hennepin County - Eden Prairie"
11230,2bde,"HCEPPWSUP","D","Public Works Admin","Public Works","Hennepin County - Eden Prairie"
11232,2be0,"HCEPPDTAC1E","D","Police Tac 1","Law Tac","Hennepin County - Eden Prairie"
11234,2be2,"HCEPFDFG1","D","Fireground 1","Fire-Tac","Hennepin County - Eden Prairie"
11236,2be4,"HCEPFDFG2","D","Fireground 2","Fire-Tac","Hennepin County - Eden Prairie"
11238,2be6,"HCEPFDFG3","D","Fireground 3","Fire-Tac","Hennepin County - Eden Prairie"
11240,2be8,"HCEPFDFG4","D","Fireground 4","Fire-Tac","Hennepin County - Eden Prairie"
11242,2bea,"HCEPPDTAC2E","D","Police Tac 2","Law Tac","Hennepin County - Eden Prairie"
11244,2bec,"SWMT OPS 1","D","Bus Operations 1","Transportation","SouthWest Metro Transit Commission"
11245,2bed,"HCEP272TRN1","D","ISD #272 Transportation 1","Schools","Hennepin County - Eden Prairie"
11246,2bee,"SWMT OPS 2","D","Bus Operations 2","Transportation","SouthWest Metro Transit Commission"
11248,2bf0,"SWMT SUPV","D","Supervisors","Transportation","SouthWest Metro Transit Commission"
11250,2bf2,"SWMT OPS 4","D","Bus Operations 4","Transportation","SouthWest Metro Transit Commission"
11252,2bf4,"SWMT OPS 5","D","Bus Operations 5","Transportation","SouthWest Metro Transit Commission"
11254,2bf6,"HCR COMMON","D","Crystal City Common","Multi-Talk","Hennepin County - Municipalities Dispatched by County"
11256,2bf8,"HCR WORKS","D","Crystal Public Works","Public Works","Hennepin County - Municipalities Dispatched by County"
11258,2bfa,"HCEPFDINSP","D","Fire Inspections","Fire-Talk","Hennepin County - Eden Prairie"
11260,2bfc,"VAMC C2C","DE","Minneapolis VAMC Car to Car","Law Talk","Hennepin County"
11274,2c0a,"HCEPFDFG5","D","Fireground 5","Fire-Tac","Hennepin County - Eden Prairie"
11282,2c12,"HCMC TAC 5","D","HCMC EMS Tactical 5","EMS-Tac","Hennepin County Medical Center EMS"
11284,2c14,"HCMC TAC 6","D","HCMC EMS Tactical 6","EMS-Tac","Hennepin County Medical Center EMS"
11286,2c16,"HCMC TAC 7","D","HCMC EMS Tactical 7","EMS-Tac","Hennepin County Medical Center EMS"
11288,2c18,"HCMC TAC 8","D","HCMC EMS Tactical 8","EMS-Tac","Hennepin County Medical Center EMS"
11290,2c1a,"HCMC MAIN","D","HCMC Ambulance","EMS Dispatch","Hennepin County Medical Center EMS"
11292,2c1c,"WPS MAIN","D","Wayzata Schools Main","Schools","Hennepin County - Municipalities Dispatched by County"
11294,2c1e,"BLM ALL CALL","D","Bloomington All","Multi-Dispatch","Hennepin County - Bloomington"
11295,2c1f,"HPL COMMON","D","Plymouth Common","Multi-Talk","Hennepin County - Municipalities Dispatched by County"
11297,2c21,"HWZ SCH BUS","D","Wayzata Schools Transportation","Transportation","Hennepin County - Municipalities Dispatched by County"
11299,2c23,"HWZ WEST MS","D","Wayzata West Middle School","Schools","Hennepin County - Municipalities Dispatched by County"
11310,2c2e,"HC MG COMM","D","Maple Grove Common","Multi-Talk","Hennepin County - Municipalities Dispatched by County"
11484,2cdc,"HCP P WRKS2","D","Champlin Public Works - Water/Sewer","Utilities","Hennepin County - Municipalities Dispatched by County"
11490,2ce2,"RAS MAIN","D","Robbinsdale Schools Main","Schools","Hennepin County - Municipalities Dispatched by County"
11492,2ce4,"HRB SCH","D","Robbinsdale Schools","Schools","Hennepin County - Municipalities Dispatched by County"
11494,2ce6,"HRB SCH UHF","D","Robbinsdale Schools Emergency Cross Patch to UHF","Schools","Hennepin County - Municipalities Dispatched by County"
11496,2ce8,"HRB SCH ","D","Robbinsdale Schools","Schools","Hennepin County - Municipalities Dispatched by County"
11498,2cea,"HRB SCH ","D","Robbinsdale Schools","Schools","Hennepin County - Municipalities Dispatched by County"
11500,2cec,"RA COM","D","Ramsey Co Common","Multi-Tac","Ramsey County"
11502,2cee,"RA POOL 1","D","Ramsey Pool 1","Multi-Tac","Ramsey County"
11504,2cf0,"RA POOL 2","D","Ramsey Pool 2","Multi-Tac","Ramsey County"
11506,2cf2,"RA POOL 3","D","Ramsey Pool 3","Multi-Tac","Ramsey County"
11508,2cf4,"RA POOL 4","D","Ramsey Pool 4","Multi-Tac","Ramsey County"
11516,2cfc,"RA SO E","D","Ramsey Law Dispatch East","Law Dispatch","Ramsey County"
11518,2cfe,"RA SO C","D","Ramsey Law Dispatch Central","Law Dispatch","Ramsey County"
11520,2d00,"RA SO W","D","Ramsey Law Dispatch West","Law Dispatch","Ramsey County"
11522,2d02,"RA FIRE S SP","D","Ramsey Fire Dispatch South - St. Paul","Fire Dispatch","Ramsey County"
11524,2d04,"RA FIRE N","D","Ramsey Fire Dispatch North","Fire Dispatch","Ramsey County"
11526,2d06,"RA SO DATA","D","Ramsey Law Data North","Law Tac","Ramsey County"
11530,2d0a,"RA SO C2C","D","Ramsey "Lower 2" Deputy Car to Car","Law Tac","Ramsey County"
11532,2d0c,"SPPD 5 Info","D","SPPD 5 Information/Records","Law Tac","Ramsey County - St. Paul"
11536,2d10,"RA POOL 5","D","Ramsey Pool 5","Multi-Tac","Ramsey County"
11538,2d12,"RA POOL 6","D","Ramsey Pool 6","Multi-Tac","Ramsey County"
11540,2d14,"RA POOL 7","D","Ramsey Pool 7","Multi-Tac","Ramsey County"
11542,2d16,"RA POOL 8","D","Ramsey Pool 8","Multi-Tac","Ramsey County"
11544,2d18,"RA POOL 9","D","Ramsey Pool 9","Multi-Tac","Ramsey County"
11546,2d1a,"RA POOL 10","D","Ramsey Pool 10","Multi-Tac","Ramsey County"
11548,2d1c,"RA LE TAC 1","D","Law Tactical 1","Law Tac","Ramsey County"
11550,2d1e,"RA LE TAC 2","D","Law Tactical 2","Law Tac","Ramsey County"
11554,2d22,"RA LE VARDA","D","Law VARDA","Law Tac","Ramsey County"
11558,2d26,"SPPD 1  W","D","SPPD 1 West","Law Dispatch","Ramsey County - St. Paul"
11560,2d28,"SPPD  2  C","D","SPPD 2 Central","Law Dispatch","Ramsey County - St. Paul"
11562,2d2a,"SPPD  3  E","D","SPPD 3 East","Law Dispatch","Ramsey County - St. Paul"
11564,2d2c,"NS HAZMAT 1","D","North Suburban Hazardous Matrerials Team Tactical 2","Emergency Ops","Ramsey County"
11566,2d2e,"NS HAZMAT 2","D","North Suburban Hazardous Matrerials Team Tactical 3","Emergency Ops","Ramsey County"
11570,2d32,"RA LE 1","DE","LE 1","Law Tac","Ramsey County"
11572,2d34,"RA LE 2","DE","LE 2","Law Tac","Ramsey County"
11574,2d36,"RA LE 3","DE","LE 3","Law Tac","Ramsey County"
11576,2d38,"RA LE 4","DE","LE 4","Law Tac","Ramsey County"
11578,2d3a,"RA LE 5","DE","LE 5","Law Tac","Ramsey County"
11580,2d3c,"RA LE 6","DE","LE 6","Law Tac","Ramsey County"
11582,2d3e,"RA LE 7","DE","LE 7","Law Tac","Ramsey County"
11584,2d40,"RA LE 8","DE","LE 8","Law Tac","Ramsey County"
11586,2d42,"RA LE 9","DE","LE 9","Law Tac","Ramsey County"
11588,2d44,"RA LE 10","DE","LE 10","Law Tac","Ramsey County"
11590,2d46,"RA LE 11","DE","LE 11","Law Tac","Ramsey County"
11592,2d48,"RA LE 12","DE","LE 12","Law Tac","Ramsey County"
11594,2d4a,"RA LE 13","DE","LE 13 SWAT 1 ","Law Tac","Ramsey County"
11596,2d4c,"RA LE 14","DE","LE 14","Law Tac","Ramsey County"
11598,2d4e,"RA WATER PTRL","D","Water Patrol","Law Tac","Ramsey County"
11600,2d50,"RA PARK PT","D","SO Park Patrol","Law Tac","Ramsey County"
11602,2d52,"RA WATER PT","D","SO Water Patrol","Law Tac","Ramsey County"
11614,2d5e,"RA CT SEC MAIN","D","County Court Security Main","Security","Ramsey County"
11628,2d6c,"RA JAIL(1)","D","Jail Operations (1)","Corrections","Ramsey County"
11630,2d6e,"RA 11630","D","Ramsey 630","Multi-Tac","Ramsey County"
11632,2d70,"RA FIRE ADM","D","Fire Admin","Fire-Tac","Ramsey County"
11634,2d72,"RA FIRE OP 4","D","Fire Ops 4","Fire-Tac","Ramsey County"
11636,2d74,"RA FIRE OP 5","D","Fire Ops 5","Fire-Tac","Ramsey County"
11638,2d76,"RA FIRE OP 6","D","Fire Ops 6","Fire-Tac","Ramsey County"
11640,2d78,"RA FIRE OP 7","D","Fire Ops 7","Fire-Tac","Ramsey County"
11642,2d7a,"RA FIRE OP 8","D","Fire Ops 8","Fire-Tac","Ramsey County"
11644,2d7c,"RA FIRE OP 9","D","Fire Ops 9","Fire-Tac","Ramsey County"
11646,2d7e,"RA FIRE OP10","D","Fire Ops 10","Fire-Tac","Ramsey County"
11650,2d82,"RA WORKS 1 ","D","Public Works 1 Main","Public Works","Ramsey County"
11652,2d84,"RA WORKS 2","D","Public Works 2 Truck to Truck","Public Works","Ramsey County"
11654,2d86,"RA WORKS 3","D","Public Works 3 Flagging","Public Works","Ramsey County"
11656,2d88,"RA WORKS 4","D","Public Works 4","Public Works","Ramsey County"
11658,2d8a,"RA WORKS 5","D","Public Works 5","Public Works","Ramsey County"
11660,2d8c,"RA WORKS 6","D","Public Works 6","Public Works","Ramsey County"
11662,2d8e,"RA WORKS 7","D","Public Works 7","Public Works","Ramsey County"
11664,2d90,"RA WORKS 8","D","Public Works 8 Sign Shop","Public Works","Ramsey County"
11666,2d92,"RA WORKS 9","D","Public Works 9 Roads","Public Works","Ramsey County"
11668,2d94,"RA WORKS 10","D","Public Works 10 All Call","Public Works","Ramsey County"
11700,2db4,"RA JAIL CTL","D","Jail Control","Corrections","Ramsey County"
11710,2dbe,"RA JAIL(2)","D","Jail Operations (2)","Corrections","Ramsey County"
11718,2dc6,"RA JAIL(3)","D","Jail Operations (3)","Corrections","Ramsey County"
11958,2eb6,"RA FIRE DIS","D","Automated Fire Dispatch Testing","Fire Dispatch","Ramsey County"
11960,2eb8,"RA TRN 1","D","Training 1","Multi-Tac","Ramsey County"
11962,2eba,"RA TRN 2","D","Training 2","Multi-Tac","Ramsey County"
11964,2ebc,"RA TRN 3","D","Training 3","Multi-Tac","Ramsey County"
11966,2ebe,"RA TRN 4","D","Training 4","Multi-Tac","Ramsey County"
11968,2ec0,"RA TRN 5","D","Training 5","Multi-Tac","Ramsey County"
11970,2ec2,"RA TRN 6","D","Training 6","Multi-Tac","Ramsey County"
11972,2ec4,"RA FIRE(1)","D","Ramsey Fire (1)","Fire-Tac","Ramsey County"
11974,2ec6,"RA FIRE(2)","D","Ramsey Fire (2)","Fire-Tac","Ramsey County"
11976,2ec8,"RA FIRE(3) ","D","Ramsey Fire (3)","Fire-Tac","Ramsey County"
11978,2eca,"RA FIRE(4) ","D","Ramsey Fire (4)","Fire-Tac","Ramsey County"
11980,2ecc,"RA FIRE(5) ","D","Ramsey Fire (5)","Fire-Tac","Ramsey County"
11984,2ed0,"RA FIRE(6) ","D","Ramsey Fire (6)","Fire-Tac","Ramsey County"
11986,2ed2,"RA FIRE(7)","D","Ramsey Fire (&)","Fire-Tac","Ramsey County"
11988,2ed4,"RA FIRE ALL","D","Ramsey Fire All Call","Fire Dispatch","Ramsey County"
11990,2ed6,"RA EM 1","D","Ramsey County Emerg Mgmt 1","Emergency Ops","Ramsey County"
11992,2ed8,"RA EM 2","D","Ramsey County Emerg Mgmt 2","Emergency Ops","Ramsey County"
11994,2eda,"RA EM 3","D","Ramsey County Emerg Mgmt 3","Emergency Ops","Ramsey County"
11997,2edd,"RA HEALTH","D","Ramsey County Public Health Dept","Public Works","Ramsey County"
12000,2ee0,"NB-COM","D","New Brighton City Common","Multi-Tac","Ramsey County - Cities"
12002,2ee2,"NB-C2C","D","New Brighton PD Car to Car","Law Tac","Ramsey County - Cities"
12004,2ee4,"NB-FG2","D","New Brighton Fireground 2","Fire-Tac","Ramsey County - Cities"
12006,2ee6,"NB-FG3","D","New Brighton Fireground 3","Fire-Tac","Ramsey County - Cities"
12012,2eec,"NSP COMMON","D","North St. Paul City Common","Interop","Ramsey County - Cities"
12014,2eee,"NSP PD C2C","D","N. St. Paul Police Car to Car","Law Tac","Ramsey County - Cities"
12016,2ef0,"NSP FGND 2","D","N. St. Paul Fire Fireground 2","Fire-Tac","Ramsey County - Cities"
12018,2ef2,"NSP FGND 3","D","N. St. Paul Fire Fireground 3","Fire-Tac","Ramsey County - Cities"
12030,2efe,"MDVW PD C2C","D","Mounds View Police Car to Car","Law Tac","Ramsey County - Cities"
12050,2f12,"RVL PD C2C","D","Roseville Police Car to Car","Law Tac","Ramsey County - Cities"
12052,2f14,"RVL COMMON","D","Roseville City Common","Interop","Ramsey County - Cities"
12054,2f16,"RVL PD TAC","D","Roseville Police Tactical","Law Tac","Ramsey County - Cities"
12056,2f18,"RVL FGND 2","D","Roseville Fireground 2","Fire-Tac","Ramsey County - Cities"
12058,2f1a,"RVL FGND 3","D","Roseville Fireground 3","Fire-Tac","Ramsey County - Cities"
12062,2f1e,"RVL FD ALL","D","Roseville Fire All","Fire-Tac","Ramsey County - Cities"
12064,2f20,"RSDLE LINK","D","RPD / Rosedale link ","Law Tac","Ramsey County - Cities"
12070,2f26,"FHTS FGND 2","D","Falcon Heights Fire Fireground 2","Fire-Tac","Ramsey County - Cities"
12072,2f28,"FHTS FGND 3","D","Falcon Heights Fire Fireground 3","Fire-Tac","Ramsey County - Cities"
12080,2f30,"LKJOH FGND 2","D","Lake Johanna Fire Fireground 2","Fire-Tac","Ramsey County - Cities"
12082,2f32,"LKJOH FGND 3","D","Lake Johanna Fire Fireground 3","Fire-Tac","Ramsey County - Cities"
12098,2f42,"WB LK COMM","D","White Bear Lake Common","Interop","Ramsey County - Cities"
12100,2f44,"WB LK PD 1","D","White Bear Lake Police Dispatch","Law Dispatch","Ramsey County - Cities"
12102,2f46,"WB LK PD 2","D","White Bear Lake Police 2","Law Tac","Ramsey County - Cities"
12104,2f48,"WB LK FG 2","D","White Bear Lake Fireground 2","Fire-Tac","Ramsey County - Cities"
12106,2f4a,"WB LK FG 3","D","White Bear Lake Fireground 3","Fire-Tac","Ramsey County - Cities"
12108,2f4c,"WB LK FIRE","D","White Bear Lake Fire Main 1","Fire Dispatch","Ramsey County - Cities"
12110,2f4e,"WB LK WORKS","D","White Bear Lake Public Works","Public Works","Ramsey County - Cities"
12120,2f58,"MPLD COMMON","D","Maplewood City Common","Interop","Ramsey County - Cities"
12122,2f5a,"MPLD PD C2C","D","Maplewood Police Car to Car","Law Tac","Ramsey County - Cities"
12124,2f5c,"MPLD FG 2","D","Maplewood Fireground 2","Fire-Tac","Ramsey County - Cities"
12128,2f60,"MPLD PD TAC","D","Maplewood Police Tactical","Law Tac","Ramsey County - Cities"
12140,2f6c,"LCAN FGND 2","D","Little Canada Fire Fireground 2","Fire-Tac","Ramsey County - Cities"
12142,2f6e,"LCAN FGND 3","D","Little Canada Fire Fireground 3","Fire-Tac","Ramsey County - Cities"
12150,2f76,"VDHT FG 2","D","Vadnais Heights Fireground 2","Fire-Tac","Ramsey County - Cities"
12178,2f92,"SHRVW WORKS","D","Shoreview Public Works","Public Works","Ramsey County - Cities"
12190,2f9e,"WB TWP PW","D","White Bear Township Public Works","Public Works","Ramsey County - Cities"
12376,3058,"SP SCH TRAN DISP","D","School Transportation Dispatch","Schools","Ramsey County - St. Paul"
12378,305a,"SP SCH TRAN SAFT","D","School Transportation Safety","Schools","Ramsey County - St. Paul"
12380,305c,"SP SCH TRAN","D","School Transportation","Schools","Ramsey County - St. Paul"
12382,305e,"SP SCH TRAN SPV","D","School Transportation Supervisor","Schools","Ramsey County - St. Paul"
12400,3070,"SPPD 4 CC","D","SPPD 4 Car to Car","Law Talk","Ramsey County - St. Paul"
12402,3072,"SPPD 12402","De","SPPD 12402","Law Tac","Ramsey County - St. Paul"
12404,3074,"SP COM 3","D","St Paul Common 3","Interop","Ramsey County - St. Paul"
12408,3078,"SPPD OPS 1","D","Operations 1","Law Tac","Ramsey County - St. Paul"
12410,307a,"SPPD OPS 2","D","Operations 2","Law Tac","Ramsey County - St. Paul"
12412,307c,"SPPD OPS 3","D","Operations 3","Law Tac","Ramsey County - St. Paul"
12414,307e,"SPPD OPS 4","D","Operations 4","Law Tac","Ramsey County - St. Paul"
12416,3080,"SP ANIMAL","D","St Paul Animal Control","Public Works","Ramsey County - St. Paul"
12424,3088,"SPPD 12424","DE","Police 12424","Law Tac","Ramsey County - St. Paul"
12426,308a,"SPPD 12426","DE","Police 12426","Law Tac","Ramsey County - St. Paul"
12428,308c,"SPPD 12428","DE","Police 12428","Law Tac","Ramsey County - St. Paul"
12438,3096,"SPPD 12438","DE","Police 12438","Law Tac","Ramsey County - St. Paul"
12440,3098,"SPPD 12440","DE","Police 12440","Law Tac","Ramsey County - St. Paul"
12442,309a,"SPPD 12442","DE","Police 12442","Law Tac","Ramsey County - St. Paul"
12444,309c,"SPPD 6e","DE","Police 6 Secure","Law Tac","Ramsey County - St. Paul"
12450,30a2,"SPFD DISP","D","Fire/Rescue Dispatch","Fire Dispatch","Ramsey County - St. Paul"
12452,30a4,"SPFD FIREGND","D","Fireground","Fire-Tac","Ramsey County - St. Paul"
12454,30a6,"SPFD PARAMED","D","Paramedics","Fire-Tac","Ramsey County - St. Paul"
12456,30a8,"SPFD 4","D","FD 4","Fire-Tac","Ramsey County - St. Paul"
12458,30aa,"SPFD 5","D","FD 5","Fire-Tac","Ramsey County - St. Paul"
12460,30ac,"SPFD 6","D","FD 6","Fire-Tac","Ramsey County - St. Paul"
12462,30ae,"SPFD 7","D","FD 7","Fire-Tac","Ramsey County - St. Paul"
12464,30b0,"SPFD 8","D","FD 8","Fire-Tac","Ramsey County - St. Paul"
12466,30b2,"SPFD 9","D","FD 9","Fire-Tac","Ramsey County - St. Paul"
12468,30b4,"SPFD 10","D","FD 10","Fire-Tac","Ramsey County - St. Paul"
12470,30b6,"SPFD 11","D","FD 11","Fire-Tac","Ramsey County - St. Paul"
12472,30b8,"SPFD 12","D","FD 12","Fire-Tac","Ramsey County - St. Paul"
12474,30ba,"SPFD 13 EOC","D","FD 13 EOC","Emergency Ops","Ramsey County - St. Paul"
12476,30bc,"SPFD PREV 1","D","Fire Prevention","Fire-Tac","Ramsey County - St. Paul"
12478,30be,"SPFD PREV 2","D","Fire Prevention","Fire-Tac","Ramsey County - St. Paul"
12480,30c0,"SP PARKS 1","D","Parks Recreation 1","Public Works","Ramsey County - St. Paul"
12482,30c2,"SP PARKS 2","D","Parks Recreation 2","Public Works","Ramsey County - St. Paul"
12484,30c4,"SP PARKS 3","D","Parks Recreation 3","Public Works","Ramsey County - St. Paul"
12486,30c6,"SP PARKS 4","D","Parks Recreation 4 Maintenance","Public Works","Ramsey County - St. Paul"
12500,30d4,"SP CITY 1","D","St. Paul City 1","Interop","Ramsey County - St. Paul"
12514,30e2,"SP CITY 2","D","St. Paul City 2","Interop","Ramsey County - St. Paul"
12552,3108,"SP PW 1","D","Public Works 1 Main","Public Works","Ramsey County - St. Paul"
12554,310a,"SP PW 2","D","Public Works 2","Public Works","Ramsey County - St. Paul"
12556,310c,"SP PW 3","D","Public Works 3","Public Works","Ramsey County - St. Paul"
12558,310e,"SP PW 4","D","Public Works 4 Streets 1","Public Works","Ramsey County - St. Paul"
12560,3110,"SP PW 5","D","Public Works 5 Streets 2","Public Works","Ramsey County - St. Paul"
12562,3112,"SP PW 6","D","Public Works 6","Public Works","Ramsey County - St. Paul"
12564,3114,"SP PW 7","D","Public Works 7","Public Works","Ramsey County - St. Paul"
12566,3116,"SP PW 8","D","Public Works 8","Public Works","Ramsey County - St. Paul"
12568,3118,"SP PW 9","D","Public Works 9","Public Works","Ramsey County - St. Paul"
12570,311a,"SP PW 10","D","Public Works 10","Public Works","Ramsey County - St. Paul"
12572,311c,"SP PW 11","D","Public Works 11","Public Works","Ramsey County - St. Paul"
12574,311e,"SP PW 12","D","Public Works 12","Public Works","Ramsey County - St. Paul"
12576,3120,"ST FAIR PD 1","D","State Fair Police 1","Law Talk","Minnesota State Fair"
12578,3122,"ST FAIR PD 2","D","State Fair Police 2","Law Talk","Minnesota State Fair"
12580,3124,"ST FAIR PD 3","D","State Fair Police 3","Law Talk","Minnesota State Fair"
20000,4e20,"SYS TECH ROC","D","SE MN Radio Technicians Rochester","Public Works","Minnesota Department of Public Safety - Emergency Communications"
20001,4e21,"SE 10","D","Southeast Tactical 10","Interop","Zone 3 Interoperability SE"
20002,4e22,"SE 2","D","Southeast Tactical 2","Interop","Zone 3 Interoperability SE"
20003,4e23,"SE 11","D","Southeast Tactical 11","Interop","Zone 3 Interoperability SE"
20004,4e24,"SE 3","D","Southeast Tactical 3","Interop","Zone 3 Interoperability SE"
20005,4e25,"SE 12","D","Southeast Tactical 12","Interop","Zone 3 Interoperability SE"
20006,4e26,"SE 4","D","Southeast Tactical 4","Interop","Zone 3 Interoperability SE"
20007,4e27,"SE 13","D","Southeast Tactical 13","Interop","Zone 3 Interoperability SE"
20008,4e28,"SE 5","D","Southeast Tactical 5","Interop","Zone 3 Interoperability SE"
20009,4e29,"SE 14E","DE","Southeast Tactical 14E","Interop","Zone 3 Interoperability SE"
20011,4e2b,"SE 15E","DE","Southeast Tactical 15E","Interop","Zone 3 Interoperability SE"
20012,4e2c,"SE 6","D","Southeast Tactical 6","Interop","Zone 3 Interoperability SE"
20013,4e2d,"NWS LACROSSE","D","NWS Lacrosse","Emergency Ops","National Weather Service"
20014,4e2e,"SE 7","D","Southeast Tactical 7","Interop","Zone 3 Interoperability SE"
20016,4e30,"SE 8","D","Southeast Tactical 8","Interop","Zone 3 Interoperability SE"
20018,4e32,"SE 9","D","Southeast Tactical 9","Interop","Zone 3 Interoperability SE"
20020,4e34,"SE AIR EMS","D","Medical Air - Soft Patch With MINSEF ","EMS Dispatch","Zone 3 Interoperability SE"
20022,4e36,"SE EOC","D","SE MN  EOC","Emergency Ops","Zone 3 Interoperability SE"
20024,4e38,"MSP 2100 DSP","D","Rochester "2100" Dispatch","Law Dispatch","Minnesota Department of Public Safety - State Patrol"
20025,4e39,"MSP 2100 RM","D","Rochester "2100" Roaming","Law Dispatch","Minnesota Department of Public Safety - State Patrol"
20026,4e3a,"MSP 2100 T 2","D","Rochester "2100" TAC 2","Law Tac","Minnesota Department of Public Safety - State Patrol"
20028,4e3c,"MSP 2100 T 1","D","Rochester "2100" TAC 1","Law Tac","Minnesota Department of Public Safety - State Patrol"
20030,4e3e,"MSP 2100 ALL","D","Rochester "2100" - All Call","Law Tac","Minnesota Department of Public Safety - State Patrol"
20032,4e40,"MSP 2100 T 3","D","Rochester "2100" TAC 3","Law Tac","Minnesota Department of Public Safety - State Patrol"
20050,4e52,"DOT 6 SUPVR E","D","DOT 6 Supervisors East","Public Works","Minnesota DOT District 6 SE - Rochester"
20052,4e54,"DOT 6A EAST","D","District 6A Hail Main Rochester - Owatonna","Public Works","Minnesota DOT District 6 SE - Rochester"
20054,4e56,"DOT 6B WEST","D","District 6B Main","Public Works","Minnesota DOT District 6 SE - Rochester"
20056,4e58,"DOT ROC EMER","D","DOT Rochester To SP Dispatch - Emergency","Public Works","Minnesota DOT District 6 SE - Rochester"
20058,4e5a,"DOT 6 TAC 1","D","DOT 6 TAC 1","Public Works","Minnesota DOT District 6 SE - Rochester"
20059,4e5b,"DOT 6 TAC 5","D","DOT 6 TAC 5","Public Works","Minnesota DOT District 6 SE - Rochester"
20060,4e5c,"DOT 6 TAC 2","D","DOT 6 TAC 2","Public Works","Minnesota DOT District 6 SE - Rochester"
20061,4e5d,"DOT 6 TAC 6","D","DOT 6 TAC 6","Public Works","Minnesota DOT District 6 SE - Rochester"
20062,4e5e,"DOT 6 TAC 3","D","DOT 6 TAC 3","Public Works","Minnesota DOT District 6 SE - Rochester"
20063,4e5f,"DOT 6 TAC 7","D","DOT 6 TAC 7","Public Works","Minnesota DOT District 6 SE - Rochester"
20064,4e60,"DOT 6 TAC 4","D","DOT 6 TAC 4","Public Works","Minnesota DOT District 6 SE - Rochester"
20065,4e61,"DOT 6 TAC 8","D","DOT 6 TAC 8","Public Works","Minnesota DOT District 6 SE - Rochester"
20066,4e62,"DOT 6 SRVY1 ","D","DOT 6 Surveys 1","Public Works","Minnesota DOT District 6 SE - Rochester"
20067,4e63,"DOT ROCH ALL","D","DOT Rochester All Call","Public Works","Minnesota DOT District 6 SE - Rochester"
20068,4e64,"DOT 6 SRVY2 ","D","DOT 6 Surveys 2","Public Works","Minnesota DOT District 6 SE - Rochester"
20072,4e68,"DOT 6 BRIDGE","D","DOT  6 Bridge Crews","Public Works","Minnesota DOT District 6 SE - Rochester"
20074,4e6a,"DOT 6 FACILITY ","D","DOT 6 Facilities","Public Works","Minnesota DOT District 6 SE - Rochester"
20076,4e6c,"DOT D6 SIGNS","D","DOT D6 Signs Shop","Public Works","Minnesota DOT District 6 SE - Rochester"
20078,4e6e,"DOT 6 MECH","D","DOT 6 Mechanics","Public Works","Minnesota DOT District 6 SE - Rochester"
20080,4e70,"DOT D6B AUST","D","DOT D6B Austin Sub District","Public Works","Minnesota DOT District 6 SE - Rochester"
20082,4e72,"DOT D6B RD WNG","D","DOT D6B Red Wing Sub District","Public Works","Minnesota DOT District 6 SE - Rochester"
20084,4e74,"DOT D6A ROCH","D","DOT D6A Rochester Sub District","Public Works","Minnesota DOT District 6 SE - Rochester"
20086,4e76,"DOT D6B ABRT L","D","DOT D6B Albert Lea Sub District","Public Works","Minnesota DOT District 6 SE - Rochester"
20088,4e78,"DOT D6B OWAT","D","DOT D6B Owatonna Sub District","Public Works","Minnesota DOT District 6 SE - Rochester"
20090,4e7a,"DOT D6A WINA","D","DOT D6A Winona Sub District","Public Works","Minnesota DOT District 6 SE - Rochester"
20091,4e7b,"DOT ST CHLS","D","DOT St. Charles Truck Station","Public Works","Minnesota DOT District 6 SE - Rochester"
20092,4e7c,"DOT D6A STEW","D","DOT D6A Stewartville Sub District","Public Works","Minnesota DOT District 6 SE - Rochester"
20094,4e7e,"DOT D6A DRESB","D","DOT D6A Dresbach Sub District","Public Works","Minnesota DOT District 6 SE - Rochester"
20108,4e8c,"OL EOC WX","D","EOC - SE MN Weather Spotters - La Crosse NWS","Emergency Ops","Olmsted County"
20110,4e8e,"DOT 7 SUPV","D","DOT D7 Supervisors","Public Works","Minnesota DOT District 7 S Cent. - Mankato"
20112,4e90,"DOT 7 TAC 1","D","DOT  7 Tac 1","Public Works","Minnesota DOT District 7 S Cent. - Mankato"
20114,4e92,"DOT 7 TAC 2","D","DOT 7 TAC 2","Public Works","Minnesota DOT District 7 S Cent. - Mankato"
20116,4e94,"MSP 2200 DSP","D","Mankato "2200" Dispatch","Law Dispatch","Minnesota Department of Public Safety - State Patrol"
20117,4e95,"MSP 2200 AI","D","Mankato "2200" Accident Investigation","Law Tac","Minnesota Department of Public Safety - State Patrol"
20118,4e96,"MSP 2200 T 2","D","Mankato "2200" Tactical 2","Law Tac","Minnesota Department of Public Safety - State Patrol"
20119,4e97,"MSP 2200 RM","D","Mankato "2200" Roaming","Law Dispatch","Minnesota Department of Public Safety - State Patrol"
20120,4e98,"MSP 2200 T 1","D","Mankato "2200" District Tactical 1","Law Tac","Minnesota Department of Public Safety - State Patrol"
20122,4e9a,"MSP 2200 ALL","D","Mankato "2200" District Tactical 3 - All Call","Law Tac","Minnesota Department of Public Safety - State Patrol"
20124,4e9c,"DOT 7 COMMON","D","DOT 7 COMMON","Public Works","Minnesota DOT District 7 S Cent. - Mankato"
20126,4e9e,"DOT MKO ALL","D","DOT Mankato - All Call","Public Works","Minnesota DOT District 7 S Cent. - Mankato"
20128,4ea0,"DOT MKO-MSP","D","DOT Mankato Emergency to MSP","Public Works","Minnesota DOT District 7 S Cent. - Mankato"
20130,4ea2,"DOT 7 TAC 3","D","DOT 7 TAC 3","Public Works","Minnesota DOT District 7 S Cent. - Mankato"
20132,4ea4,"DOT 7 TAC 4","D","DOT 7 TAC 4","Public Works","Minnesota DOT District 7 S Cent. - Mankato"
20134,4ea6,"DOT 7 TAC 5","D","DOT 7 TAC 5","Public Works","Minnesota DOT District 7 S Cent. - Mankato"
20136,4ea8,"DOT 7 TAC 6","D","DOT 7 TAC 6","Public Works","Minnesota DOT District 7 S Cent. - Mankato"
20142,4eae,"DOT LESUEUR","D","DOT LeSueur Sub Area (Gaylord, Le Sueur, Montgomery, St. Peter)","Public Works","Minnesota DOT District 7 S Cent. - Mankato"
20144,4eb0,"DOT MANKATO","D","DOT Mankato Sub Area (Courtland, Mankato)","Public Works","Minnesota DOT District 7 S Cent. - Mankato"
20146,4eb2,"DOT MAPLETON","D","DOT Mapleton Sub Area (Blue Earth, Mapleton, Waseca, Wells)","Public Works","Minnesota DOT District 7 S Cent. - Mankato"
20148,4eb4,"DOT KATO BRIDGE","D","DOT Mankato Bridge","Public Works","Minnesota DOT District 7 S Cent. - Mankato"
20156,4ebc,"DOT ST JAMES","D","DOT ST James Sub Area (Fairmont, St. James, Sherburn, Sleepy Eye)","Public Works","Minnesota DOT District 7 S Cent. - Mankato"
20158,4ebe,"DOT WINDOM","D","DOT Windom Sub Area (Jackson, Windom)","Public Works","Minnesota DOT District 7 S Cent. - Mankato"
20160,4ec0,"DOT WORTHINGTON","D","DOT Worthington Sub Area","Public Works","Minnesota DOT District 7 S Cent. - Mankato"
20164,4ec4,"DOC FRB OP 1","D","MCF Faribault Main","Corrections","Minnesota Department of Corrections - Faribault Prison"
20166,4ec6,"DOC FRB OP 2","D","MCF Faribault (Possibly Maintenance)","Corrections","Minnesota Department of Corrections - Faribault Prison"
20168,4ec8,"DOC FRB OP 3","D","MCF Faribault (Possibly Operational Security)","Corrections","Minnesota Department of Corrections - Faribault Prison"
20170,4eca,"DOC FRB OP 4","D","MCF Faribault (Possibly Operational Security)","Corrections","Minnesota Department of Corrections - Faribault Prison"
20172,4ecc,"DOC FRB OP 5","D","MCF Faribault (Possibly Operational Security)","Corrections","Minnesota Department of Corrections - Faribault Prison"
20174,4ece,"DOC FRB OP 6","D","MCF Faribault (Possibly Operational Security)","Corrections","Minnesota Department of Corrections - Faribault Prison"
20176,4ed0,"DOC FRB ATG","D","MCF Faribault Announcement","Corrections","Minnesota Department of Corrections - Faribault Prison"
20180,4ed4,"MCF Red Wing","D","MCF Red Wing   ","Corrections","Minnesota Department of Corrections"
20192,4ee0,"DHS MSOP SP AN","D","Sex Offender Program St. Peter Announcment","Corrections","Department of Human Services"
20196,4ee4,"DHS MSOP SP1","D","Sex Offender Program St. Peter Main 1","Corrections","Department of Human Services"
20198,4ee6,"DHS MSOP SP2","D","Sex Offender Program St. Peter Transportation 2","Corrections","Department of Human Services"
20200,4ee8,"DHS MSOP SP3","D","Sex Offender Program St. Peter Emergency 3","Corrections","Department of Human Services"
20202,4eea,"DHS MSOP SP4","D","Sex Offender Program St. Peter MTC 4","Corrections","Department of Human Services"
20204,4eec,"DHS MSOP SP5","D","Sex Offender Program St. Peter Incident Command 5","Corrections","Department of Human Services"
20206,4eee,"DHS MSOP SP6","D","Sex Offender Program St. Peter 6","Corrections","Department of Human Services"
20208,4ef0,"DHS MSOP SP7","D","Sex Offender Program St. Peter 7","Corrections","Department of Human Services"
20210,4ef2,"DHS MSOP SP8","D","Sex Offender Program St. Peter 8","Corrections","Department of Human Services"
20212,4ef4,"SR CALL","D","S Central Call","Interop","Zone 3 Interoperability S Central"
20214,4ef6,"SR 2","D","S Central TAC 2","Interop","Zone 3 Interoperability S Central"
20216,4ef8,"SR 3","D","S Central TAC 3","Interop","Zone 3 Interoperability S Central"
20218,4efa,"SR 4","D","S Central TAC 4","Interop","Zone 3 Interoperability S Central"
20220,4efc,"SR 5","D","S Central TAC 5","Interop","Zone 3 Interoperability S Central"
20222,4efe,"SR 6","D","S Central TAC 6","Interop","Zone 3 Interoperability S Central"
20224,4f00,"SR 7","D","S Central TAC 7","Interop","Zone 3 Interoperability S Central"
20226,4f02,"SR 8","D","S Central TAC 8","Interop","Zone 3 Interoperability S Central"
20228,4f04,"SR 9","D","S Central TAC 9","Interop","Zone 3 Interoperability S Central"
20230,4f06,"SR 10","D","S Central TAC 10","Interop","Zone 3 Interoperability S Central"
20232,4f08,"SR 11","D","S Central TAC 11","Interop","Zone 3 Interoperability S Central"
20234,4f0a,"SR 12","D","S Central TAC 12","Interop","Zone 3 Interoperability S Central"
20236,4f0c,"DOT WINDOM-MSP","D","DOT Windom to MSP","Public Works","Minnesota DOT District 7 S Cent. - Mankato"
20248,4f18,"PARKS D8","D","Parks District 8 Main","Public Works","Minnesota Department of Natural Resources - DNR"
20249,4f19,"PARKS D8 TAC","D","Parks District 8 Tactical","Public Works","Minnesota Department of Natural Resources - DNR"
20250,4f1a,"BVR CK PARK  1","D","Beaver Creek Valley State Park 1","Public Works","Houston County"
20251,4f1b,"BVR CK PARK  2","D","Beaver Creek Valley State Park 2","Public Works","Houston County"
20252,4f1c,"CARLY PARK 1","D","Carley State Park 1","Public Works","Winona County"
20253,4f1d,"FV-MC PARK 1","D","Forestville / Mystery Cave State Park 1","Public Works","Fillmore County"
20254,4f1e,"FV-MC PARK 2","D","Forestville / Mystery Cave State Park 2","Public Works","Fillmore County"
20255,4f1f,"FRNTNC PARK 1","D","Frontenac State Park 1","Public Works","Goodhue County"
20256,4f20,"FRNTNC PARK 2","D","Frontenac State Park 2","Public Works","Goodhue County"
20257,4f21,"GRB PARK 1","D","Great River Bluffs State Park 1","Public Works","Winona County"
20258,4f22,"GRB PARK 2","D","Great River Bluffs State Park 2","Public Works","Winona County"
20259,4f23,"LK LS PARK 1","D","Lake Louise State Park 1","Public Works","Mower County"
20260,4f24,"WWTR PARK 1","D","Whitewater State Park 1","Public Works","Winona County"
20261,4f25,"WWTR PARK 2","D","Whitewater State Park 2","Public Works","Winona County"
20264,4f28,"Sakatah Lake","D","Sakatah Lake State Park","Public Works","Minnesota Department of Natural Resources - DNR"
20268,4f2c,"Nerstrand BW SP","D","Nerstrand Big Woods State Park","Public Works","Minnesota Department of Natural Resources - DNR"
20270,4f2e,"MINNEOPA PRK","D","Minneopa State Park","Public Works","Blue Earth County"
20272,4f30,"Flaundrau SP","D","Flaundrau State Park","Public Works","Brown County"
20274,4f32,"MYRE SP","D","Myre-Big Island State Park 1","Public Works","Freeborn County"
20276,4f34,"Fort Ridgely SP","D","Fort Ridgely State Park","Public Works","Nicollet County"
20300,4f4c,"OL MAINT 1","D","Olmsted County Building Maintenance 1","Public Works","Olmsted County"
20302,4f4e,"OL MAINT 2","D","Olmsted County Building Maintenance 2","Public Works","Olmsted County"
20305,4f51,"ROCH STREETS","D","Rochester Public Works - Streets","Public Works","Olmsted County"
20307,4f53,"ROCH ST 2","D","Rochester PW Streets 2 Truck to Truck","Public Works","Olmsted County"
20309,4f55,"ROCH ST 3","D","Rochester PW Streets 3 Truck to Truck","Public Works","Olmsted County"
20311,4f57,"ROCH PW","D","Rochester PW Line Cleaning","Public Works","Olmsted County"
20318,4f5e,"OL PWTK","D","Olmstead County Highway Truck to Truck","Public Works","Olmsted County"
20320,4f60,"OL PWFLAG","D","Olmstead County PW Flagging","Public Works","Olmsted County"
20325,4f65,"ROCH MAYO CC","D","Mayo Civic Center","Public Works","Olmsted County"
20328,4f68,"OL MAINT","D","Olmstead County Grounds Maintenance","Public Works","Olmsted County"
20331,4f6b,"OL PW","D","County Public Works","Public Works","Olmsted County"
20334,4f6e,"OL HWYTK","D","Olmstead County Highway Truck to Truck","Public Works","Olmsted County"
20336,4f70,"OL PWFLAG","D","Olmstead County PW Flagging/Truck to Truck","Public Works","Olmsted County"
20340,4f74,"OL PW 7","D","Olmsted County Public Works 7","Public Works","Olmsted County"
20341,4f75,"SE CALL","D","Southeast Call","Interop","Zone 3 Interoperability SE"
20343,4f77,"ROCH UTIL OP","D","Public Utilities Operations","Public Works","Olmsted County"
20345,4f79,"ROCH UTIL","D","Public Utilities","Public Works","Olmsted County"
20346,4f7a,"OL HAZ WASTE","D","Olmstead County Hazardous Waste","Public Works","Olmsted County"
20348,4f7c,"ROCH UTIL GN","D","Public Utilities Generation Plant","Public Works","Olmsted County"
20349,4f7d,"OL VPW","D","County Public Works","Public Works","Olmsted County"
20351,4f7f,"RST Plows","D","Rochester Airport Plows","Public Works","Olmsted County"
20353,4f81,"RST Plows","D","Rochester Airport Plows","Public Works","Olmsted County"
20354,4f82,"RST Maint","D","Rochester Airport Maintenance","Public Works","Olmsted County"
20355,4f83,"ROCH UTIL CL","D","Public Utilities Collections","Public Works","Olmsted County"
20356,4f84,"OL LANDFILL","D","Olmsted County Landfill","Public Works","Olmsted County"
20361,4f89,"OL BLDGOPS","D","Olmstead County Building Operations","Public Works","Olmsted County"
20363,4f8b,"OL PARK","D","County Parks","Public Works","Olmsted County"
20374,4f96,"OL FIRETAC","D","County Fire Tac","Fire-Tac","Olmsted County"
20375,4f97,"ROCH MAYO CC","D","Mayo Civic Center","Public Works","Olmsted County"
20378,4f9a,"OL OPS 10","D","County Ops 10","Interop","Olmsted County"
20381,4f9d,"MAYO CIVIC","D","Mayo Civic Center","Public Works","Olmsted County"
20385,4fa1,"ROCH TRAN 1","D","Rochester Public Transit 1","Transportation","Olmsted County"
20386,4fa2,"ROCH TRAN 2","D","Rochester Public Transit 2","Transportation","Olmsted County"
20387,4fa3,"ROCH TRAN 3","D","Rochester Public Transit 3","Transportation","Olmsted County"
20389,4fa5,"Roch Pub Util Tk","D","Rochester Public Utilities Truck to Truck","Utilities","Olmsted County"
20390,4fa6,"Roch Pub Util Tk","D","Rochester Public Utilities Truck to Truck","Utilities","Olmsted County"
20391,4fa7,"Roch Pub Util","D","Rochester Public Utilities","Utilities","Olmsted County"
20392,4fa8,"Roch Pub Util Tk","D","Rochester Public Utilities Truck to Truck","Utilities","Olmsted County"
20393,4fa9,"Roch Pub Util Tk","D","Rochester Public Utilities Truck to Truck","Utilities","Olmsted County"
20394,4faa,"Roch Pub Util","D","Rochester Public Utilities","Utilities","Olmsted County"
20397,4fad,"ALL CALL","D","Rochester All Call","Multi-Tac","Olmsted County"
20398,4fae,"ROCH ZIPS","D","Rochester ZIPS Paratransit","Transportation","Olmsted County"
20402,4fb2,"OL ALLTAC1","D","All Users Tactical 1","Multi-Tac","Olmsted County"
20404,4fb4,"OL ALLTAC2","D","All Users Tactical 2","Multi-Tac","Olmsted County"
20406,4fb6,"OL ALLTAC3","D","All Users Tactical 3","Multi-Tac","Olmsted County"
20408,4fb8,"OL ALLTAC4","D","All Users Tactical 4","Multi-Tac","Olmsted County"
20422,4fc6,"OL PWMAIN","D","Olmstead County Public Works Main","Public Works","Olmsted County"
20424,4fc8,"ROCH PRK REC","D","Rochester Park and Rec","Public Works","Olmsted County"
20428,4fcc,"ROCH PARK 1","D","Rochester Park Operations 1","Public Works","Olmsted County"
20430,4fce,"ROCH PARK 2","D","Rochester Park Operations 2","Public Works","Olmsted County"
20432,4fd0,"OXBOW PARK","D","Oxbow Park Olmsted County","Public Works","Olmsted County"
20434,4fd2,"GC MEDUPDATE","D","Gold Cross Ambulance Dispatch - Rochester (simulcast of 155.2800)","Hospital","Olmsted County"
20440,4fd8,"ROCH APT FIR","D","Rochester Airport Fire Tactical","Fire-Tac","Olmsted County"
20444,4fdc,"BYRON FIRE","D","Byron Fire Tactical","Fire-Tac","Olmsted County"
20448,4fe0,"ROCH APT FIR","D","Rochester Airport Fire Dispatch","Fire Dispatch","Olmsted County"
20450,4fe2,"DOVER FIRE","D","Dover Fire","Fire-Tac","Olmsted County"
20456,4fe8,"OL LEC 2","D","LEC 2 ALT","Law Dispatch","Olmsted County"
20458,4fea,"EYOTA FIRE","D","Eyota Fire","Fire-Tac","Olmsted County"
20464,4ff0,"OL FD 20464","D","FD 20464","Fire-Talk","Olmsted County"
20466,4ff2,"ROCH PD C2C","D","Rochester Police Tactical Car to Car","Law Tac","Olmsted County"
20472,4ff8,"OL FIRE OPS2","D","County Fire OPS 2","Fire-Tac","Olmsted County"
20476,4ffc,"OL FIRE DISP","D","Fire Dispatch (154.370)","Fire Dispatch","Olmsted County"
20478,4ffe,"Quarry Hill Park","D","Quarry Hill Park","Public Works","Olmsted County"
20480,5000,"ROCH FIRE O5","D","Rochester Fire OPS 5","Fire-Tac","Olmsted County"
20482,5002,"ROCH FIRE O3","D","Rochester Fire OPS 3","Fire-Tac","Olmsted County"
20484,5004,"ROCH FIRE O4","D","Rochester Fire OPS 4","Fire-Tac","Olmsted County"
20492,500c,"ROCH FIRE MY","D","Rochester Fire - Mayo Clinic Incidents","Fire-Tac","Olmsted County"
20494,500e,"OL FIRE","D","County Fire","Fire-Tac","Olmsted County"
20496,5010,"BYRON FIRE","D","Byron Fire","Fire-Tac","Olmsted County"
20498,5012,"ORONOCO FIRE","D","Oronoco Fire","Fire-Tac","Olmsted County"
20500,5014,"OL ALLTAC 12","D","All Users Tactical 12","Multi-Tac","Olmsted County"
20502,5016,"OL LEC 2","DE","LEC 2","Law Dispatch","Olmsted County"
20506,501a,"OL LEC 1","DE","LEC 1","Law Dispatch","Olmsted County"
20514,5022,"OL SO INV","D","Sheriff - Investigations","Law Tac","Olmsted County"
20520,5028,"OL SO PARK","D","Park Patrol","Law Tac","Olmsted County"
20522,502a,"OL SYSTECH","D","County System Technicians","Public Works","Olmsted County"
20526,502e,"ROCH PD C2C","D","Rochester Police Car to Car","Law Tac","Olmsted County"
20532,5034,"OL Lock Down","D","County Building Lock Down","Emergency Ops","Olmsted County"
20534,5036,"OL SO C2C","D","Sheriff Tactical Car to Car","Law Tac","Olmsted County"
20536,5038,"OL BAILIFF","D","Court Baliffs","Law Tac","Olmsted County"
20540,503c,"OL SO TAC4","D","Sheriff - Tactical 4","Law Tac","Olmsted County"
20542,503e,"OL SO TAC5","D","Sheriff - Tactical 5","Law Tac","Olmsted County"
20544,5040,"OL SO TAC6","D","Sheriff - Tactical 6","Law Tac","Olmsted County"
20546,5042,"OL SO TAC7","D","Sheriff - Tactical 7","Law Tac","Olmsted County"
20548,5044,"OL SO TAC8","D","Sheriff - Tactical 8","Law Tac","Olmsted County"
20550,5046,"OL ALLTAC5","D","All Users Tactical 5","Multi-Tac","Olmsted County"
20552,5048,"OL ALLTAC6","D","All Users Tactical 6","Multi-Tac","Olmsted County"
20554,504a,"OL ALLTAC7","D","All Users Tactical 7","Multi-Tac","Olmsted County"
20556,504c,"OL ALLTAC8","D","All Users Tactical 8","Multi-Tac","Olmsted County"
20558,504e,"OL ROAM","D","County Roaming","Multi-Dispatch","Olmsted County"
20560,5050,"OL SO EOC","D","Emergency Operations Center","Emergency Ops","Olmsted County"
20562,5052,"OL EOCTAC1","D","EOC Tactical 1","Emergency Ops","Olmsted County"
20564,5054,"OL EOCTAC1","D","EOC Tactical 2","Emergency Ops","Olmsted County"
20566,5056,"OL ADC","D","Olmstead County Adult Detention Center","Corrections","Olmsted County"
20574,505e,"OL EMG","D","Law Emergency","Law Talk","Olmsted County"
20588,506c,"SE MINSEF","D","SE MN MINSEF Patch","Interop","Zone 3 Interoperability SE"
20592,5070,"SE D HEALTH","D","SE MN Department of Health","Public Works","Zone 3 Interoperability SE"
20598,5076,"OL EMS RMH","D","Rochester Methodist Hospital","EMS Dispatch","Olmsted County"
20601,5079,"DD FIRE","D","Fire","Fire Dispatch","Dodge County"
20602,507a,"DD LAW 2","D","Law 2","Law Tac","Dodge County"
20604,507c,"DD LAW 1","D","Law Enforcement Dispatch 1","Law Dispatch","Dodge County"
20605,507d,"DD JAIL","D","Jail","Corrections","Dodge County"
20607,507f,"DD PAGE","D","Fire EMS Paging","Fire Dispatch","Dodge County"
20608,5080,"DD EOC","D","Dodge Center EOC ","Emergency Ops","Dodge County"
20609,5081,"DDCLFD","D","Claremont Fire","Fire-Tac","Dodge County"
20611,5083,"DD OPS1","D","Ops 1","Multi-Tac","Dodge County"
20612,5084,"DD OPS2","D","Ops 2","Multi-Tac","Dodge County"
20613,5085,"DD OPS3","D","Ops 3","Multi-Tac","Dodge County"
20616,5088,"DD ROAM","D","County Roam","Multi-Dispatch","Dodge County"
20617,5089,"DD HWY","D","Highway","Public Works","Dodge County"
20621,508d,"DD FD TAC","D","Fire Tac","Fire-Tac","Dodge County"
20622,508e,"DDHAFD","D","Hayfield Fire Ops 1","Fire-Tac","Dodge County"
20623,508f,"DD KASN FD","D","Kasson Fire Tac","Fire-Tac","Dodge County"
20624,5090,"DD FD TAC","D","Fire Tac","Fire-Tac","Dodge County"
20625,5091,"DDWCFD","D","West Concord Fire","Fire-Tac","Dodge County"
20626,5092,"DDDCEMS","D","Dodge Center Ambulance","EMS-Talk","Dodge County"
20633,5099,"DDLAWTRN(1)","D","Law Training (1)","Law Talk","Dodge County"
20634,509a,"DDLAWTRN(2)","D","Law Training (2)","Law Talk","Dodge County"
20820,5154,"FL LAW 1","D","Law Dispatch 1","Law Dispatch","Fillmore County"
20821,5155,"FL LAW 2","D","Law Dispatch 2","Law Dispatch","Fillmore County"
20822,5156,"FL FIRE EMS","D","Fire EMS Dispatch","Fire Dispatch","Fillmore County"
20823,5157,"FL OPS 6","D","FILLMORE OPS 6","Multi-Tac","Fillmore County"
20827,515b,"FL OPS 7","D","FILLMORE OPS 7","Multi-Tac","Fillmore County"
20828,515c,"FL OPS 8 EOC","D","FILLMORE OPS 8 EOC","Multi-Tac","Fillmore County"
20829,515d,"FL ROAM","D","County Roam","Multi-Dispatch","Fillmore County"
20842,516a,"FL OPS 9","D","FILLMORE OPS 9","Multi-Tac","Fillmore County"
20846,516e,"FL OPS 10","D","FILLMORE OPS 10","Multi-Tac","Fillmore County"
20850,5172,"FL FIRE TAC","D","Fire Tac","Fire-Tac","Fillmore County"
20851,5173,"FL FIRE TAC","D","Fire Tac","Fire-Tac","Fillmore County"
20852,5174,"FL OPS 1","D","FILLMORE OPS 1","Multi-Tac","Fillmore County"
20853,5175,"FL OPS 2","D","FILLMORE OPS 2","Multi-Tac","Fillmore County"
20854,5176,"FL OPS 3","D","FILLMORE OPS 3","Multi-Tac","Fillmore County"
20855,5177,"FL OPS 4","D","FILLMORE OPS 4","Multi-Tac","Fillmore County"
20860,517c,"FL OPS 5","D","FILLMORE OPS 5","Multi-Tac","Fillmore County"
21000,5208,"GD RWPW SNOW","D","Red Wing Snow Events","Public Works","Goodhue County"
21001,5209,"GD LAW MAIN1","DE","Law Main 1 - Sheriff Dispatch","Law Dispatch","Goodhue County"
21002,520a,"GD RWPW MAIN","D","Red Wing Public Works","Public Works","Goodhue County"
21003,520b,"GD LAW MAIN2","D","Law Main 2 - Red Wing Police Dispatch - Prairie Island Tribal Police","Law Dispatch","Goodhue County"
21004,520c,"GD RW WASTE","D","Red Wing Solid Waste","Public Works","Goodhue County"
21006,520e,"GD COURT","D","County Court","Security","Goodhue County"
21007,520f,"GD  FIRE EMS","D","County Fire EMS Main - Paging","Fire Dispatch","Goodhue County"
21008,5210,"GD HWY MAIN","D","County Highway Dept","Public Works","Goodhue County"
21009,5211,"GD OPS 7","D","Goodhue Ops 7","Fire-Tac","Goodhue County"
21010,5212,"GD FIRE","D","Goodhue County Fire","Fire-Tac","Goodhue County"
21011,5213,"GD OPS 8","D","Goodhue Ops 8","Multi-Tac","Goodhue County"
21013,5215,"GD OPS 9","D","Goodhue Ops 9","Multi-Tac","Goodhue County"
21014,5216,"GD ROAM","D","County Roam","Multi-Dispatch","Goodhue County"
21015,5217,"GD OPS 10","D","Goodhue Ops 10","Multi-Tac","Goodhue County"
21017,5219,"GD OPS 11","D","Goodhue Ops 11","Multi-Tac","Goodhue County"
21019,521b,"GD Prairie PW","D","Prairie Island Public Works","Public Works","Goodhue County"
21021,521d,"GD Adult Det Ctr","D","Adult Detention Center","Corrections","Goodhue County"
21023,521f,"GD RDWNG FD","D","Red Wing Fire","Fire-Tac","Goodhue County"
21026,5222,"GD ZUMEMS","D","Zumbrota EMS","EMS-Talk","Goodhue County"
21029,5225,"GD ZUMFIRE","D","Zumbrota Fire Ops","Fire-Tac","Goodhue County"
21031,5227,"GD WNMNGO FD","D","Wanamingo Fire Ops","Fire-Tac","Goodhue County"
21032,5228,"GD CANONFLS FD","D","Cannon Falls Fire - Ambulance","Fire-Tac","Goodhue County"
21037,522d,"GD PD COM 3","D","Police Common - Ch 3","Law Talk","Goodhue County"
21045,5235,"GD RW PD","DE","Red Wing Police Ops ","Law Tac","Goodhue County"
21047,5237,"GD CFPD","DE","Cannon Falls Police Ops","Law Talk","Goodhue County"
21048,5238,"GD ZMBRTA PD","D","Zumbrota Police Ops","Law Tac","Goodhue County"
21050,523a,"GD KENYON","D","Kenyon Common","Multi-Tac","Goodhue County"
21052,523c,"GD RW COMM","D","Red Wing Common - Paging","Multi-Tac","Goodhue County"
21057,5241,"GD PRISLND PD","DE","Prairie Island Police Ops","Law Tac","Goodhue County"
21059,5243,"GD CASINO HAIL","D","Treasure Island Security - Law Hailing","Security","Goodhue County"
21060,5244,"GD RWDPW 1","D","Red Wing DPW 1","Public Works","Goodhue County"
21061,5245,"GD RWDPW 2","D","Red Wing DPW 2","Public Works","Goodhue County"
21062,5246,"GD RW SEWER","D","Red Wing Sewer","Public Works","Goodhue County"
21063,5247,"GD RW STREETS","D","Red Wing Street Dept","Public Works","Goodhue County"
21065,5249,"GD PIDPW","D","Pine Island DPW","Public Works","Goodhue County"
21067,524b,"GD PW ALL","D","Public Works All Call","Public Works","Goodhue County"
21082,525a,"GD TEST","D","Goodhue Test - Radio Techs","Public Works","Goodhue County"
21202,52d2,"WB JAIL","D","Wabasha County Jail","Corrections","Wabasha County"
21205,52d5,"WB LAW","De","LAW","Law Tac","Wabasha County"
21208,52d8,"WB LAW OPS 7","D","LAW OPS 7","Law Tac","Wabasha County"
21209,52d9,"WB LAW 2","D","LAW 2","Law Talk","Wabasha County"
21212,52dc,"WB HWY","D","County Highway Dept","Public Works","Wabasha County"
21230,52ee,"WB 4","D","COUNTY OPS 4","Multi-Tac","Wabasha County"
21231,52ef,"WB 5","D","COUNTY OPS 5","Multi-Tac","Wabasha County"
21232,52f0,"WB 6","D","COUNTY OPS 6","Multi-Tac","Wabasha County"
21233,52f1,"WB 7","D","COUNTY OPS 7","Multi-Tac","Wabasha County"
21234,52f2,"WB 8","D","COUNTY OPS 8","Multi-Tac","Wabasha County"
21235,52f3,"WB 9","D","COUNTY OPS 9","Multi-Tac","Wabasha County"
21236,52f4,"WB 10","D","COUNTY OPS 10","Multi-Tac","Wabasha County"
21237,52f5,"WB 11","D","COUNTY OPS 11","Multi-Tac","Wabasha County"
21239,52f7,"WB ROAM","D","ROAM","Multi-Dispatch","Wabasha County"
21241,52f9,"WB COMM","D","Wabasha County Public Safety Common","Multi-Talk","Wabasha County"
21246,52fe,"WB LAW 1","D","LAW 1","Law Dispatch","Wabasha County"
21248,5300,"WB FIRE EMS","D","Fire/EMS Main","Fire Dispatch","Wabasha County"
21249,5301,"WB PAGE","D","Fire/EMS Page","Fire Dispatch","Wabasha County"
21261,530d,"WB PEPIN CO","D","Pepin County WI","Interop","Wabasha County"
21400,5398,"WN FIRE 3","D","Winona Fire 3","Fire-Tac","Winona County"
21401,5399,"WN SO DISP","D","Sheriff Dispatch","Law Dispatch","Winona County"
21402,539a,"WN CO FIRE","D","Winona County Fire Dispatch","Fire Dispatch","Winona County"
21404,539c,"WN LWST PW","D","Lewiston Public Works","Public Works","Winona County"
21406,539e,"WN OPS 6 ?","D","Winona Ops 6 ?","Multi-Tac","Winona County"
21408,53a0,"WN OPS 7","D","Winona Ops 7","Multi-Tac","Winona County"
21410,53a2,"WN 911","D","Winona 911","Multi-Dispatch","Winona County"
21411,53a3,"WN EOC OPS","D","EOC Emerg Ops - Storm Chasers","Emergency Ops","Winona County"
21419,53ab,"WN INTERCOM","D","Winona Intercom","Multi-Talk","Winona County"
21428,53b4,"WN MAINT","D","Winona Co Maint","Public Works","Winona County"
21432,53b8,"WN CY FR DI","D","Winona City Fire Dispatch","Fire Dispatch","Winona County"
21438,53be,"WN FIRE 7","D","Winona Fire 7 ","Fire-Tac","Winona County"
21440,53c0,"WNTRAN","D","Winona Transit Service","Transportation","Winona County"
21441,53c1,"WN SOAR","D","Winona SOAR","Multi-Tac","Winona County"
21442,53c2,"WN FIRE 2","D","Winona Fire 2","Fire-Tac","Winona County"
21443,53c3,"WN DIVE RES","D","Winona Dive Rescue","Emergency Ops","Winona County"
21444,53c4,"WN OPS 9","D","Winona Ops 9","Multi-Tac","Winona County"
21445,53c5,"WN FIRE 1","D","Winona Fire 1","Fire-Tac","Winona County"
21446,53c6,"WN OPS 10","D","Winona Ops 10","Multi-Tac","Winona County"
21448,53c8,"WN OPS 11","D","Winona Ops 11","Multi-Tac","Winona County"
21449,53c9,"WN CITY PD","D","Winona City Police Dispatch","Law Dispatch","Winona County"
21450,53ca,"WN OPS 12","D","Winona Ops 12","Multi-Tac","Winona County"
21451,53cb,"WN WN PD","De","Winona PD","Law Tac","Winona County"
21452,53cc,"WN OPS 13","D","Winona Ops 13","Multi-Tac","Winona County"
21464,53d8,"GDVW POLICE","De","Goodview Police","Law Tac","Winona County"
21465,53d9,"WN CITY PD","De","Winona City Police","Law Tac","Winona County"
21468,53dc,"WN SO 2E","De","Sheriff 2E","Law Tac","Winona County"
21472,53e0,"WN JAIL 2","D","Winona Co Jail 2","Corrections","Winona County"
21474,53e2,"WN JAIL 1","D","Winona Co Jail 1","Corrections","Winona County"
21476,53e4,"STC PD 2 ","De","St Charles PD 2","Law Tac","Winona County"
21480,53e8,"WN WAAS","D","Winona Area Ambulance Service","EMS-Tac","Winona County"
21482,53ea,"WN PUB HLTH","D","Winona Public Health","Public Works","Winona County"
21484,53ec,"WN CITY PW","D","Winona City Public Works","Public Works","Winona County"
21486,53ee,"WN HWY 1","D","County Highway Dept 1","Public Works","Winona County"
21488,53f0,"WN HWY 2","D","County Highway Dept 2","Public Works","Winona County"
21490,53f2,"WN HWY 3","D","County Highway Dept 3","Public Works","Winona County"
21494,53f6,"GDVW PW","D","Goodview Public Works","Public Works","Winona County"
21598,545e,"ROCH MH HOSP","D","Rochester Methodist Hospital","Hospital","Southeast Minnesota EMS Hailing"
21600,5460,"SE EMS","D","SE MN Hospitals EMS","EMS Dispatch","Zone 3 Interoperability SE"
21601,5461,"Mayo Plainview","D","Plainview Dispatch","EMS Dispatch","Mayo Clinic Medical Transport"
21603,5463,"Mayo Fixed Wing","D","Fixed Wing Dispatch","EMS Dispatch","Mayo Clinic Medical Transport"
21605,5465,"EMSMM-RST-O2","D","Mayo - Rochester Operations 2","EMS-Tac","Olmsted County"
21607,5467,"EMSMM-AUS-ON","D","Austin On Call","EMS-Tac","Mayo Clinic Medical Transport"
21608,5468,"EMSMM-RST-AM","D","Mayo - Rochester Intercept","Hospital","Olmsted County"
21609,5469,"EMSMM-AUS-DI","D","Austin Dispatch","EMS Dispatch","Mayo Clinic Medical Transport"
21610,546a,"EMSMM-RST-DI","D","Mayo - Rochester Dispatch","EMS Dispatch","Olmsted County"
21611,546b,"EMSMM-OWT-ON","D","Owatonna On Call","EMS-Tac","Mayo Clinic Medical Transport"
21612,546c,"EMSMM-RST-O1","D","Mayo - Rochester Operations 1","EMS-Tac","Olmsted County"
21613,546d,"EMSMM-AUS-O1","D","Austin Operations 1","EMS-Tac","Mayo Clinic Medical Transport"
21614,546e,"GCROSS STMRY","D","Gold Cross - Rochester - Saint Marys","EMS Dispatch","Olmsted County"
21615,546f,"EMSMM-AUS-O2","D","Austin Operations 2","EMS-Tac","Mayo Clinic Medical Transport"
21616,5470,"OLM MED CTR","D","Olmsted Medical Center (Rochester)","Hospital","Southeast Minnesota EMS Hailing"
21617,5471,"EMSMM-OWT-DI","D","Owatonna Dispatch","EMS Dispatch","Mayo Clinic Medical Transport"
21618,5472,"EMHMM-SMH","D","St Mary's Incoming Patient Information","Hospital","Mayo Clinic Medical Transport"
21619,5473,"EMSMM-SE-Air","D","Mayo One Southeast Air Operations","EMS-Tac","Mayo Clinic Medical Transport"
21620,5474,"RD WING HOSP","D","Red Wing Hospital Patient Info.","Hospital","Southeast Minnesota EMS Hailing"
21621,5475,"EMSMM-OWT-O1","D","Owatonna Operations 1","EMS-Tac","Mayo Clinic Medical Transport"
21622,5476,"ALBRT L MED","D","Albert Lea Medical Center","Hospital","Southeast Minnesota EMS Hailing"
21623,5477,"EMSMM-OWT-O2","D","Owatonna Operations 2","EMS-Tac","Mayo Clinic Medical Transport"
21624,5478,"AUSTIM MED","D","Austin Medical Center","Hospital","Southeast Minnesota EMS Hailing"
21625,5479,"EMSMM-MKT-DI","D","Mankato Dispatch","EMS Dispatch","Mayo Clinic Medical Transport"
21626,547a,"DIST ONE MED","D","District One Hospital (Faribault)","Hospital","Southeast Minnesota EMS Hailing"
21627,547b,"EMSMM-MKT-ON","D","Mankato On Call","EMS-Tac","Mayo Clinic Medical Transport"
21628,547c,"LK CTY HOSP","D","Lake City Hospital","Hospital","Southeast Minnesota EMS Hailing"
21629,547d,"EMSMM-MKT-O1","D","Mankato Operations 1","EMS-Tac","Mayo Clinic Medical Transport"
21630,547e,"WABASHA HOSP","D","Wabasha Hospital","Hospital","Southeast Minnesota EMS Hailing"
21631,547f,"EMSMM-FMT-ON","D","Fairmont On Call","EMS-Tac","Mayo Clinic Medical Transport"
21632,5480,"WINONA HOSP","D","Winona Hospital","Hospital","Southeast Minnesota EMS Hailing"
21633,5481,"EMSMM-FMT-DI","D","Fairmont Dispatch","EMS Dispatch","Mayo Clinic Medical Transport"
21634,5482,"CAN FLS HOSP","D","Mayo Cannon Falls Hospital","Hospital","Southeast Minnesota EMS Hailing"
21635,5483,"EMSMM-SC6","D","Unassigned","EMS-Tac","Mayo Clinic Medical Transport"
21636,5484,"OWATNA HOSP","D","Owatonna Hospital Patient Info","Hospital","Southeast Minnesota EMS Hailing"
21637,5485,"EMSMM-FMT-O1","D","Fairmont Operations 1","EMS-Tac","Mayo Clinic Medical Transport"
21638,5486,"FED MED CTR","D","Federal Medical Center Rochester","Hospital","Southeast Minnesota EMS Hailing"
21639,5487,"EMSMM-SC-Air","D","Mayo One South Central Air Operations","EMS-Tac","Mayo Clinic Medical Transport"
21810,5532,"FR 2","D","FR 2","Multi-Tac","Freeborn County"
21811,5533,"FR 3","D","FR 3","Multi-Tac","Freeborn County"
21812,5534,"FR 4","D","FR 4","Multi-Tac","Freeborn County"
21813,5535,"FR 5","D","FR 5","Multi-Tac","Freeborn County"
21814,5536,"FR 6","D","FR 6","Multi-Tac","Freeborn County"
21815,5537,"FR 7","D","FR 7","Multi-Tac","Freeborn County"
21817,5539,"ABL STREETS","D","Albert Lea Street Department","Public Works","Freeborn County"
21819,553b,"FR ROAM","D","County Roam","Multi-Dispatch","Freeborn County"
21823,553f,"FR FIRE","D","Freeborn Co Fire Main","Fire Dispatch","Freeborn County"
21824,5540,"FR FIREOP1","D","Freeborn Co Fire Ops 1","Fire-Tac","Freeborn County"
21825,5541,"FR FIREOP2","D","Freeborn Co Fire Ops 2","Fire-Tac","Freeborn County"
21826,5542,"FR FIREOP3","D","Freeborn Co Fire Ops 3","Fire-Tac","Freeborn County"
21827,5543,"FR AL FIRE","D","Albert Lea City Fire Tactical","Fire-Tac","Freeborn County"
21828,5544,"FR ALTWN FIRE","D","Albert Lea Township Fire Tactical","Fire-Tac","Freeborn County"
21829,5545,"FR ALDN FIRE","D","Alden Fire Tactical","Fire-Tac","Freeborn County"
21830,5546,"FR CLKGV FIRE","D","Clarks Grove Fire Tactical","Fire-Tac","Freeborn County"
21831,5547,"FR CNGR FIRE","D","Conger Fire Tactical","Fire-Tac","Freeborn County"
21832,5548,"FR EMNS FIRE","D","Emmons Fire Tactical","Fire-Tac","Freeborn County"
21833,5549,"FR FBRN FIRE","D","Freeborn Fire Tactical","Fire-Tac","Freeborn County"
21834,554a,"FR GENEVA FIRE","D","Geneva Fire Tactical","Fire-Tac","Freeborn County"
21835,554b,"FR GLENVL FIRE","D","Glenville Fire Tactical","Fire-Tac","Freeborn County"
21836,554c,"FR HRTLND FIRE","D","Hartland Fire Tactical","Fire-Tac","Freeborn County"
21837,554d,"FR HYWRD FIRE","D","Hayward Fire Tactical","Fire-Tac","Freeborn County"
21838,554e,"FR HLNDL FIRE","D","Hollandale Fire Tactical","Fire-Tac","Freeborn County"
21839,554f,"FR LNDN FIRE","D","London Fire Tactical","Fire-Tac","Freeborn County"
21840,5550,"FR MNCHST FIRE","D","Manchester Fire Tactical","Fire-Tac","Freeborn County"
21841,5551,"FR MYRTLE FIRE","D","Myrtle Fire Tactical","Fire-Tac","Freeborn County"
21842,5552,"FR FD EMERG","D","Freeborn Co Fire Emergency","Fire-Tac","Freeborn County"
21843,5553,"FR LAW 1","D","Freeborn Co Law Enforcement Dispatch 1","Law Dispatch","Freeborn County"
21844,5554,"FR LAW 2","De","Freeborn Co Law Enforcement Dispatch 2","Law Dispatch","Freeborn County"
21845,5555,"FR LAW 3","D","Freeborn Co Law Enforcement Dispatch 3","Law Dispatch","Freeborn County"
21846,5556,"FR LAW 4","D","Freeborn Co Law Enforcement Dispatch 4","Law Dispatch","Freeborn County"
21847,5557,"FR LAW OP1","D","Freeborn Co Law Enforcement Ops 1","Law Tac","Freeborn County"
21848,5558,"FR LAW OP2","D","Freeborn Co Law Enforcement Ops 2","Law Tac","Freeborn County"
21849,5559,"FR LAW OP3","D","Freeborn Co Law Enforcement Ops 3","Law Tac","Freeborn County"
21850,555a,"FR LAW OP4","D","Freeborn Co Law Enforcement Ops 4","Law Tac","Freeborn County"
21851,555b,"EMSMM-AL-DIS","D","MCHS Albert Lea Dispatch","EMS Dispatch","Mayo Clinic Medical Transport"
21852,555c,"EMSMM-AL-OP1","D","MCHS Albert Lea Operations 1","EMS-Tac","Mayo Clinic Medical Transport"
21853,555d,"EMSMM-AL-OP2","D","MCHS Albert Lea Operations 2","EMS-Tac","Mayo Clinic Medical Transport"
21855,555f,"EMSMM-AL-ONC","D","MCHS Albert Lea On Call","EMS-Tac","Mayo Clinic Medical Transport"
21856,5560,"FR JAIL","D","County Jail","Corrections","Freeborn County"
21890,5582,"FR MCHS SEC","D","MCHS Albert Lea Security","Security","Freeborn County"
22000,55f0,"HO LAW DSP 1","DE","Law Enforcement Dispatch 1","Law Dispatch","Houston County"
22001,55f1,"HO LAW DSP 2","D","Law Enforcement Dispatch 2","Law Dispatch","Houston County"
22002,55f2,"HO LAW C2C","D","Law Enforcement Car to Car","Law Tac","Houston County"
22003,55f3,"HO LAW TAC3","DE","Houston Law Tac 3","Law Tac","Houston County"
22008,55f8,"HO OPS1","D","Ops 1","Multi-Talk","Houston County"
22009,55f9,"HO OPS2","D","Ops 2","Multi-Talk","Houston County"
22016,5600,"HO LAW TAC","DE","Houston Law Tac","Law Tac","Houston County"
22017,5601,"HO ROAM","D","County Roaming","Multi-Dispatch","Houston County"
22023,5607,"HO FIRE EMS","D","County Fire Dispatch","Fire Dispatch","Houston County"
22024,5608,"HO FIRE2","D","County Fire 2","Fire-Tac","Houston County"
22025,5609,"HO FIRE3","D","County Fire 3","Fire-Tac","Houston County"
22027,560b,"HO PWMAIN","D","Public Works Main","Public Works","Houston County"
22028,560c,"HO HWY","D","County Highway","Public Works","Houston County"
22029,560d,"HO CAL UTIL","D","Caledonia City Utility","Utilities","Houston County"
22030,560e,"HO LC DPW","D","La Crescent DPW","Public Works","Houston County"
22031,560f,"HO HK DPW","D","Hokah DPW","Public Works","Houston County"
22034,5612,"HO ES","D","County ES","Public Works","Houston County"
22200,56b8,"MW LAW 1","D","Law Enforcement Dispatch 1","Law Dispatch","Mower County"
22201,56b9,"MW LAW 2","D","Law Enforcement Dispatch 2","Law Dispatch","Mower County"
22205,56bd,"MW ASTN LAW","D","Austin Law Tac","Law Tac","Mower County"
22207,56bf,"MW FIRE","D","Fire Dispatch","Fire Dispatch","Mower County"
22211,56c3,"MW ASTN FD","D","Austin Fire","Fire-Tac","Mower County"
22212,56c4,"MW ROAM","D","Roaming","Multi-Dispatch","Mower County"
22224,56d0,"MW BRWN FD","D","Brownsdale Fire Truck To Truck","Fire-Tac","Mower County"
22225,56d1,"MW DXTER FD","D","Dexter Fire","Fire Dispatch","Mower County"
22226,56d2,"MW EMS DISP","D","EMS Dispatch","EMS Dispatch","Mower County"
22228,56d4,"MW LRY FD-EMS","D","Leroy Fire EMS","EMS Dispatch","Mower County"
22240,56e0,"MW HWY","D","Highway","Public Works","Mower County"
22248,56e8,"MW LAW 3","D","Law Enforcement Dispatch 3","Law Dispatch","Mower County"
22401,5781,"SL LAW","DE","Steele Co Law Main","Law Dispatch","Steele County"
22403,5783,"SL LAW C2C","DE","Law Car to Car","Law Tac","Steele County"
22404,5784,"SL LAW ENC","DE","Steele Law ENC","Law Tac","Steele County"
22405,5785,"SL JAIL","D","Jail Ops","Corrections","Steele County"
22410,578a,"SL OWPD RES","D","Owatonna Police Reserves","Law Tac","Steele County"
22411,578b,"SL LAW TAC","DE","Steele Law TAC","Law Tac","Steele County"
22416,5790,"SL FD MAIN","D","Steele Co Fire Main","Fire Dispatch","Steele County"
22417,5791,"SL OFD OPS1","D","Owatonna FD Ops 1","Fire-Tac","Steele County"
22418,5792,"SL OFD OPS2","D","Owatonna FD Ops 2","Fire-Tac","Steele County"
22419,5793,"SL OFD OPS3","D","Owatonna FD Ops 3","Fire-Tac","Steele County"
22420,5794,"SL BPFD OPS1","D","Blooming Prairie FD Ops 1","Fire-Tac","Steele County"
22421,5795,"SL BPFD OPS2","D","Blooming Prairie FD Ops 2","Fire-Tac","Steele County"
22422,5796,"SL ELFD OPS1","D","Ellendale FD Ops 1","Fire-Tac","Steele County"
22423,5797,"SL ELFD OPS2","D","Ellendale FD Ops 2","Fire-Tac","Steele County"
22424,5798,"SL MFD OPS1","D","Medford FD Ops 1","Fire-Tac","Steele County"
22425,5799,"SL MFD OPS2","D","Medford FD Ops 2","Fire-Tac","Steele County"
22430,579e,"SL HWY 1","D","County Highway 1","Public Works","Steele County"
22435,57a3,"SL LANDFILL","D","County Landfill","Public Works","Steele County"
22436,57a4,"SL CH MAINT","D","Courthouse - LEC Maintenance?","Public Works","Steele County"
22438,57a6,"OTNA WORKS 1","D","Owatonna Public Works Tac 1","Public Works","Steele County"
22441,57a9,"SL HWY 2","D","County Highway 2","Public Works","Steele County"
22442,57aa,"SL HWY 3 FLAG","D","County Highway 3 Flaggin","Public Works","Steele County"
22445,57ad,"SL PW COM 1","D","PW COM 1","Interop","Steele County"
22446,57ae,"SL PW COM 2","D","PW COM 2","Interop","Steele County"
22459,57bb,"SL LAW TAC","De","County Law","Law Tac","Steele County"
22600,5848,"RC EMERG","D","Rice Emergency Alarm","Multi-Dispatch","Rice County"
22601,5849,"RC LAW MAIN","DE","Law Enforcement 1 Main","Law Dispatch","Rice County"
22602,584a,"RC LAW C2C","DE","Law Enforcement 2 Car to Car","Law Tac","Rice County"
22603,584b,"RC LAW INV","DE","Rice Investigations","Law Tac","Rice County"
22604,584c,"RC Sheriff C2C","DE","Rice Sheriff Ops 1","Law Tac","Rice County"
22605,584d,"RC FBLT PD","D","Faribault PD Ops 1","Law Tac","Rice County"
22607,584f,"RC NFLD PD","DE","Northfield PD Ops 1","Law Tac","Rice County"
22611,5853,"RC DTF 1","DE","Rice Drug Task Force 1","Law Tac","Rice County"
22612,5854,"RC DTF 2","DE","Rice Drug Task Force 2","Law Tac","Rice County"
22617,5859,"RC JAIL ","DE","Rice Sheriff Court - Jail","Corrections","Rice County"
22619,585b,"RC LAW","DE","Rice Law","Law Tac","Rice County"
22621,585d,"RC FIRE MAIN","D","County Fire Main","Fire Dispatch","Rice County"
22622,585e,"RC FBLT FD 1","D","Fairbault Fire 1","Fire-Talk","Rice County"
22623,585f,"RC FBLT FD 2","D","Faribault Fire Ops","Fire-Tac","Rice County"
22625,5861,"RC NFLD FD 1","D","Northfield Fire 1","Fire-Talk","Rice County"
22626,5862,"RC NFLD FD 2","D","Northfield Fire Ops","Fire-Tac","Rice County"
22628,5864,"RC LONS FD","D","Lonsdale Fire","Fire-Tac","Rice County"
22631,5867,"RC MORR FD","D","Morristown Fire","Fire-Tac","Rice County"
22634,586a,"RC NERS FD","D","Nerstrand Fire","Fire-Tac","Rice County"
22637,586d,"RC FIRETAC1","D","Rice Fire Tactical 1","Fire-Tac","Rice County"
22638,586e,"RC FIRETAC2","D","Rice Fire Tactical 2","Fire-Tac","Rice County"
22640,5870,"RC FIREOPS1","D","Rice County Fire Ops 1","Fire-Tac","Rice County"
22641,5871,"RC FIREOPS2","D","Rice County Fire Ops 2","Fire-Tac","Rice County"
22643,5873,"RC MTWN COM","D","Morristown Common","Multi-Talk","Rice County"
22645,5875,"RC LONS COM","D","Lonsdale Common","Multi-Talk","Rice County"
22647,5877,"RC DUND COM","D","Dundas Common","Multi-Talk","Rice County"
22660,5884,"RC POOL 10","D","Rice Pool 10","Multi-Tac","Rice County"
22661,5885,"RC POOL 11","D","Rice Pool 11","Multi-Tac","Rice County"
22662,5886,"RC POOL 12","D","Rice Pool 12","Multi-Tac","Rice County"
22663,5887,"RC POOL 13","D","Rice Pool 13","Multi-Tac","Rice County"
22667,588b,"RC ROAM","D","Rice County Roam","Multi-Dispatch","Rice County"
22671,588f,"RC HWY","D","Rice County Highway","Public Works","Rice County"
22672,5890,"RC LANDFL","D","Rice County Landfill","Public Works","Rice County"
22675,5893,"RC FBLT DPW 1","D","Fairbault Public Works 1","Public Works","Rice County"
22676,5894,"RC FBLT DPW 2","D","Fairbault Public Works 2","Public Works","Rice County"
22677,5895,"RC NFLD DPW","D","Northfield Public Works","Public Works","Rice County"
22678,5896,"RC LO DPW","D","Lonsdale Public Works","Public Works","Rice County"
24000,5dc0,"CM FIRE MA","D","Cent Minn Fire Mutual Aid","Fire-Tac","Zone 4 Interoperability Central"
24002,5dc2,"CM EM   ","D","Central Minnesota Emergency Management","Emergency Ops","Zone 4 Interoperability Central"
24004,5dc4,"CM TAC 24004","D","Cent Minn Tac 24004","Law Tac","Zone 4 Interoperability Central"
24006,5dc6,"CM 5","D","CM Tactical 5","Interop","Zone 4 Interoperability Central"
24008,5dc8,"CM 6","D","CM Tactical 6","Interop","Zone 4 Interoperability Central"
24010,5dca,"CM 7","D","CM Tactical 7","Interop","Zone 4 Interoperability Central"
24012,5dcc,"CM 6E","DE","CM Encrypted 6 All Users","Interop","Zone 4 Interoperability Central"
24014,5dce,"CM 7E","DE","CM Encrypted 7 All Users","Interop","Zone 4 Interoperability Central"
24016,5dd0,"CM TAC 24016","D","Cent Minn Tac 24016","Multi-Tac","Zone 4 Interoperability Central"
24018,5dd2,"SYS TECH STR","D","System Tech Stearns County Area","Public Works","Minnesota Department of Public Safety - Emergency Communications"
24020,5dd4,"CM 12","D","CM Tactical 12","Interop","Zone 4 Interoperability Central"
24022,5dd6,"CM 2 LE","DE","CM Encrypted 2 Law","Law Tac","Zone 4 Interoperability Central"
24024,5dd8,"CM 3 LE","DE","CM Encrypted 3 Law","Law Tac","Zone 4 Interoperability Central"
24026,5dda,"CM 4 LE","DE","CM Encrypted 4 Law","Law Tac","Zone 4 Interoperability Central"
24028,5ddc,"CM 5 LE","DE","CM Encrypted 5 Law","Law Tac","Zone 4 Interoperability Central"
24030,5dde,"CM CALL","D","Central Minnesota Call","Interop","Zone 4 Interoperability Central"
24032,5de0,"CM 2","D","CM Tactical 2","Interop","Zone 4 Interoperability Central"
24034,5de2,"CM 3","D","CM Tactical 3","Interop","Zone 4 Interoperability Central"
24036,5de4,"CM 4","D","CM Tactical 4","Interop","Zone 4 Interoperability Central"
24038,5de6,"CM 8","D","CM Tactical 8","Interop","Zone 4 Interoperability Central"
24040,5de8,"CM 9","D","CM Tactical 9","Interop","Zone 4 Interoperability Central"
24042,5dea,"CM 10","D","CM Tactical 10","Interop","Zone 4 Interoperability Central"
24044,5dec,"CM 11","D","CM Tactical 11","Interop","Zone 4 Interoperability Central"
24046,5dee,"STAC 3","D","Statewide Tactical 3","Interop","Statewide Interoperability "
24048,5df0,"STAC 4","D","Statewide Tactical 4","Interop","Statewide Interoperability "
24050,5df2,"SYS TECH WLM","D","System Technicians Willmar","Public Works","Minnesota Department of Public Safety - Emergency Communications"
24052,5df4,"MSP 2600 DSP","D","St. Cloud "2600" Dispatch","Law Dispatch","Minnesota Department of Public Safety - State Patrol"
24053,5df5,"MSP 2600 RM","D","St. Cloud "2600" Roaming","Law Dispatch","Minnesota Department of Public Safety - State Patrol"
24054,5df6,"MSP 2600 T3","DE","St. Cloud "2600" TAC 3","Law Tac","Minnesota Department of Public Safety - State Patrol"
24056,5df8,"MSP 2600 T 1","D","St. Cloud "2600" TAC 1","Law Tac","Minnesota Department of Public Safety - State Patrol"
24057,5df9,"MSP 2600 A I","D","St. Cloud "2600" ","Law Tac","Minnesota Department of Public Safety - State Patrol"
24058,5dfa,"MSP 2600 ALL","D","St. Cloud "2600" - All Call","Law Tac","Minnesota Department of Public Safety - State Patrol"
24059,5dfb,"MSP 2600 INPS","D","St. Cloud "2600" Inspectors","Law Tac","Minnesota Department of Public Safety - State Patrol"
24060,5dfc,"SYS TECH Z 4","DE","System Technicians Zone 4","Public Works","Minnesota Department of Public Safety - Emergency Communications"
24068,5e04,"MSP 2600 T 2","D","St. Cloud "2600" TAC 2","Law Tac","Minnesota Department of Public Safety - State Patrol"
24070,5e06,"DOT WILLMAR24070","D","DOT Willmar 24070","Public Works","Minnesota DOT District 8 SW - Willmar"
24078,5e0e,"DOT SILVR LK","D","DOT Silver Lake","Public Works","Minnesota DOT District 8 SW - Willmar"
24100,5e24,"STAC 7","D","Statewide Tactical 7","Interop","Statewide Interoperability "
24101,5e25,"DOT 3 24101","D","DOT 3 24101","Public Works","Minnesota DOT District 3 E Cent. - Brainerd / St. Cloud"
24101,5e25,"MnDOT TAC 7","D","MnDOT Common Tac 7","Public Works","Minnesota DOT Statewide"
24102,5e26,"STAC 8","D","Statewide Tactical 8","Interop","Statewide Interoperability "
24103,5e27,"MnDOT TAC 8","D","MnDOT Common Tac 8","Public Works","Minnesota DOT Statewide"
24104,5e28,"LTAC 3","D","Law Enforcement Tactical 3","Law Tac","Statewide Interoperability "
24106,5e2a,"LTAC 4","D","Law Enforcement Tactical 4","Law Tac","Statewide Interoperability "
24110,5e2e,"LTAC 5E","DE","Law Enforcement Tactical 5E","Law Tac","Statewide Interoperability "
24111,5e2f,"LTAC 7E","DE","Law Enforcement Tactical 7E","Law Tac","Statewide Interoperability "
24112,5e30,"LTAC 6E","DE","Law Enforcement Tactical 6E","Law Tac","Statewide Interoperability "
24113,5e31,"LTAC 8E","DE","Law Enforcement Tactical 8E","Law Tac","Statewide Interoperability "
24114,5e32,"SIU 1","DE","Special Investigative Unit Tactical 1","Law Tac","Statewide Interoperability "
24115,5e33,"SIU 3","DE","Special Investigative Unit Tactical 3","Law Tac","Statewide Interoperability "
24116,5e34,"SIU 2","DE","Special Investigative Unit Tactical 2","Law Tac","Statewide Interoperability "
24117,5e35,"SIU 4","DE","Special Investigative Unit Tactical 4","Law Tac","Statewide Interoperability "
24118,5e36,"LTAC11E","DE","Law Enforcement Tactical 11E","Law Tac","Statewide Interoperability "
24119,5e37,"DHS WLMR TRT","D","Willmar Treatment Center","Hospital","Department of Human Services"
24120,5e38,"LTAC12E","DE","Law Enforcement Tactical 12E","Law Tac","Statewide Interoperability "
24136,5e48,"DOT 3A CALL","D","DOT 3A ALL CALL","Public Works","Minnesota DOT District 3 E Cent. - Brainerd / St. Cloud"
24138,5e4a,"DOT 3B Main","D","DOT 3B Main","Public Works","Minnesota DOT District 3 E Cent. - Brainerd / St. Cloud"
24140,5e4c,"DOT 3 BRD StCld","D","DOT Brainerd/St Cloud Dispatch","Public Works","Minnesota DOT District 3 E Cent. - Brainerd / St. Cloud"
24141,5e4d,"DOT D3 BRD DISP","D","DOT D3 Brainerd Dispatch (OLD State Patrol to Brainerd MSP Dispatch)","Public Works","Minnesota DOT District 3 E Cent. - Brainerd / St. Cloud"
24142,5e4e,"DOT 3 SUPV","D","DOT 3 SUPERVISORS","Public Works","Minnesota DOT District 3 E Cent. - Brainerd / St. Cloud"
24144,5e50,"DOT 3B SUPV","D","DOT 3 ST CLOUD SUPERVISORS","Public Works","Minnesota DOT District 3 E Cent. - Brainerd / St. Cloud"
24145,5e51,"DOT 3 ESS","D","DOT 3 ESS","Public Works","Minnesota DOT District 3 E Cent. - Brainerd / St. Cloud"
24146,5e52,"DOT 3A TAC2","D","DOT 3A TAC 2","Public Works","Minnesota DOT District 3 E Cent. - Brainerd / St. Cloud"
24148,5e54,"DOT D3B RVR","D","DOT D3B River Sub (Elk River and Milaca Truck Stations)","Public Works","Minnesota DOT District 3 E Cent. - Brainerd / St. Cloud"
24150,5e56,"DOT D3B GRANITE","D","DOT D3B Granite Sub (St Cloud Truck Station) ","Public Works","Minnesota DOT District 3 E Cent. - Brainerd / St. Cloud"
24152,5e58,"DOT 4B MAIN","D","DOT 4B MAIN","Public Works","Minnesota DOT District 4 W Cent. - Detroit Lakes"
24154,5e5a,"DOT 4 SUPV","D","DOT 4 SUPERVISORS","Public Works","Minnesota DOT District 4 W Cent. - Detroit Lakes"
24156,5e5c,"DOT 4 MREHD CNS","D","DOT 4 Moorehead Construction","Public Works","Minnesota DOT District 4 W Cent. - Detroit Lakes"
24160,5e60,"DOT 4 TAC6","D","DOT 4 TAC6","Public Works","Minnesota DOT District 4 W Cent. - Detroit Lakes"
24166,5e66,"DOT 3B CALL","D","DOT 3B ALL CALL","Public Works","Minnesota DOT District 3 E Cent. - Brainerd / St. Cloud"
24168,5e68,"DOT 3 EVENT1","D","DOT 3 EVENT1","Public Works","Minnesota DOT District 3 E Cent. - Brainerd / St. Cloud"
24170,5e6a,"DOT 3 EVENT2","D","DOT 3 EVENT2","Public Works","Minnesota DOT District 3 E Cent. - Brainerd / St. Cloud"
24172,5e6c,"DOT 3A SURVEY","D","DOT 3A SURVEY","Public Works","Minnesota DOT District 3 E Cent. - Brainerd / St. Cloud"
24173,5e6d,"DOT 3B SURVEY","D","DOT 3B SURVEY","Public Works","Minnesota DOT District 3 E Cent. - Brainerd / St. Cloud"
24174,5e6e,"DOT BRAINERD","D","MnDOT Brainerd","Public Works","Minnesota DOT District 3 E Cent. - Brainerd / St. Cloud"
24178,5e72,"DOT D3 TAC 1","D","DOT D3 Tac 1","Public Works","Minnesota DOT District 3 E Cent. - Brainerd / St. Cloud"
24180,5e74,"DOT D3 TAC 2","D","DOT D3 Tac 2","Public Works","Minnesota DOT District 3 E Cent. - Brainerd / St. Cloud"
24182,5e76,"DOT D3A FALLS","D","DOT D3A Falls Sub (Little Falls, Long Prairie Truck Stations)","Public Works","Minnesota DOT District 3 E Cent. - Brainerd / St. Cloud"
24184,5e78,"DOT 3 24184","D","DOT 3 24184","Public Works","Minnesota DOT District 3 E Cent. - Brainerd / St. Cloud"
24185,5e79,"DOT D3A BAY","D","DOT D3A Bay Sub (Baxter, Motley, Wadena Truck Stations)","Public Works","Minnesota DOT District 3 E Cent. - Brainerd / St. Cloud"
24187,5e7b,"DOT D3A NORTH","D","DOT D3A North Sub (Aitkin, Garrison, Pine River, Remer Truck Stations)","Public Works","Minnesota DOT District 3 E Cent. - Brainerd / St. Cloud"
24188,5e7c,"DOT D3B SOUTH","D","DOT D3B South Sub (Buffalo and Monticello Truck Stations)","Public Works","Minnesota DOT District 3 E Cent. - Brainerd / St. Cloud"
24190,5e7e,"DOT D3B WEST","D","DOT D3B West Sub (Albany, Paynesville, Sauk Centre Truck Stations)","Public Works","Minnesota DOT District 3 E Cent. - Brainerd / St. Cloud"
24194,5e82,"DOT D3B EAST","D","DOT D3B East Sub (Cambridge, Isle, Mora Truck Stations)","Public Works","Minnesota DOT District 3 E Cent. - Brainerd / St. Cloud"
24196,5e84,"DOT 3A BRIDGE","D","DOT 3A Bridge Inspectors","Public Works","Minnesota DOT District 3 E Cent. - Brainerd / St. Cloud"
24200,5e88,"DOT 3B BRIDGE","D","DOT 3B Bridge Inspectors","Public Works","Minnesota DOT District 3 E Cent. - Brainerd / St. Cloud"
24202,5e8a,"DOT 3 SIGN","D","DOT 3 Sign Shop","Public Works","Minnesota DOT District 3 E Cent. - Brainerd / St. Cloud"
24204,5e8c,"DOT DL ALL","D","DOT DL All Call","Public Works","Minnesota DOT District 4 W Cent. - Detroit Lakes"
24206,5e8e,"DOT 4A MAIN","D","DOT 4A MAIN","Public Works","Minnesota DOT District 4 W Cent. - Detroit Lakes"
24208,5e90,"DOT D4 DISP","D","DOT D4 Dispatch (DOT to State Patrol Dispatch)","Public Works","Minnesota DOT District 4 W Cent. - Detroit Lakes"
24210,5e92,"DOT D4 ALX","D","DOT D4 Alex Sub (Alex & Evansville Truck Stations)","Public Works","Minnesota DOT District 4 W Cent. - Detroit Lakes"
24214,5e96,"DOT D4 BRIDGE","D","DOT D4 Bridge Inspectors ","Public Works","Minnesota DOT District 4 W Cent. - Detroit Lakes"
24216,5e98,"DOT DL TAC 24216","D","DOT DL TAC 24216","Public Works","Minnesota DOT District 4 W Cent. - Detroit Lakes"
24218,5e9a,"DOT D4 TAC 1","D","DOT D4 Tac 1","Public Works","Minnesota DOT District 4 W Cent. - Detroit Lakes"
24220,5e9c,"DOT D4 FF","D","DOT D4 Fergus Sub (Fergus Falls & Henning Truck Stations)","Public Works","Minnesota DOT District 4 W Cent. - Detroit Lakes"
24222,5e9e,"DOT VHF OVER","D","DL VHF OVERLAY TESTING","Public Works","Minnesota DOT District 4 W Cent. - Detroit Lakes"
24224,5ea0,"DOT DL 24224","D","DOT DL 24224","Public Works","Minnesota DOT District 4 W Cent. - Detroit Lakes"
24226,5ea2,"DOT DL 24226","D","DOT DL 24226","Public Works","Minnesota DOT District 4 W Cent. - Detroit Lakes"
24228,5ea4,"DOT D4 MHD","D","DOT D4 Moorhead Sub (Barnsville, Hawley, Moorhead Truck Stations) ","Public Works","Minnesota DOT District 4 W Cent. - Detroit Lakes"
24230,5ea6,"DOT D4 MORRIS","D","DOT D4 Glenwood Sub (Appleton, Benson, Breck, Glenwood, Morris, Ortonville, Wheaton Truck Stations)","Public Works","Minnesota DOT District 4 W Cent. - Detroit Lakes"
24232,5ea8,"DOT DL 24232","D","DOT DL 24232","Public Works","Minnesota DOT District 4 W Cent. - Detroit Lakes"
24234,5eaa,"DOT 3A TAC1","D","DOT 3A TAC1","Public Works","Minnesota DOT District 3 E Cent. - Brainerd / St. Cloud"
24236,5eac,"DOT DL 24236","D","DOT DL 24236","Public Works","Minnesota DOT District 4 W Cent. - Detroit Lakes"
24238,5eae,"DOT DL 24238","D","DOT DL 24238","Public Works","Minnesota DOT District 4 W Cent. - Detroit Lakes"
24240,5eb0,"DOT DL 24240","D","DOT DL 24240","Public Works","Minnesota DOT District 4 W Cent. - Detroit Lakes"
24242,5eb2,"DOT DL 24242","D","DOT DL 24242","Public Works","Minnesota DOT District 4 W Cent. - Detroit Lakes"
24244,5eb4,"DOT DL 24244","D","DOT DL 24244","Public Works","Minnesota DOT District 4 W Cent. - Detroit Lakes"
24248,5eb8,"DOT DL 24248","D","DOT DL 24248","Public Works","Minnesota DOT District 4 W Cent. - Detroit Lakes"
24250,5eba,"DOT D4 TAC 2","D","DOT D4 Tac 2","Public Works","Minnesota DOT District 4 W Cent. - Detroit Lakes"
24252,5ebc,"DOT D4 DL","D","DOT D4 Det Lks Sub (Det Lks, Mahnomen, Perham Truck Stations)","Public Works","Minnesota DOT District 4 W Cent. - Detroit Lakes"
24254,5ebe,"DOT DL TAC 24254","D","DOT DL TAC 24254","Public Works","Minnesota DOT District 4 W Cent. - Detroit Lakes"
24256,5ec0,"DOC SCL OP 1","D","MCF St. Cloud - Main Operations","Corrections","Minnesota Department of Corrections - St. Cloud Prison"
24258,5ec2,"DOC SCL OP 2","D","MCF St. Cloud - Local Maintenance","Corrections","Minnesota Department of Corrections - St. Cloud Prison"
24260,5ec4,"DOC SCL OP 3","D","MCF St. Cloud - Operational Security 3","Corrections","Minnesota Department of Corrections - St. Cloud Prison"
24262,5ec6,"DOC SCL OP 4","D","MCF St. Cloud - Operational Security 4","Corrections","Minnesota Department of Corrections - St. Cloud Prison"
24264,5ec8,"DOC SCL OP 5","D","MCF St. Cloud - Operational Security 5","Corrections","Minnesota Department of Corrections - St. Cloud Prison"
24266,5eca,"DOC SCL OP 6","D","MCF St. Cloud - Operational Security 6","Corrections","Minnesota Department of Corrections - St. Cloud Prison"
24268,5ecc,"DOC SCL OP 7","D","MCF St. Cloud - Alert Tone All Call","Corrections","Minnesota Department of Corrections - St. Cloud Prison"
24270,5ece,"DOC SCL OP 8","D","MCF St. Cloud - Emergency Alert All Call","Corrections","Minnesota Department of Corrections - St. Cloud Prison"
24271,5ecf,"MSP TRAIN 1","D","MSP Training 1","Law Tac","Minnesota Department of Public Safety - State Patrol"
24272,5ed0,"MSP TRAIN 2","D","MSP Training 2","Law Tac","Minnesota Department of Public Safety - State Patrol"
24273,5ed1,"MSP TRAIN 3","D","MSP Training 3","Law Tac","Minnesota Department of Public Safety - State Patrol"
24274,5ed2,"MSP TRAIN 4","D","MSP Training 4","Law Tac","Minnesota Department of Public Safety - State Patrol"
24275,5ed3,"MSP TRAIN 5","D","MSP Training 5","Law Tac","Minnesota Department of Public Safety - State Patrol"
24276,5ed4,"MSP TRAIN 6","D","MSP Training 6","Law Tac","Minnesota Department of Public Safety - State Patrol"
24277,5ed5,"PARKS D1","D","Parks District 1 Main","Public Works","Minnesota Department of Natural Resources - DNR"
24278,5ed6,"PARKS D1 TAC","D","Parks District 1 Tactical","Public Works","Minnesota Department of Natural Resources - DNR"
24279,5ed7,"G LAKES SP 1","D","Glacial Lakes State Park 1","Public Works","Pope County"
24280,5ed8,"G LAKES SP 2","D","Glacial Lakes State Park 2","Public Works","Pope County"
24281,5ed9,"BUFF RVR SP1","D","Buffalo River State Park 1","Public Works","Clay County"
24282,5eda,"BUFF RVR SP2","D","Buffalo River State Park 2","Public Works","Clay County"
24283,5edb,"LK CRLOS SP1","D","Lake Carlos State Park 1","Public Works","Douglas County"
24284,5edc,"LK CRLOS SP2","D","Lake Carlos State Park 2","Public Works","Douglas County"
24285,5edd,"GLNDALOUGH 1","D","Glendalough State Park 1","Public Works","Otter Tail County"
24286,5ede,"GLNDALOUGH 2","D","Glendalough State Park 2","Public Works","Otter Tail County"
24287,5edf,"MAPLEWOOD 1","D","Maplewood State Park 1","Public Works","Otter Tail County"
24288,5ee0,"MAPLEWOOD 2","D","Maplewood State Park 2","Public Works","Otter Tail County"
24291,5ee3,"KATHIO SP ","D","Mille Lacs Kathio State Park","Public Works","Mille Lacs County"
24295,5ee7,"FR HENN SP","D","Father Hennepin State Park","Public Works","Mille Lacs County"
24297,5ee9,"LK Maria SP","D","Lake Maria State Park","Public Works","Wright County"
24400,5f50,"SC FDAD","D","St. Cloud Fire Administrative","Fire Dispatch","Stearns County - St. Cloud"
24402,5f52,"SC FDOPS2","D","St. Cloud Fire Operations 2","Fire-Tac","Stearns County - St. Cloud"
24403,5f53,"ST TAC2","D","Stearns Tactical 2","Multi-Tac","Stearns County"
24404,5f54,"SC FDOPS3","D","St. Cloud Fire Operations 3","Fire-Tac","Stearns County - St. Cloud"
24405,5f55,"ST TAC3","D","Stearns Tactical 3","Multi-Tac","Stearns County"
24406,5f56,"SC FDOPS4","D","St. Cloud Fire Operations 4","Fire-Tac","Stearns County - St. Cloud"
24407,5f57,"ST TAC4","D","Stearns Tactical 4","Multi-Tac","Stearns County"
24408,5f58,"SC FDOPS5","D","St. Cloud Fire Operations 5","Fire-Tac","Stearns County - St. Cloud"
24409,5f59,"ST TAC5","D","Stearns Tactical 5","Multi-Tac","Stearns County"
24410,5f5a,"SC FDOPS6","D","St. Cloud Fire Operations 6","Fire-Tac","Stearns County - St. Cloud"
24411,5f5b,"ST TAC6","D","Stearns Tactical 6","Multi-Tac","Stearns County"
24412,5f5c,"SC FDOPS7","D","St. Cloud Fire Operations 7","Fire-Tac","Stearns County - St. Cloud"
24413,5f5d,"ST TAC7","D","Stearns Tactical 7","Multi-Tac","Stearns County"
24414,5f5e,"SC FDOPS8","D","St. Cloud Fire Operations 8","Fire-Tac","Stearns County - St. Cloud"
24415,5f5f,"ST TAC8","D","Stearns Tactical 8","Multi-Tac","Stearns County"
24418,5f62,"SC PW ADM","D","St. Cloud  Public Works / Refuse - Recycling","Public Works","Stearns County - St. Cloud"
24420,5f64,"SC STREETS","D","St. Cloud Public Works - Snowplows","Public Works","Stearns County - St. Cloud"
24422,5f66,"SC WORKS","D","St. Cloud Public Works","Public Works","Stearns County - St. Cloud"
24424,5f68,"SC WORKS 4","D","St. Cloud Public Works 4","Public Works","Stearns County - St. Cloud"
24428,5f6c,"SC MAC","D","St Cloud Municipal Athletic Conference (MAC)","Schools","Stearns County - St. Cloud"
24430,5f6e,"SC ARPT","D","St Cloud Regional Airport Maintenance","Public Works","Stearns County - St. Cloud"
24431,5f6f,"SC-VRDA ALRM","D","St Cloud Varda/Automatic Alarms","Law Tac","Stearns County - St. Cloud"
24432,5f70,"SC WORKS 8","D","St. Cloud Public Works 8","Public Works","Stearns County - St. Cloud"
24434,5f72,"EMSMM-STC-AM","D","Mayo - St. Cloud Patient Update","EMS-Tac","Stearns County - St. Cloud"
24436,5f74,"CM EMS HAIL","D","Central Hospital Hailing","EMS-Tac","Zone 4 Interoperability Central"
24438,5f76,"CM EMS TAC 1","D","Central MN EMS Tactical 1 ","EMS-Tac","Zone 4 Interoperability Central"
24440,5f78,"CM EMS TAC 2","D","Central MN EMS Tactical 2","EMS-Tac","Zone 4 Interoperability Central"
24441,5f79,"STCLD MET BUS 1","D","St. Cloud Metro Bus 1","Transportation","Stearns County - St. Cloud"
24442,5f7a,"CM EMS TAC 4","D","Central MN EMS Tactical 4","EMS-Tac","Zone 4 Interoperability Central"
24443,5f7b,"STCLD MET BUS 3","D","St. Cloud Metro Bus 3","Transportation","Stearns County - St. Cloud"
24446,5f7e,"SC PD OP1","D","St. Cloud Police Ops 1","Law Tac","Stearns County - St. Cloud"
24447,5f7f,"SC NS LINK","D","St Cloud Transit Northstar Link","Transportation","Stearns County - St. Cloud"
24448,5f80,"SCLD 2","D","Saint Cloud 2","Multi-Tac","Stearns County - St. Cloud"
24450,5f82,"SCLD 3","D","Saint Cloud 3","Multi-Tac","Stearns County - St. Cloud"
24452,5f84,"SC PD OP4","D","St. Cloud Police Ops 4","Law Tac","Stearns County - St. Cloud"
24454,5f86,"SC PD OP5","D","St. Cloud Police Ops 5","Law Tac","Stearns County - St. Cloud"
24456,5f88,"SC PD OP6","D","St. Cloud Police Ops 6","Law Tac","Stearns County - St. Cloud"
24470,5f96,"SC PD MAIN","DE","St. Cloud Police Main","Law Dispatch","Stearns County - St. Cloud"
24474,5f9a,"SC EMS 1","D","St. Cloud Local Govt EMS 1 FD/EMS/PD Coordination","Multi-Tac","Stearns County - St. Cloud"
24476,5f9c,"SC PD ","DE","St. Cloud Police","Law Dispatch","Stearns County - St. Cloud"
24494,5fae,"SC EMS 2","D","St. Cloud Local Govt EMS 2 FD/EMS/PD Coordination","Multi-Tac","Stearns County - St. Cloud"
24496,5fb0,"SC PD 911","D","St. Cloud PD 911","Law Tac","Stearns County - St. Cloud"
24498,5fb2,"SC CTYWD","D","St. Cloud Citywide Common Hailing","Multi-Talk","Stearns County - St. Cloud"
24500,5fb4,"SC LG COM 1","D","St. Cloud Local Government Common 1","Multi-Tac","Stearns County - St. Cloud"
24502,5fb6,"SC LG COM 2","D","St. Cloud Local Government Common 2","Multi-Tac","Stearns County - St. Cloud"
24504,5fb8,"SC LG COM 3","D","St. Cloud Local Government Common 3","Multi-Tac","Stearns County - St. Cloud"
24506,5fba,"SC CIV CTR","D","St. Cloud Convention Center Operations","Public Works","Stearns County - St. Cloud"
24508,5fbc,"SRTL FIR ADM","D","Sartell Fire Admin","Fire-Tac","Stearns County"
24510,5fbe,"SRTL WORKS","D","Sartell Works","Public Works","Stearns County"
24512,5fc0,"SRTL PD TAC","D","Sartell Police Tactical","Law Tac","Stearns County"
24514,5fc2,"SRTL PD","D","Sartell Police","Law Tac","Stearns County"
24516,5fc4,"SRTL PD C2C","D","Sartell Police Car to Car","Law Talk","Stearns County"
24518,5fc6,"STJO FIR ADM","D","Fire Administration","Fire-Tac","Stearns County"
24526,5fce,"STJO PD","D","St Joes Police","Law Dispatch","Stearns County"
24528,5fd0,"SKRP FD ADM","D","Sauk Rapids Fire Admin","Fire-Tac","Benton County"
24530,5fd2,"SKRP WORKS 1","D","Sauk Rapids Public Works","Public Works","Benton County"
24532,5fd4,"SKRP GOVT 1","D","Sauk Rapids Local Government 1","Public Works","Benton County"
24534,5fd6,"SKRP FD TAC","D","Sauk Rapids Fire Tactical","Fire-Tac","Benton County"
24536,5fd8,"SKRP PD ADM","D","Sauk Rapids Police Admin","Law Tac","Benton County"
24538,5fda,"STSTPH FIRE","D","St Stephen Fire Dept","Fire-Tac","Stearns County"
24542,5fde,"WTPK FIRE A","D","Waite Park Fire Dept","Fire-Tac","Stearns County"
24550,5fe6,"WTPK PD C2C","D","Waite Park Police Car 2 Car","Law Talk","Stearns County"
24552,5fe8,"SC FD EMRG","D","St. Cloud Fire Emergency","Fire-Tac","Stearns County - St. Cloud"
24554,5fea,"SC PD EMEG","D","Saint Cloud Police Emergency","Law Tac","Stearns County - St. Cloud"
24600,6018,"ST SO 1","D","Sheriff 1 Main (SCSD 1)","Law Dispatch","Stearns County"
24602,601a,"ST 3","D","ST-3","Multi-Tac","Stearns County"
24604,601c,"ST 4","D","ST-4","Multi-Tac","Stearns County"
24606,601e,"ST SO SPVR","DE","Sheriff Supervisors","Law Tac","Stearns County"
24608,6020,"ST SO SERT","DE","Stearns County SERT","Law Tac","Stearns County"
24610,6022,"ST SO TAC","DE","Sheriffs Office Tactical","Law Tac","Stearns County"
24612,6024,"ST ROAM","D","County Roam","Multi-Dispatch","Stearns County"
24614,6026,"SK CTR EMS","D","Sauk Centre EMS","EMS-Tac","Stearns County"
24616,6028,"MELROSE EMS","D","Melrose EMS Admin","EMS-Tac","Stearns County"
24618,602a,"EMS ADMIN","D","EMS Admin","EMS-Tac","Stearns County"
24620,602c,"EMSCC Paynesvill","D","CentraCare EMS Dispatch - Paynesville","EMS Dispatch","CentraCare EMS"
24622,602e,"EMS ADMIN","D","EMS Admin","EMS-Tac","Stearns County"
24626,6032,"SCMAC","D","St. Cloud Metropolitan Athletics Complex","Schools","Stearns County - St. Cloud"
24628,6034,"CM DG TASK","D","Central Minnesota Drug and Gang Task Force","Law Tac","Stearns County"
24630,6036,"VA EMS SEC","D","St. Cloud VAMC EMS - Security Patch","Security","Stearns County - St. Cloud"
24632,6038,"STCLD ANOUNC","D","Saint Cloud Announce Group","Multi-Dispatch","Stearns County - St. Cloud"
24634,603a,"CM EM AD","D","Central MN Emergency Management Admin.","Emergency Ops","Zone 4 Interoperability Central"
24636,603c,"SCSU SEC","D","St Cloud State University Security","Security","Stearns County - St. Cloud"
24640,6040,"ST SO 2","D","Local Police Dispatch (SCSD 2)","Law Dispatch","Stearns County"
24642,6042,"ST 5","D","ST-5","Multi-Tac","Stearns County"
24646,6046,"ST RICH FA","D","Richmond Fire Dept Adm","Fire-Tac","Stearns County"
24656,6050,"ROCKVL FIRE","D","Rockville Fire Dept","Fire-Tac","Stearns County"
24664,6058,"PNSV FIRE","D","Paynesville Fire Dept","Fire-Tac","Stearns County"
24672,6060,"PNSV PD ADM ","D","Paynesville PD Admin","Law Tac","Stearns County"
24674,6062,"MELROSE FD","D","Melrose Fire Dept","Fire-Tac","Stearns County"
24682,606a,"MELROSE PD","D","Melrose PD Admin","Law Tac","Stearns County"
24688,6070,"KMBL FIRE","D","Kimball Fire Ops","Fire-Tac","Stearns County"
24704,6080,"ColdSprFDAdm","D","Cold Spring Fire Administration","Fire-Tac","Stearns County"
24712,6088,"COLD SPR PD","D","Cold Spring PD","Law Tac","Stearns County"
24714,608a,"SK CTR FIRE","D","Sauk Centre Fire","Fire-Tac","Stearns County"
24716,608c,"SAUK CTR GVT","D","Sauk Centre Govt","EMS Dispatch","Stearns County"
24722,6092,"SAUK CTR PD","D","Sauk Center PD","Law Tac","Stearns County"
24724,6094,"BRTN FIRE","D","Brooten Fire","Fire-Tac","Stearns County"
24732,609c,"ChainOfLakes FD","D","Chain of Lakes Fire","Fire Dispatch","Stearns County"
24734,609e,"BELGRAD FIRE","D","Belgrade Fire Dept","Fire-Tac","Stearns County"
24740,60a4,"ST 13","D","ST-13","Multi-Tac","Stearns County"
24744,60a8,"ALBNY FD","D","Albany Fire Dept","Fire-Tac","Stearns County"
24748,60ac,"Albany Pub Wrks","D","Albany Public Works","Public Works","Stearns County"
24752,60b0,"ALBNY PD ADM","D","Albany Police Admin","Law Tac","Stearns County"
24754,60b2,"AVON FIRE","D","Avon Fire Dept","Fire-Tac","Stearns County"
24762,60ba,"AVON PD ADM","D","Avon Police Admin","Law Tac","Stearns County"
24778,60ca,"CLWTR RESCUE","D","Clearwater Rescue","Fire-Tac","Stearns County"
24780,60cc,"ST MARTN FDR","D","St. Martin Fire and Rescue","Fire-Tac","Stearns County"
24782,60ce,"Frprt FD Adm","D","Freeport Fire Administration","Fire-Talk","Stearns County"
24784,60d0,"HOLDFRD FD","D","Holdingford Fire","Fire-Tac","Stearns County"
24786,60d2,"LK HENRY FD","D","Lake Henry Fire Dept","Fire-Tac","Stearns County"
24788,60d4,"N MUNICH FDR","D","New Munich Fire Rescue","Fire-Tac","Stearns County"
24792,60d8,"ELROSA FDR","D","Elrosa Fire Rescue","Fire-Tac","Stearns County"
24794,60da,"UPSALA FIRE","D","Upsala Fire Dept","Fire-Tac","Stearns County"
24798,60de,"ST JAIL INTAKE","D","Stearns Jail Intake","Corrections","Stearns County"
24804,60e4,"ST PANIC ALM","D","Stearns County Panic Alarm","Fire-Tac","Stearns County"
24806,60e6,"ST COURT","D","Stearns County Court Security","Security","Stearns County"
24808,60e8,"ST JAIL","D","Stearns County Jail","Corrections","Stearns County"
24810,60ea,"ST LE CAMP","D","Stearns County Campus/County Grounds Deputies","Law Talk","Stearns County"
24812,60ec,"ST EMRG","D","Stearns Emergency Button","Multi-Dispatch","Stearns County"
24814,60ee,"ST HWY SCLD","D","Stearns County Highway Dept - St Cloud District","Public Works","Stearns County"
24816,60f0,"ST HWY NORTH","D","Stearns County Highway Dept - North District","Public Works","Stearns County"
24822,60f6,"STRN FIRE DI","D","County Fire Dispatch Main","Fire Dispatch","Stearns County"
24824,60f8,"WTPK FIRE B","D","Waite Park Fire Dept Tac","Fire-Tac","Stearns County"
24826,60fa,"SARTEL FIRE","D","Sartell Fire Dept Tac","Fire-Tac","Stearns County"
24832,6100,"ST E MGMT","D","Emergency Management","Emergency Ops","Stearns County"
24834,6102,"ST 6","D","ST-6","Multi-Tac","Stearns County"
24836,6104,"ST 7","D","ST-7","Multi-Tac","Stearns County"
24838,6106,"ST 8","D","ST-8","Multi-Tac","Stearns County"
24854,6116,"ST AGST FD A","D","St Augusta Fire","Fire-Tac","Stearns County"
24856,6118,"ST AGST FD B","D","St Augusta Fire Tac","Fire-Tac","Stearns County"
24870,6126,"SKRP WORKS 2","D","Sauk Rapids Public Works","Public Works","Benton County"
24878,612e,"ST HWY","D","Highway Dept","Public Works","Stearns County"
24880,6130,"SC PD OP8","D","St. Cloud Police Ops 5","Law Tac","Stearns County - St. Cloud"
24882,6132,"EMSMM-LCH-AM","D","Meeker County Patient Update","Hospital","Mayo Clinic Medical Transport"
24884,6134,"EMSMM-CMOPS1","D","Central Region Operations 1","EMS-Tac","Mayo Clinic Medical Transport"
24886,6136,"EMSMM-LFS-AM","D","Mayo - Patient Update","EMS-Tac","Morrison County"
24888,6138,"SC HOSP SEC","D","St Cloud Hospital Security","Security","Stearns County - St. Cloud"
24889,6139,"SC HOSP ADMN","D","St Cloud Hospital Admin (Centra Care)","Hospital","Stearns County - St. Cloud"
24890,613a,"EMH SC","D","St. Cloud Hospital	CentraCare Hospital - St. Cloud","Hospital","Central Minnesota EMS Hailing "
24898,6142,"ST HWY SOUTH","D","Stearns County Highway Dept - South District","Public Works","Stearns County"
24900,6144,"BN SO 1","D","Sheriff 1","Law Dispatch","Benton County"
24902,6146,"BN SO 2","D","Sheriff 2","Law Tac","Benton County"
24908,614c,"BN TAC 4","D","Benton Tac 4","Multi-Tac","Benton County"
24910,614e,"BN SO RES","D","Sheriff Reserves","Law Tac","Benton County"
24912,6150,"BN TAC 6","D","Benton Tac 6","Multi-Tac","Benton County"
24924,615c,"RICE POLICE","D","Rice Police Admin","Law Tac","Benton County"
24926,615e,"BN LAW","De","Law","Law Tac","Benton County"
24930,6162,"BN FOFD ADM","D","Foley FD Admin","Fire-Tac","Benton County"
24932,6164,"FOLEY","D","Foley","Multi-Tac","Benton County"
24938,616a,"RICE FIRE","D","Rice Fire Dept (1)","Fire-Tac","Benton County"
24940,616c,"RICE FD","D","Rice Fire Dept (2)","Fire-Tac","Benton County"
24946,6172,"BN FIRE","D","County Fire","Fire Dispatch","Benton County"
24948,6174,"BN ROAM","D","County Roam","Multi-Dispatch","Benton County"
24950,6176,"Foley DPW","D","Foley Dept of Public Works","Public Works","Benton County"
25011,61b3,"MI TRIBE LAW 2","D","Mille Lacs Tribal Law 2","Law Tac","Mille Lacs Band of Ojibwe"
25012,61b4,"MI TRIBE LAW ENC","DE","Mille Lacs Tribe Dispatch","Law Dispatch","Mille Lacs Band of Ojibwe"
25100,620c,"SH CW 2","D","Countywide 2","Interop","Sherburne County"
25104,6210,"SH COMMON2","D","Common 2","Multi-Talk","Sherburne County"
25106,6212,"SH BK PD C2C","D","Becker Police Car to Car","Law Talk","Sherburne County"
25108,6214,"SH BL FD TAC","D","Big Lake Fire Tactical","Fire-Tac","Sherburne County"
25110,6216,"BG LK PD C2C","D","Big Lake Police C2C","Law Talk","Sherburne County"
25112,6218,"SH COURT","D","County Court","Law Tac","Sherburne County"
25114,621a,"SH CL FD TAC","D","Clear Lake Fire Tactical","Fire-Tac","Sherburne County"
25116,621c,"SH ER FD TAC2","D","Elk River Fire Tactical 2","Fire-Tac","Sherburne County"
25118,621e,"SH ZM FD TAC","D","Zimmerman Fire Tactical","Fire-Tac","Sherburne County"
25120,6220,"SH BK FD TAC","D","Becker Fire Tactical","Fire-Tac","Sherburne County"
25124,6224,"SH ERPD C2C","D","Elk River Police Car to Car","Law Talk","Sherburne County"
25126,6226,"SH JAIL","D","Sheriff - Jail","Corrections","Sherburne County"
25128,6228,"ELK RVR FIRE","D","Elk River FD","Fire-Tac","Sherburne County"
25132,622c,"SH TAC3","DE","County Tac 3","Multi-Tac","Sherburne County"
25136,6230,"SH TAC1","D","County Tac 1","Multi-Tac","Sherburne County"
25138,6232,"SH TAC2","D","County Tac 2","Multi-Tac","Sherburne County"
25142,6236,"SH LE MAIN 1E","DE","Sherburne Law Main 1E","Law Dispatch","Sherburne County"
25144,6238,"SH LAW 2E","DE","Sherburne Law 2E","Law Dispatch","Sherburne County"
25146,623a,"SH LAW E","DE","Law","Law Tac","Sherburne County"
25148,623c,"SH COMMON 3","D","Sherburne Common 3","Multi-Talk","Sherburne County"
25150,623e,"SH PW","D","Public Works Main","Public Works","Sherburne County"
25152,6240,"SH FIRE","D","County Fire - Dispatch","Fire Dispatch","Sherburne County"
25154,6242,"SH JAIL BK","D","Jail Booking","Corrections","Sherburne County"
25160,6248,"BLWN FIRE","D","Baldwin Twp Fire","Fire-Tac","Sherburne County"
25162,624a,"SH COM CORR","D","Community Corrections & Probation","Corrections","Sherburne County"
25164,624c,"SH EOC","D","Sherburne Co EOC","Emergency Ops","Sherburne County"
25168,6250,"SH SCHOOL 2","D","Sherburne Schools 2","Schools","Sherburne County"
25174,6256,"ELK RVR UTIL","D","Elk River Municipal Utilities","Public Works","Sherburne County"
25178,625a,"SH ROAM","D","Sherburne Roaming","Multi-Dispatch","Sherburne County"
25182,625e,"SH ER EOC","D","Elk River EOC","Emergency Ops","Sherburne County"
25184,6260,"ELK RVR STRT","D","Elk River Public Works 3 Streets","Public Works","Sherburne County"
25186,6262,"ELK RVR PW 4","D","Elk River Public Works 4","Public Works","Sherburne County"
25188,6264,"SH ER COMMON","D","Elk River Common","Multi-Talk","Sherburne County"
25190,6266,"SH BK COMMON","D","Becker Common","Multi-Talk","Sherburne County"
25192,6268,"SH BL COMMON","D","Big Lake Common","Multi-Talk","Sherburne County"
25194,626a,"SH ZM COMMON","D","Zimmerman Common","Multi-Talk","Sherburne County"
25198,626e,"SH COMMON 1","D","SH-COMMON1","Multi-Talk","Sherburne County"
25202,6272,"SH HWY COM","D","Sherburne HWY Common","Public Works","Sherburne County"
25204,6274,"SH BD COMMON","D","Baldwin Common","Multi-Talk","Sherburne County"
25206,6276,"SH JAIL 2","D","Sheriff Jail 2","Corrections","Sherburne County"
25208,6278,"SH JAIL (4)","D","Jail (4)","Corrections","Sherburne County"
25300,62d4,"WR FIRE","D","County Fire","Fire Dispatch","Wright County"
25302,62d6,"WR FIRE TAC1","D","County Fire Tac 1","Fire-Tac","Wright County"
25303,62d7,"WR FIRE TAC2","D","County Fire Tac 2","Fire-Tac","Wright County"
25304,62d8,"WR FIRE TAC3","D","County Fire Tac 3","Fire-Tac","Wright County"
25305,62d9,"WR FIRE TAC4","D","County Fire Tac 4","Fire-Tac","Wright County"
25306,62da,"WR FIRE TAC5","D","County Fire Tac 5","Fire-Tac","Wright County"
25307,62db,"WR FIRE TAC6","D","County Fire Tac 6","Fire-Tac","Wright County"
25308,62dc,"WR FIRE TAC7","D","County Fire Tac 7","Fire-Tac","Wright County"
25309,62dd,"WR FIRE TAC8","D","County Fire Tac 8","Fire-Tac","Wright County"
25310,62de,"ALBRT FD 1","D","Albertville Fire 1","Fire-Tac","Wright County"
25311,62df,"ALBRT FD 2","D","Albertville Fire 2","Fire-Tac","Wright County"
25312,62e0,"ALBRT FD 3","D","Albertville Fire 3","Fire-Tac","Wright County"
25313,62e1,"ANNDL FD 1","D","Annandale Fire 1","Fire-Tac","Wright County"
25314,62e2,"ANNDL FD 2","D","Annandale Fire 2","Fire-Tac","Wright County"
25315,62e3,"ANNDL FD 3","D","Annandale Fire 3","Fire-Tac","Wright County"
25316,62e4,"BUFF FD 1","D","Buffalo Fire 1","Fire-Tac","Wright County"
25317,62e5,"BUFF D 2","D","Buffalo Fire 2","Fire-Tac","Wright County"
25318,62e6,"BUFF D 3","D","Buffalo Fire 3","Fire-Tac","Wright County"
25319,62e7,"CLRW FD 1","D","Clearwater Fire 1","Fire-Tac","Wright County"
25320,62e8,"CLRW FD 2","D","Clearwater Fire 2","Fire-Tac","Wright County"
25321,62e9,"CLRW FD 3","D","Clearwater Fire 3","Fire-Tac","Wright County"
25322,62ea,"COKATO FD 1","D","Cokato Fire 1","Fire-Tac","Wright County"
25323,62eb,"COKATO FD 2","D","Cokato Fire 2","Fire-Tac","Wright County"
25324,62ec,"COKATO FD 3","D","Cokato Fire 3","Fire-Tac","Wright County"
25325,62ed,"COKATO  EMS","D","Cokato Ambulance","EMS-Tac","Wright County"
25326,62ee,"COKATO EMS A","D","Cokato Ambulance All","EMS-Tac","Wright County"
25327,62ef,"DELANO FD 1","D","Delano Fire 1","Fire-Tac","Wright County"
25328,62f0,"DELANO FD 2","D","Delano Fire 2","Fire-Tac","Wright County"
25329,62f1,"DELANO FD 3","D","Delano Fire 2","Fire-Tac","Wright County"
25330,62f2,"HANOVR FD 1","D","Hanover Fire 1","Fire-Tac","Wright County"
25331,62f3,"HANOVR FD 2","D","Hanover Fire 2","Fire-Tac","Wright County"
25332,62f4,"HANOVR FD 3","D","Hanover Fire 3","Fire-Tac","Wright County"
25333,62f5,"HOW LK FD 1","D","Howard Lake Fire 1","Fire-Tac","Wright County"
25334,62f6,"HOW LK FD 2","D","Howard Lake Fire 2","Fire-Tac","Wright County"
25335,62f7,"HOW LK FD 3","D","Howard Lake Fire 3","Fire-Tac","Wright County"
25336,62f8,"MPL LK FD 1","D","Maple Lake Fire 1","Fire-Tac","Wright County"
25337,62f9,"MPL LK FD 2","D","Maple Lake Fire 2","Fire-Tac","Wright County"
25338,62fa,"MPL LK FD3","D","Maple Lake Fire 3","Fire-Tac","Wright County"
25339,62fb,"MTCLO FD 1","D","Monticello Fire 1","Fire-Tac","Wright County"
25340,62fc,"MTCLO FD 2","D","Monticello Fire 2","Fire-Tac","Wright County"
25341,62fd,"MTCLO FD 3","D","Monticello Fire 3","Fire-Tac","Wright County"
25342,62fe,"MNTRSE FD 1","D","Montrose Fire 1","Fire-Tac","Wright County"
25343,62ff,"MNTRSE FD 2","D","Montrose Fire 2","Fire-Tac","Wright County"
25344,6300,"MNTRSE FD 3","D","Montrose Fire 3","Fire-Tac","Wright County"
25345,6301,"ROKFRD FD 1","D","Rockford Fire 1","Fire-Tac","Wright County"
25346,6302,"ROKFRD FD 2","D","Rockford Fire 2","Fire-Tac","Wright County"
25347,6303,"ROKFRD FD 3","D","Rockford Fire 3","Fire-Tac","Wright County"
25348,6304,"S HAVEN FD 1","D","South Haven Fire 1","Fire-Tac","Wright County"
25349,6305,"S HAVEN FD 2","D","South Haven Fire 2","Fire-Tac","Wright County"
25350,6306,"S HAVEN FD 3","D","South Haven Fire 3","Fire-Tac","Wright County"
25351,6307,"ST MCHL FD 1","D","St. Michael Fire 1","Fire-Tac","Wright County"
25352,6308,"ST MCHL FD 2","D","St. Michael Fire 2","Fire-Tac","Wright County"
25353,6309,"ST MCHL FD 3","D","St. Michael Fire 3","Fire-Tac","Wright County"
25354,630a,"WAVRLY FD 1","D","Waverly Fire 1","Fire-Tac","Wright County"
25355,630b,"WAVRLY FD 2","D","Waverly Fire 2","Fire-Tac","Wright County"
25356,630c,"WAVRLY FD 3","D","Waverly Fire 3","Fire-Tac","Wright County"
25357,630d,"WR EMS 1","D","County EMS 1","EMS Dispatch","Wright County"
25358,630e,"WR EMS 2 ","D","County EMS 2","EMS Dispatch","Wright County"
25359,630f,"WR BKUP MAIN 1","D","Backup LAW MAIN 1","Law Dispatch","Wright County"
25360,6310,"WR BKUP LAW 2","D","Backup LAW 2","Law Dispatch","Wright County"
25361,6311,"WR BKUP LAW 3","D","Backup LAW 3","Law Dispatch","Wright County"
25362,6312,"WR LE MAIN 1E","DE","LAW MAIN 1E","Law Dispatch","Wright County"
25363,6313,"WR LE MAIN 2E","DE","LAW MAIN 2E","Law Dispatch","Wright County"
25364,6314,"WR LAW ALL","DE","County Law 6","Law Dispatch","Wright County"
25365,6315,"WR ROAM","D","County Roam","Multi-Dispatch","Wright County"
25366,6316,"ANNDL PD","D","Annandale Police","Law Tac","Wright County"
25367,6317,"HOW LK PD","D","Howard Lake Police","Law Tac","Wright County"
25368,6318,"BUFF PD","DE","Buffalo Police","Law Tac","Wright County"
25369,6319,"WR ERT","DE","County ERT","Law Tac","Wright County"
25370,631a,"WR SIU 1","DE","County SIU 1","Law Tac","Wright County"
25371,631b,"WR SIU 2","DE","County SIU 2","Law Tac","Wright County"
25372,631c,"WR COMMAND","DE","County Command","Law Tac","Wright County"
25373,631d,"WR PW 1","D","County PW 1","Public Works","Wright County"
25374,631e,"WR PW 2","D","County PW 2","Public Works","Wright County"
25375,631f,"WR PW 3","D","County PW 3","Public Works","Wright County"
25376,6320,"WR PW 4","D","County PW 4","Public Works","Wright County"
25377,6321,"WR PW ALL","D","County PW All","Public Works","Wright County"
25378,6322,"ROKFRD PW","D","Rockford Public Works","Public Works","Wright County"
25379,6323,"COKATO PW","D","Cokato Public Works","Public Works","Wright County"
25380,6324,"WR EMERG","D","County Emergency","Multi-Dispatch","Wright County"
25381,6325,"BUFF COM","D","Buffalo All","Multi-Talk","Wright County"
25382,6326,"ANNDL COMM","D","Annandale All Common","Multi-Talk","Wright County"
25383,6327,"EMH BF","D","Buffalo Hospital	Allina Health Hospital - Buffalo","Hospital","Central Minnesota EMS Hailing "
25384,6328,"HOW LK COMM","D","Howard Lake All Common","Multi-Talk","Wright County"
25385,6329,"WR COURTS","D","County Courts","Security","Wright County"
25386,632a,"ALBRT PW","D","Albertville PW","Public Works","Wright County"
25387,632b,"WR JAIL","DE","Wright Co Jail","Corrections","Wright County"
25388,632c,"BUFF PW","D","Buffalo PW","Public Works","Wright County"
25389,632d,"CLRW PW","D","Clearwater PW","Public Works","Wright County"
25390,632e,"DELANO  PW","D","Delano PW","Public Works","Wright County"
25391,632f,"HANOVR  PW","D","Hanover PW","Public Works","Wright County"
25392,6330,"HOW LK PW","D","Howard Lake PW","Public Works","Wright County"
25393,6331,"MPL LK PW","D","Maple Lake PW","Public Works","Wright County"
25394,6332,"MTCLO PW","D","Monticello PW","Public Works","Wright County"
25395,6333,"MNTRSE PW","D","Montrose PW","Public Works","Wright County"
25396,6334,"S HAVEN PW","D","South Haven PW","Public Works","Wright County"
25397,6335,"ST MCHL PW","D","St Michael PW","Public Works","Wright County"
25398,6336,"WAVRLY PW","D","Waverly PW","Public Works","Wright County"
25400,6338,"EMSCC ROAM","D","Centra Care EMS Roam","EMS Dispatch","CentraCare EMS"
25402,633a,"EMSCC Med Ctrl","D","CentraCare EMS Medical Control","EMS-Talk","CentraCare EMS"
25403,633b,"EMSCC WILLMAR","D","Centra Care EMS Dispatch - Willmar","EMS Dispatch","CentraCare EMS"
25404,633c,"EMSCC LP","D","Centra Care EMS Dispatch- Long Prairie","EMS Dispatch","CentraCare EMS"
25405,633d,"EMSCC RWF","D","Centra Care EMS Dispatch- Redwood Falls","EMS Dispatch","CentraCare EMS"
25406,633e,"RICE HOSP SEC","D","Rice Memorial Hospital Security","Security","Kandiyohi County"
25407,633f,"MTCLO Hosp Sec","D","Monticello Hospital Security","Security","Wright County"
25408,6340,"Paynes Hosp Sec","D","CentraCare - Paynesville Hospital Security","Security","Stearns County"
25410,6342,"RWFLS HOSP SEC","D","Redwood Falls Hospital Security","Security","Redwood County"
25500,639c,"MK LAW 1","D","Law Enforcement Dispatch 1","Law Dispatch","Meeker County"
25501,639d,"MK LAW 2","D","Law Enforcement Dispatch 2","Law Dispatch","Meeker County"
25502,639e,"MK LAW CC","DE","Law Enforcement Car to Car","Law Tac","Meeker County"
25503,639f,"MK JAIL","D","Jail Operations","Corrections","Meeker County"
25504,63a0,"MK LTAC1","DE","Law Enforcement Tactical 1","Law Tac","Meeker County"
25505,63a1,"MK LTAC2","DE","Law Enforcement Tactical 2","Law Tac","Meeker County"
25507,63a3,"MK LTAC(3)","DE","law tac (3)","Law Tac","Meeker County"
25508,63a4,"MK SO TAC1","DE","Sheriff Tactical 1","Law Tac","Meeker County"
25509,63a5,"MK SO TAC2","DE","Sheriff Tactical 2","Law Tac","Meeker County"
25510,63a6,"MK COM TEC(1)","D","Communications Techs (1)","Public Works","Meeker County"
25511,63a7,"MK COM TEC(2)","DE","Communications Techs (2)","Public Works","Meeker County"
25512,63a8,"MK LAW ROM(1)","D","Law Enforcement Roam (1)","Law Dispatch","Meeker County"
25513,63a9,"MK LAW ROM(2)","DE","Law Enforcement Roam (2)","Law Dispatch","Meeker County"
25524,63b4,"MK LITCH PD","DE","Litchfield Police Tactical","Law Tac","Meeker County"
25550,63ce,"MK FIRE 1","D","Fire Dispatch","Fire Dispatch","Meeker County"
25551,63cf,"MK CSMS FD","D","Cosmos Fire Dept & AmbulanceFire-Tac","Fire-Tac","Meeker County"
25552,63d0,"MK DASL FD","D","Dassel Fire Dept","Fire-Tac","Meeker County"
25553,63d1,"MK EDNVLY FD","D","Eden Valley Fire Dept","Fire-Tac","Meeker County"
25554,63d2,"MK GRVCTY FD","D","Grove City Fire Dept ","Fire-Tac","Meeker County"
25555,63d3,"MK LITCH FD","D","Litchfield Fire - Rescue","Fire-Tac","Meeker County"
25556,63d4,"MK WTKNS FD","D","Watkins Fire - Rescue - EMS","Fire-Tac","Meeker County"
25557,63d5,"MK 3","D","Meeker Tac 3 ","Multi-Tac","Meeker County"
25558,63d6,"MK 4","D","Meeker Tac 4","Multi-Tac","Meeker County"
25559,63d7,"MK 5","D","Meeker Tac 5 ","Multi-Tac","Meeker County"
25560,63d8,"MK 6","D","Meeker Tac 6 ","Multi-Tac","Meeker County"
25561,63d9,"MK 7","D","Meeker Tac 7 ","Multi-Tac","Meeker County"
25562,63da,"MK 911","D","Meeker 911 ","Multi-Dispatch","Meeker County"
25600,6400,"MK HWY MAIN","D","Highway Main","Public Works","Meeker County"
25601,6401,"MK HWY 1","D","Highway 1","Public Works","Meeker County"
25602,6402,"MK HWY 2","D","Highway 2","Public Works","Meeker County"
25603,6403,"MK HWY 3","D","Highway 3","Public Works","Meeker County"
25604,6404,"MK PARKS","D","Parks","Public Works","Meeker County"
25605,6405,"MK PW AD","D","Public Works Admin","Public Works","Meeker County"
25606,6406,"MK HWY AD","D","Highway Admin","Public Works","Meeker County"
25613,640d,"MK V WORKS","D","Eden Valley Public Works","Public Works","Meeker County"
25650,6432,"MK ML HOSP","D","Meeker Memorial Hospital - Litchfield","Hospital","Meeker County"
25651,6433,"EMH MKMEM","D","Meeker Hospital	Meeker Memorial Hospital - Litchfield","Hospital","Central Minnesota EMS Hailing "
25676,644c,"MK TRANSIT","D","County Public Transit","Transportation","Meeker County"
25703,6467,"KD ANOUNC","D","Announcements","Multi-Dispatch","Kandiyohi County"
25704,6468,"WILMR COMM","D","Willmar Common","Fire-Tac","Kandiyohi County"
25705,6469,"KD MA-9","D","Mutual Aid 9","Multi-Tac","Kandiyohi County"
25706,646a,"KD MA-5","D","Mutual Aid 5","Multi-Tac","Kandiyohi County"
25707,646b,"KD MA-6","D","Mutual Aid 6","Multi-Tac","Kandiyohi County"
25708,646c,"KD MA-7","D","Mutual Aid 7","Multi-Tac","Kandiyohi County"
25709,646d,"KD MA-8","D","Mutual Aid 8","Multi-Tac","Kandiyohi County"
25710,646e,"KD WORKS","D","Public Works","Public Works","Kandiyohi County"
25711,646f,"KD TRAIN","D","Training","Multi-Tac","Kandiyohi County"
25712,6470,"KD ROAM","D","County Roaming","Multi-Dispatch","Kandiyohi County"
25713,6471,"KD 911","D","County 911 Trigger","Emergency Ops","Kandiyohi County"
25714,6472,"KD TRANS","D","Kandiyohi Area Transit","Transportation","Kandiyohi County"
25715,6473,"KD FIRE EMS","D","County Fire - EMS Dispatch","Fire Dispatch","Kandiyohi County"
25716,6474,"KD FR OP10","D","Countywide Fire Ops 10 ","Fire-Tac","Kandiyohi County"
25717,6475,"KD FR OP11","D","Countywide Fire Ops 11","Fire-Tac","Kandiyohi County"
25718,6476,"KD ATWTR FD","D","Atwater Fire","Fire-Tac","Kandiyohi County"
25719,6477,"KD BLMKST FD","D","Blomkest Fire","Fire-Tac","Kandiyohi County"
25720,6478,"KD KANDIY FD","D","Kandiyohi Fire","Fire-Tac","Kandiyohi County"
25721,6479,"KD KRKHVN FD","D","Kerkhoven Fire","Fire-Tac","Kandiyohi County"
25722,647a,"KD LKLN FD","D","Lake Lillian Fire","Fire-Tac","Kandiyohi County"
25723,647b,"KD NWLDN FD","D","New London Fire","Fire-Tac","Kandiyohi County"
25724,647c,"KD PENOCK FD","D","Pennock Fire","Fire-Tac","Kandiyohi County"
25725,647d,"KD PRINS FD","D","Prinsburg Fire","Fire-Tac","Kandiyohi County"
25726,647e,"KD RAYMND FD","D","Raymond Fire","Fire-Tac","Kandiyohi County"
25727,647f,"KD SPICER FD","D","Spicer Fire","Fire-Tac","Kandiyohi County"
25728,6480,"KD SNBRG FD","D","Sunburg Fire","Fire-Tac","Kandiyohi County"
25729,6481,"KD WLMAR FD","D","Willmar Fire","Fire-Tac","Kandiyohi County"
25730,6482,"KD LAW 1","D","Law Dispatch 1","Law Dispatch","Kandiyohi County"
25731,6483,"KD LAW 2","D","Law Dispatch 2","Law Dispatch","Kandiyohi County"
25732,6484,"KD LAW 1E","DE","Law Dispatch 1 - B1","Law Dispatch","Kandiyohi County"
25733,6485,"KD LAW 2E","DE","Law Dispatch 2 - B2","Law Dispatch","Kandiyohi County"
25734,6486,"KD LOPS10","D","Law Ops 4","Law Tac","Kandiyohi County"
25735,6487,"KD LOPS 3","D","Law Ops 3","Law Tac","Kandiyohi County"
25736,6488,"KD SO RESV","D","Sheriff Reserves","Law Tac","Kandiyohi County"
25737,6489,"KD LOPS 8","DE","Law Ops 8","Law Tac","Kandiyohi County"
25738,648a,"KD LOPS 7","DE","Law Ops 7","Law Tac","Kandiyohi County"
25739,648b,"KD LOPS ","DE","Law Ops","Law Tac","Kandiyohi County"
25740,648c,"RICE HSP SEC","D","Rice Hospital Security","Security","Kandiyohi County"
25741,648d,"KD COURT","D","Court Deputies","Law Tac","Kandiyohi County"
25742,648e,"KD WAS EMS","D","WAS Willmar Ambulance Service","EMS Dispatch","Kandiyohi County"
25743,648f,"KD RESCUE","D","Kandiyohi County Rescue Squad","EMS-Tac","Kandiyohi County"
25744,6490,"KD WORKS 1","D","County Public Works 1","Public Works","Kandiyohi County"
25745,6491,"KD WORKS 2","D","County Public Works 2","Public Works","Kandiyohi County"
25746,6492,"KD JAIL","D","County Jail","Corrections","Kandiyohi County"
25747,6493,"WILL LITE WTR 1","D","Willmar Light & Water 1","Utilities","Kandiyohi County"
25748,6494,"WILL LITE WTR 2","D","Willmar Light & Water 2","Utilities","Kandiyohi County"
25749,6495,"WILLMAR WKS1","D","Willmar Public Works 1","Public Works","Kandiyohi County"
25750,6496,"WILLMAR WKS2","D","Willmar Public Works 2","Public Works","Kandiyohi County"
25752,6498,"KD SO RESV","D","Sheriff Reserves","Law Tac","Kandiyohi County"
25753,6499,"KD PAGE","D","County Paging","Fire Dispatch","Kandiyohi County"
25754,649a,"EMH Rice Mem","D","Rice Hospital	Rice Memorial Hospital - Willmar","Hospital","Central Minnesota EMS Hailing "
25900,652c,"SI LAW","D","Law Dispatch","Law Dispatch","Swift County"
25903,652f,"SI LAW TAC","DE","Law Tactical","Law Tac","Swift County"
25950,655e,"SI FIRE","D","Fire/EMS Paging","Fire Dispatch","Swift County"
25957,6565,"KERKVN FIRE","D","Kerkhoven Fire","Fire-Tac","Swift County"
25960,6568,"SI 3","D","SWIFT 3","Multi-Tac","Swift County"
25961,6569,"SI 4","D","SWIFT 4","Multi-Tac","Swift County"
25962,656a,"SI 5","D","SWIFT 5","Multi-Tac","Swift County"
25963,656b,"SI 6","D","SWIFT 6","Multi-Tac","Swift County"
25964,656c,"SI 7","D","SWIFT 7","Multi-Tac","Swift County"
25965,656d,"SI EMG","D","Emergency Button","Multi-Tac","Swift County"
25966,656e,"SI ROAM","D","County Roam","Multi-Dispatch","Swift County"
25985,6581,"SI HWY","D","Highway","Public Works","Swift County"
26100,65f4,"PP LAW","D","County Law Dispatch","Law Dispatch","Pope County"
26101,65f5,"PP 2","D","Pope 2","Multi-Tac","Pope County"
26102,65f6,"PP 3","D","Pope 3","Multi-Tac","Pope County"
26103,65f7,"PP 4","D","Pope 4","Multi-Tac","Pope County"
26104,65f8,"PP 5","D","Pope 5","Multi-Tac","Pope County"
26105,65f9,"PP 6","D","Pope 6","Multi-Tac","Pope County"
26106,65fa,"PP FIRE","D","County Fire Dispatch","Fire Dispatch","Pope County"
26107,65fb,"PP EMS","D","County EMS","EMS Dispatch","Pope County"
26113,6601,"PP EMRG","D","Pope Emergency Button","Multi-Dispatch","Pope County"
26114,6602,"PP ROAM","D","County Roaming","Multi-Dispatch","Pope County"
26115,6603,"PP LAW","DE","Law","Law Tac","Pope County"
26122,660a,"PP PAGE","D","VHF Paging Patch 154.310","Fire Dispatch","Pope County"
26129,6611,"PP ALL CALL","D","All Call","Multi-Dispatch","Pope County"
26332,66dc,"SV PAGE","D","Fire Paging - 155.760 VHF","Fire Dispatch","Stevens County"
26333,66dd,"SV ROAM","D","County Roam","Multi-Dispatch","Stevens County"
26338,66e2,"SV FIRE","D","Fire Dispatch  ","Fire Dispatch","Stevens County"
26343,66e7,"SV LAW","D","Law Dispatch","Law Dispatch","Stevens County"
26344,66e8,"SV LAW TAC","De","Law Tac","Law Tac","Stevens County"
26349,66ed,"SV EMS","D","EMS Dispatch - 154.115 VHF","EMS Dispatch","Stevens County"
26353,66f1,"SV HWY","D","Highway Dept","Public Works","Stevens County"
26354,66f2,"SV ENG","D","Engineering Dept","Public Works","Stevens County"
26500,6784,"BS SO DISP","D","Law Dispatch","Law Dispatch","Big Stone County"
26501,6785,"BS FIRE DSP","D","Big Stone Fire Main ","Fire Dispatch","Big Stone County"
26502,6786,"BS 3","D","Big Stone BS 3 Interop","Interop","Big Stone County"
26503,6787,"BS 4","D","Big Stone BS 4 Interop","Interop","Big Stone County"
26508,678c,"BS ROAM","D","County Roam","Multi-Dispatch","Big Stone County"
26509,678d,"BS  PAGE","D","Big Stone Paging","Fire Dispatch","Big Stone County"
26511,678f,"BS LAWE","De","Law","Law Tac","Big Stone County"
26700,684c,"TR 2","D","Traverse 2","Multi-Tac","Traverse County"
26701,684d,"TR 3","D","Traverse 3","Multi-Tac","Traverse County"
26702,684e,"TR 4","D","Traverse 4","Multi-Tac","Traverse County"
26703,684f,"TR 5","D","Traverse 5","Multi-Tac","Traverse County"
26707,6853,"TR ROAM","D","County Roaming","Multi-Dispatch","Traverse County"
26708,6854,"TR LAW DISP","D","Law Dispatch","Law Dispatch","Traverse County"
26709,6855,"TR LAW E1","De","Law Tac 1","Law Tac","Traverse County"
26710,6856,"TR LAW E2","De","Law Tac 2","Law Tac","Traverse County"
26711,6857,"TR FIRE DI","D","Fire Dispatch - 155.085 - 154.280 VHF","Fire Dispatch","Traverse County"
26712,6858,"EMH WH","D","Wheaton Hospital ER	Sanford Hospital - Wheaton","Hospital","Central Minnesota EMS Hailing "
26714,685a,"TR HWY 1","D","Highway 1","Public Works","Traverse County"
26715,685b,"TR HWY 2","D","Highway 2","Public Works","Traverse County"
26718,685e,"TR FIRE(1)","D","Traverse Fire(1)","Fire-Tac","Traverse County"
26719,685f,"TR FIRE(2)","D","Traverse Fire(2)","Fire-Tac","Traverse County"
26720,6860,"TR FIRE(3)","D","Traverse Fire(3)","Fire-Tac","Traverse County"
26723,6863,"TR FIRE(4)","D","Traverse Fire(4)","Fire-Tac","Traverse County"
26724,6864,"TR FIRE(5)","D","Traverse Fire(5)","Fire-Tac","Traverse County"
26900,6914,"TD LAW DISP","D","Law Dispatch","Law Dispatch","Todd County"
26901,6915,"TD 2","D","Todd TAC 2","Multi-Tac","Todd County"
26902,6916,"TD 3","D","Todd TAC 3","Multi-Tac","Todd County"
26903,6917,"TD 4","D","Todd TAC 4","Multi-Tac","Todd County"
26904,6918,"TD 5","D","Todd TAC 5","Multi-Tac","Todd County"
26905,6919,"TD 6","D","Todd TAC 6","Multi-Tac","Todd County"
26906,691a,"TD 7E","DE","Todd TAC 7E","Multi-Tac","Todd County"
26907,691b,"TD 8E","DE","Todd TAC 8E","Multi-Tac","Todd County"
26908,691c,"TD FIRE","D","Fire - EMS Dispatch","Fire Dispatch","Todd County"
26909,691d,"TD HWY","D","County Highway","Public Works","Todd County"
26910,691e,"TD ROAM","D","County Roam","Multi-Dispatch","Todd County"
26911,691f,"TD LAW 1","DE","Law Tac 1","Law Tac","Todd County"
26912,6920,"TD LAW 2","DE","Law Tac 2","Law Tac","Todd County"
26913,6921,"BERTHA FIRE","D","Bertha Fire","Fire-Tac","Todd County"
26914,6922,"BROWRVL FIRE","D","Browerville Fire","Fire-Tac","Todd County"
26915,6923,"EGL BND FIRE","D","Eagle Bend Fire","Fire-Tac","Todd County"
26916,6924,"LONG PR FIRE","D","Long Prairie Fire","Fire-Tac","Todd County"
26917,6925,"STAPLES FIRE","D","Staples Fire","Fire-Tac","Todd County"
26918,6926,"TD 911","D","911 Emergency Distress Button","Emergency Ops","Todd County"
26919,6927,"CLRSSA FIRE","D","Clarissa Fire","Fire-Tac","Todd County"
26920,6928,"G EAGLE FIRE","D","Grey Eagle Fire","Fire-Tac","Todd County"
26921,6929,"HEWITT FIRE","D","Hewitt Fire","Fire-Tac","Todd County"
26922,692a,"TD SO C2C","D","Sheriff C2C","Law Tac","Todd County"
26923,692b,"BERTHA EMS","D","Bertha Ambulance Admin","EMS-Talk","Todd County"
26924,692c,"BROWRVL EMS","D","Browerville Ambulance Admin","EMS-Talk","Todd County"
26925,692d,"LONG PR EMS","D","Long Prairie Ambulance Admin","EMS-Talk","Todd County"
26926,692e,"RIVERWD ER","D","Riverwood Hospital Aitkin ER","EMS-Talk","Central Minnesota EMS Hailing "
26927,692f,"TD EM","D","Emergency Management","Emergency Ops","Todd County"
26928,6930,"TD FIRE ANNC","D","Announce","Multi-Dispatch","Todd County"
26929,6931,"LONG PR PD","D","Long Prairie Police","Law Talk","Todd County"
26930,6932,"STAPLES PW","D","Staples Public Works","Public Works","Todd County"
26931,6933,"EMH LP","D","Centracare Hospital - Long Prairie	Centra Care Hospital - Long Praire","Hospital","Central Minnesota EMS Hailing "
26932,6934,"EMH LKWD","D","Lakewood Hosp. - Staples	Lakewood Health Hospital - Staples","Hospital","Central Minnesota EMS Hailing "
26934,6936,"CW CLC Admin","D","Central Lakes College Staples Admin","Schools","Crow Wing County"
27102,69de,"EMH AL","D","Albany Area Hospital, Albany	CHI Albany Hospital - Albany","Hospital","Central Minnesota EMS Hailing "
27106,69e2,"EMH MR","D","Melrose Area Hospital, Melrose	Centra Care Hospital - Melrose","Hospital","Central Minnesota EMS Hailing "
27110,69e6,"EMH SK","D","Centracare Hospital, Sauk Center	Centra Care Hospital - Sauk Centre","Hospital","Central Minnesota EMS Hailing "
27114,69ea,"EMH PV","D","Paynesville Hospital	Centra Care Hospital - Paynesville","Hospital","Central Minnesota EMS Hailing "
27116,69ec,"EMSMM-STC-DI","D","Mayo - St. Cloud Dispatch","EMS Dispatch","Stearns County - St. Cloud"
27118,69ee,"EMSMM-GRND-R","D","Statewide Ground Roaming","EMS Dispatch","Mayo Clinic Medical Transport"
27119,69ef,"EMSMM-Air-RO","D","Statewide Air Roaming","EMS Dispatch","Mayo Clinic Medical Transport"
27120,69f0,"EMSCC MONTI","D","CentraCare EMS Dispatch Monticello","EMS Dispatch","CentraCare EMS"
27200,6a40,"EMSMM-CMOPS2","D","Central Region Operations 2","EMS-Tac","Mayo Clinic Medical Transport"
27202,6a42,"EMSMM-LCH-DI","D","Mayo - Meeker County Dispatch","EMS Dispatch","Meeker County"
27203,6a43,"EMSMM-CMOPS3","D","Central Region Operations 3","EMS-Tac","Mayo Clinic Medical Transport"
27300,6aa4,"GR 2","D","Grant Tac 2","Interop","Grant County"
27302,6aa6,"GR 3","D","Grant Tac 3","Interop","Grant County"
27304,6aa8,"GR 4","D","Grant Tac 4","Interop","Grant County"
27305,6aa9,"GR ROAM","D","County Roam","Multi-Dispatch","Grant County"
27306,6aaa,"GR 5","D","Grant Tac 5","Interop","Grant County"
27308,6aac,"GR 6","D","Grant Tac 6","Interop","Grant County"
27310,6aae,"GR 911","D","Grant 911","Interop","Grant County"
27316,6ab4,"GR FIRE","D","Grant Co Fire Dispatch","Fire Dispatch","Grant County"
27326,6abe,"GR LAW","D","Sheriff Dispatch","Law Dispatch","Grant County"
27328,6ac0,"GR 7","DE","Grant Tac 7","Law Tac","Grant County"
27330,6ac2,"GR 8","DE","Grant Tac 8","Law Tac","Grant County"
27336,6ac8,"EMH EB LK","D","Grant - Elbow Lk Hospital	Prairie Ridge Hospital - Elbo Lake","Hospital","Central Minnesota EMS Hailing "
27346,6ad2,"GR SCHLS","D","Grant County Schools","Schools","Grant County"
27348,6ad4,"ASHBY HIGH","D","Ashby High School","Schools","Grant County"
27350,6ad6,"Herman-Norcr","D","Herman-Norcross School","Schools","Grant County"
27352,6ad8,"WCA SCHOOL","D","West Central Area School District 2342 - Barrett","Schools","Grant County"
27356,6adc,"GR WORKS","D","Grant  Countywide Pub Works","Public Works","Grant County"
27358,6ade,"ASHBY WORKS","D","Ashby Public Works","Public Works","Grant County"
27360,6ae0,"BARRET WORKS","D","Barrett Public Works","Public Works","Grant County"
27362,6ae2,"E LAKE WORKS","D","Elbow Lk Public Works","Public Works","Grant County"
27364,6ae4,"HERMAN WORKS","D","Herman Public Works","Public Works","Grant County"
27366,6ae6,"HOFMAN WORKS","D","Hoffman Public Works","Public Works","Grant County"
27368,6ae8,"GR HWY","D","Grant Co Highway Dept","Public Works","Grant County"
27370,6aea,"WENDEL WORKS","D","Wendell Public Works","Public Works","Grant County"
27500,6b6c,"DG HOSP ADM","D","Douglas Co Hospital Admin (Alomere Health)","Business","Douglas County"
27501,6b6d,"DG 2","D","DG 2","Interop","Douglas County"
27502,6b6e,"DG 3","D","DG 3","Interop","Douglas County"
27503,6b6f,"DG 4","D","DG 4","Interop","Douglas County"
27504,6b70,"DG 5","D","DG 5","Interop","Douglas County"
27505,6b71,"DG 6","D","DG 6","Interop","Douglas County"
27506,6b72,"DG 7","D","DG 7","Interop","Douglas County"
27507,6b73,"DG 8","D","DG 8","Interop","Douglas County"
27509,6b75,"DG FIRE","D","Fire Dispatch","Fire Dispatch","Douglas County"
27510,6b76,"DG LAW","D","Law Dispatch ","Law Dispatch","Douglas County"
27511,6b77,"DG 9 LE C2C","D","DG 9 Law Car to Car","Law Tac","Douglas County"
27514,6b7a,"DG JAIL","D","County Jail","Corrections","Douglas County"
27516,6b7c,"DG COURT","D","County Courthouse","Corrections","Douglas County"
27517,6b7d,"DG LAW TAC","DE","Douglas Law Enforcement Tac","Law Tac","Douglas County"
27518,6b7e,"DG ROAM","D","County Roaming","Multi-Dispatch","Douglas County"
27521,6b81,"ALEX FIRE","D","Alexandria Fire Dept.","Fire-Tac","Douglas County"
27522,6b82,"BRANDON FIRE","D","Brandon Fire","Fire-Tac","Douglas County"
27523,6b83,"CARLOS FIRE","D","Carlos Fire","Fire-Tac","Douglas County"
27524,6b84,"EVANS FIRE","D","Evansville Fire","Fire-Tac","Douglas County"
27525,6b85,"FORADA FIRE","D","Forada Fire","Fire-Tac","Douglas County"
27526,6b86,"GARFLD FIRE","D","Garfield Fire","Fire-Tac","Douglas County"
27527,6b87,"HLM CTY FIRE","D","Holmes City Fire","Fire-Tac","Douglas County"
27528,6b88,"KENSTN FIRE","D","Kensington Fire","Fire-Tac","Douglas County"
27529,6b89,"LF VLY FIRE","D","Leaf Valley Fire","Fire-Tac","Douglas County"
27530,6b8a,"MILTONA FIRE","D","Miltona Fire","Fire-Tac","Douglas County"
27531,6b8b,"MILLRVL FIRE","D","Millerville Fire","Fire-Tac","Douglas County"
27532,6b8c,"OSAKIS FIRE","D","Osakis Fire","Fire-Tac","Douglas County"
27535,6b8f,"DG HWY","D","Highway Dept","Public Works","Douglas County"
27539,6b93,"ALEX TECH TR1","D","Alexandria Tech College Law Enforcement Training 1","Schools","Douglas County"
27540,6b94,"ALEX TECH TR2","D","Alexandria Tech College Law Enforcement Training 2","Schools","Douglas County"
27541,6b95,"WC MN TF E8","DE","West Central MN Drug Offender Task Force 8","Law Tac","Douglas County"
27700,6c34,"WL LAW","D","Law Dispatch - Patch 155.115","Law Dispatch","Wilkin County"
27701,6c35,"WL FIRE","D","Fire EMS Dispatch","Fire Dispatch","Wilkin County"
27702,6c36,"WL 2","D","Wilkin 2","Multi-Tac","Wilkin County"
27703,6c37,"WL 3","D","Wilkin 3","Multi-Tac","Wilkin County"
27704,6c38,"WL 4","D","Wilkin 4","Multi-Tac","Wilkin County"
27705,6c39,"WL 5","D","Wilkin 5","Multi-Tac","Wilkin County"
27706,6c3a,"WL 6","D","Wilkin 6","Multi-Tac","Wilkin County"
27707,6c3b,"WL 911","D","County 911","Multi-Tac","Wilkin County"
27708,6c3c,"WL ATG","D","Wilkin Announce","Multi-Dispatch","Wilkin County"
27709,6c3d,"WL ROAM","D","County Roam","Multi-Dispatch","Wilkin County"
27710,6c3e,"WL HWY","D","Highway Dept","Public Works","Wilkin County"
27711,6c3f,"WL LAW C2C","D","Law C2C","Law Tac","Wilkin County"
27712,6c40,"WL BREC FD","D","Breckenridge Fire Dispatch","Fire Dispatch","Wilkin County"
27713,6c41,"WL LAW 1","DE","Law 1","Law Tac","Wilkin County"
27714,6c42,"WL LAW 2","DE","Law 2","Law Tac","Wilkin County"
27715,6c43,"WL WAHP PD","D","Wahpeton PD Patch","Law Tac","Wilkin County"
27716,6c44,"EMH ST FR","D","St. Francis Hospital	CHI St. Francis Hospital - Breckenridge","Hospital","Central Minnesota EMS Hailing "
27900,6cfc,"OT LAW DSP","D","County Law Dispatch OT 1","Law Dispatch","Otter Tail County"
27901,6cfd,"OT LAW","DE","County Law Dispatch OT 1","Law Dispatch","Otter Tail County"
27902,6cfe,"OT 2","D","Otter Tail County 2","Multi-Tac","Otter Tail County"
27903,6cff,"OT 3","D","Otter Tail County 3","Multi-Tac","Otter Tail County"
27904,6d00,"OT 4","D","Otter Tail County 4","Multi-Tac","Otter Tail County"
27905,6d01,"OT 5","D","Otter Tail County 5","Multi-Tac","Otter Tail County"
27906,6d02,"OT 6","D","Otter Tail County 6","Multi-Tac","Otter Tail County"
27907,6d03,"OT 7","D","Otter Tail County 7","Multi-Tac","Otter Tail County"
27908,6d04,"OT 8","D","Otter Tail County 8","Multi-Tac","Otter Tail County"
27909,6d05,"OT EMERG","D","Emergency Trigger","Emergency Ops","Otter Tail County"
27910,6d06,"OT FIRE EMS","D","County Fire EMS Dispatch","Fire Dispatch","Otter Tail County"
27911,6d07,"OT 911 PAG","D","County 911 Paging - 158.805 VHF","Fire Dispatch","Otter Tail County"
27912,6d08,"OT ROAM","D","County Roam","Multi-Dispatch","Otter Tail County"
27913,6d09,"OT SO INVE 1","DE","Sheriff Investigations 1","Law Tac","Otter Tail County"
27914,6d0a,"OT SO INVE 2","DE","Sheriff Investigations 2","Law Tac","Otter Tail County"
27915,6d0b,"OT SO INVE 3","DE","Sheriff Investigations 3","Law Tac","Otter Tail County"
27916,6d0c,"OT DETENTN","D","County Detention","Corrections","Otter Tail County"
27917,6d0d,"OT COURT","D","County Court Security","Corrections","Otter Tail County"
27918,6d0e,"OT LAW C2C","D","County Law TAC C2C","Law Tac","Otter Tail County"
27920,6d10,"OT HWY ADM","D","County Highway Dept. Adm.","Public Works","Otter Tail County"
27921,6d11,"OT HWY OPS","D","County Highway Dept. Main","Public Works","Otter Tail County"
27922,6d12,"OT EM ADM","D","Otter Tail Emergency Management ADM","Emergency Ops","Otter Tail County"
27923,6d13,"OT EM ALL","D","Otter Tail Emergency Management All","Emergency Ops","Otter Tail County"
27924,6d14,"FALLS PW ADM","D","Fergus Falls Public Works Admin","Public Works","Otter Tail County"
27925,6d15,"FALLS PW ALL","D","Fergus Falls Public Works All","Public Works","Otter Tail County"
27926,6d16,"FALLS PD DSP","D","Fergus Falls Police Dispatch","Law Dispatch","Otter Tail County"
27927,6d17,"FALLS PD DSPe","DE","Fergus Falls Police Dispatch Secure","Law Dispatch","Otter Tail County"
27928,6d18,"FALLS PW Parks","D","Fergus Falls Parks","Public Works","Otter Tail County"
27929,6d19,"FALLS CTYWID","D","Fergus Falls Citywide","Multi-Tac","Otter Tail County"
27930,6d1a,"FALLS 911","D","Fergus Falls All 911","Emergency Ops","Otter Tail County"
27931,6d1b,"FALLS PD C2C","D","Fergus Falls Police TAC C2C","Law Tac","Otter Tail County"
27932,6d1c,"BATTLE LK PD","D","Battle Lake PD TAC","Law Tac","Otter Tail County"
27933,6d1d,"HENNING PD","D","Henning PD TAC","Law Tac","Otter Tail County"
27934,6d1e,"NY MILLS PD","D","New York Mills PD TAC","Law Tac","Otter Tail County"
27935,6d1f,"PEL RAPDS PD","D","Pelican Rapids PD TAC","Law Tac","Otter Tail County"
27936,6d20,"PERHAM PD","D","Perham PD TAC","Law Tac","Otter Tail County"
27937,6d21,"PARKRS PR PD","D","Parkers Prairie PD TAC","Law Tac","Otter Tail County"
27938,6d22,"OT SO ADMIN","D","Sheriff Admin","Law Talk","Otter Tail County"
27939,6d23,"OT ENGR","D","County Engineering","Public Works","Otter Tail County"
27940,6d24,"BATTLE LK FD","D","Battle Lake Fire Dept","Fire-Tac","Otter Tail County"
27941,6d25,"DALTON FD","D","Dalton Fire Dept","Fire-Tac","Otter Tail County"
27942,6d26,"DEER CRK FD","D","Deer Creek Fire Dept","Fire-Tac","Otter Tail County"
27943,6d27,"DENT FD","D","Dent Fire Dept","Fire-Tac","Otter Tail County"
27944,6d28,"ELIZABETH FD","D","Elizabeth Fire Dept","Fire-Tac","Otter Tail County"
27945,6d29,"F FALLS FD","D","Fergus Falls Fire Dept","Fire-Tac","Otter Tail County"
27946,6d2a,"HENN/VIN FD","D","Henning & Vining Fire Tac ","Fire-Tac","Otter Tail County"
27947,6d2b,"NYM/BLUFF FD","D","New York Mills & Bluffton Fire Tac","Fire-Tac","Otter Tail County"
27948,6d2c,"OTTRTAIL FD","D","Otter Tail Fire Dept","Fire-Tac","Otter Tail County"
27949,6d2d,"PRK PR PD-FD","D","Parkers Prairie Fire Dept - Police Dept","Multi-Tac","Otter Tail County"
27950,6d2e,"PEL RAP FD","D","Pelican Rapids Fire Dept","Fire-Tac","Otter Tail County"
27951,6d2f,"PERHAM FD","D","Perham Fire Dept","Fire-Tac","Otter Tail County"
27952,6d30,"ROTHSAY FD","D","Rothsay Fire Dept","Fire-Tac","Otter Tail County"
27953,6d31,"UNDERWOOD FD","D","Underwood Fire Dept","Fire-Tac","Otter Tail County"
27954,6d32,"VERGAS FD","D","Vergas Fire Dept","Fire-Tac","Otter Tail County"
27960,6d38,"EMH FF","D","Lake Region Hospital - EMS - F Falls	Lake Region's Hospital - Fergus Falls","Hospital","Central Minnesota EMS Hailing "
27961,6d39,"EMH PH","D","Perham Hospital - EMS	Sanford Hospital - Perham","Hospital","Central Minnesota EMS Hailing "
27962,6d3a,"PERHAM EMS","D","Perham EMS Tac","EMS-Tac","Otter Tail County"
27963,6d3b,"OT EMS TAC","D","EMS Tac ","EMS-Tac","Otter Tail County"
27964,6d3c,"RNGDL EMS","D","Ringdahl EMS","EMS-Tac","Otter Tail County"
28100,6dc4,"WD ROAM","D","County Roam","Multi-Dispatch","Wadena County"
28101,6dc5,"WD LAW","D","County Law Dispatch","Law Dispatch","Wadena County"
28102,6dc6,"WD 1","D","WD 1","Law Dispatch","Wadena County"
28103,6dc7,"WD EM 1","D","County Emergency Mgt 1","Emergency Ops","Wadena County"
28104,6dc8,"WD 2","D","WD 2","Multi-Tac","Wadena County"
28105,6dc9,"WD 3","D","WD 3","Multi-Tac","Wadena County"
28106,6dca,"WD 4e","DE","WD 4e","Multi-Tac","Wadena County"
28107,6dcb,"WD 5","D","WD 5","Multi-Tac","Wadena County"
28108,6dcc,"WD 6","D","WD 6","Multi-Tac","Wadena County"
28109,6dcd,"WD FIRE","D","County Fire Dispatch","Fire Dispatch","Wadena County"
28110,6dce,"ASTERA EMS MAIN","D","Astera Health EMS Dispatch ","EMS Dispatch","Wadena County"
28111,6dcf,"WD 7e","DE","WD 7e","Multi-Tac","Wadena County"
28112,6dd0,"WD 8e","DE","WD 8e","Multi-Tac","Wadena County"
28113,6dd1,"ASTERA OPS","D","Astera Health Hospital Ops","Hospital","Wadena County"
28114,6dd2,"WD CO EM 2","D","County Emergency Mgmt. 2","Emergency Ops","Wadena County"
28115,6dd3,"WD JTF 1","D","Wadena County Joint Task Force 1","Law Tac","Wadena County"
28116,6dd4,"WD JTF 2","D","Wadena County Joint Task Force 2","Law Tac","Wadena County"
28117,6dd5,"WD 911","D","County 911","Law Tac","Wadena County"
28118,6dd6,"WADENA FD","D","Wadena Fire Tac","Fire-Tac","Wadena County"
28119,6dd7,"VERNDALE FD","D","Verndale Fire Tac","Fire-Tac","Wadena County"
28120,6dd8,"MENAHGA FD","D","Menahga Fire Tac","Fire-Tac","Wadena County"
28121,6dd9,"SEBEKA FD","D","Sebeka Fire Tac","Fire-Tac","Wadena County"
28122,6dda,"WD PW 1","D","Public Works 1","Public Works","Wadena County"
28123,6ddb,"WD PW 2","D","Public Works 2","Public Works","Wadena County"
28124,6ddc,"WD WASTE","D","Solid Waste Landfill","Public Works","Wadena County"
28125,6ddd,"WD BUS","D","Wadena County Friendly Rider Bus Service","Transportation","Wadena County"
28126,6dde,"WD EMERG","D","Emergency","Emergency Ops","Wadena County"
28127,6ddf,"EMH WD","D","Astera Health ER - Wadena","Hospital","Central Minnesota EMS Hailing "
28500,6f54,"MSP 2300 DIS","D","Marshall "2300" Dispatch","Law Dispatch","Minnesota Department of Public Safety - State Patrol"
28501,6f55,"MSP 2300 RM","D","Marshall "2300" Roaming","Law Dispatch","Minnesota Department of Public Safety - State Patrol"
28502,6f56,"MSP 2300 T 2","D","Marshall "2300" Tac 2","Law Tac","Minnesota Department of Public Safety - State Patrol"
28504,6f58,"MSP 2300 T 1","D","Marshall "2300" Tac 1","Law Tac","Minnesota Department of Public Safety - State Patrol"
28506,6f5a,"MSP 2300 ALL","D","Marshall "2300" Tac 3 - All Call","Law Tac","Minnesota Department of Public Safety - State Patrol"
28522,6f6a,"DOT 8 STC DSP","D","DOT 8 St. Cloud Dispatch","Public Works","Minnesota DOT District 8 SW - Willmar"
28524,6f6c,"DOT 8 - BRIDGES","D","DOT 8 Bridges","Public Works","Minnesota DOT District 8 SW - Willmar"
28526,6f6e,"DOT  MONTEVIDEO","D","DOT 8 Montevideo Sub Area","Public Works","Minnesota DOT District 8 SW - Willmar"
28528,6f70,"DOT 8 TAC 1","D","Tactical 1","Public Works","Minnesota DOT District 8 SW - Willmar"
28530,6f72,"DOT 8 TAC 2","D","Tactical 2","Public Works","Minnesota DOT District 8 SW - Willmar"
28532,6f74,"DOT 8 TAC 3","D","Tactical 3","Public Works","Minnesota DOT District 8 SW - Willmar"
28534,6f76,"DOT WILLMAR28534","D","DOT Willmar 28534","Public Works","Minnesota DOT District 8 SW - Willmar"
28540,6f7c,"DOT WILLMAR28540","D","DOT Willmar 28540","Public Works","Minnesota DOT District 8 SW - Willmar"
28546,6f82,"DOT WILLMAR28546","D","DOT Willmar 28546","Public Works","Minnesota DOT District 8 SW - Willmar"
28548,6f84,"DOT ALL CALL","D","DOT Willmar All Call","Public Works","Minnesota DOT District 8 SW - Willmar"
28550,6f86,"DOT PIPESTON","D","DOT PIPESTONE","Public Works","Minnesota DOT District 8 SW - Willmar"
28552,6f88,"DOT 8 MARSH DSP","D","DOT 8 Marshall Dispatch","Public Works","Minnesota DOT District 8 SW - Willmar"
28556,6f8c,"DOT 8 SUPV","D","Dist 8 Supervisors","Public Works","Minnesota DOT District 8 SW - Willmar"
28560,6f90,"DOT HUTCH","D","DOT Hutchinson","Public Works","Minnesota DOT District 8 SW - Willmar"
28562,6f92,"DOT MARSH","D","DOT Marshall","Public Works","Minnesota DOT District 8 SW - Willmar"
28564,6f94,"DOT WILLMAR","D","DOT 8 Willmar Sub Area [Willmar, Litchfield]","Public Works","Minnesota DOT District 8 SW - Willmar"
28574,6f9e,"SW CALL","D","Southwest Call","Interop","Zone 2 Interoperability SW"
28575,6f9f,"NWS SX FALLS","D","NWS Sioux Falls","Emergency Ops","National Weather Service"
28576,6fa0,"SW 2","D","Southwest Tactical 2","Interop","Zone 2 Interoperability SW"
28578,6fa2,"SW 3","D","Southwest Tactical 3","Interop","Zone 2 Interoperability SW"
28580,6fa4,"SW 4","D","Southwest Tactical 4","Interop","Zone 2 Interoperability SW"
28582,6fa6,"SW 5","D","Southwest Tactical 5","Interop","Zone 2 Interoperability SW"
28583,6fa7,"BRDTF-E1","DE","BRDTF-E1","Law Tac","Zone 2 Interoperability SW"
28584,6fa8,"SW 6","D","Southwest Tactical 6","Interop","Zone 2 Interoperability SW"
28586,6faa,"SW 7","D","Southwest Tactical 7","Interop","Zone 2 Interoperability SW"
28588,6fac,"SW 8","D","Southwest Tactical 8","Interop","Zone 2 Interoperability SW"
28590,6fae,"SW 9","D","Southwest Tactical 9","Interop","Zone 2 Interoperability SW"
28592,6fb0,"SW 10","D","Southwest Tactical 10","Interop","Zone 2 Interoperability SW"
28594,6fb2,"SW 11","D","Southwest Tactical 11","Interop","Zone 2 Interoperability SW"
28596,6fb4,"SW 12","D","Southwest Tactical 12","Interop","Zone 2 Interoperability SW"
28598,6fb6,"SW 13","D","Southwest Tactical 13","Interop","Zone 2 Interoperability SW"
28600,6fb8,"SW R5 MTAC","D","Southwest R5 MTAC","Interop","Zone 2 Interoperability SW"
28601,6fb9,"PARKS D10","D","Parks District 10 Main","Public Works","Minnesota Department of Natural Resources - DNR"
28602,6fba,"PARKS D10 TAC","D","Parks District 10 Tactical","Public Works","Minnesota Department of Natural Resources - DNR"
28603,6fbb,"SIBLY PARK 1","D","Sibley State Park Ch 1","Public Works","Kandiyohi County"
28604,6fbc,"SIBLY PARK 2","D","Sibley State Park Ch 2","Public Works","Kandiyohi County"
28605,6fbd,"LQP PARK 1","D","Lac qui Parle State Park 1","Public Works","Lac Qui Parle"
28606,6fbe,"LQP PARK 2","D","Lac qui Parle State Park 2","Public Works","Lac Qui Parle"
28607,6fbf,"BSL PARK 1","D","Big Stone Lake State Park 1","Public Works","Big Stone County"
28608,6fc0,"BSL PARK 2","D","Big Stone Lake State Park 2","Public Works","Big Stone County"
28609,6fc1,"MS LK PARK 1","D","Monson Lake State Park 1","Public Works","Swift County"
28610,6fc2,"MS LK PARK 2","D","Monson Lake State Park 2","Public Works","Swift County"
28611,6fc3,"CAMDN PARK 1","D","Camden State Park 1","Public Works","Lyon County"
28612,6fc4,"CAMDN PARK 2","D","Camden State Park 2","Public Works","Lyon County"
28613,6fc5,"UPSAG PARK 1","D","Upper Sioux Agency State Park 1","Public Works","Yellow Medicine County"
28614,6fc6,"UPSAG PARK 2","D","Upper Sioux Agency State Park 2","Public Works","Yellow Medicine County"
28615,6fc7,"GL REC AREA ","D","Greenleaf Lake Rec Area","Public Works","Meeker County"
28616,6fc8,"SHTK PARK 1","D","Lake Shetek State Park 1","Public Works","Murray County"
28617,6fc9,"SHTK PARK 2","D","Lake Shetek State Park 2","Public Works","Murray County"
28618,6fca,"SRC PARK 1","D","Split Rock Creek State Park 1","Public Works","Pipestone County"
28619,6fcb,"SRC PARK 2","D","Split Rock Creek State Park 2","Public Works","Pipestone County"
28620,6fcc,"K WDS PARK 1","D","Kilen Woods State Park 1","Public Works","Jackson County"
28621,6fcd,"K WDS PARK 2","D","Kilen Woods State Park 2","Public Works","Jackson County"
28622,6fce,"BLMND PARK 1","D","Blue Mounds State Park 1","Public Works","Rock County"
28623,6fcf,"BLMND PARK 2","D","Blue Mounds State Park 2","Public Works","Rock County"
28657,6ff1,"A TAC 9E","DE","All Tactical 9 Encrypted ","Multi-Tac","Statewide Interoperability "
28658,6ff2,"A TAC 10E","DE","All Tactical 10 Encrypted ","Multi-Tac","Statewide Interoperability "
28659,6ff3,"A TAC 11E","DE","All Tactical 11 Encrypted ","Multi-Tac","Statewide Interoperability "
28660,6ff4,"A TAC 12E","DE","All Tactical 12 Encrypted ","Multi-Tac","Statewide Interoperability "
28661,6ff5,"A TAC 13E","DE","All Tactical 13 Encrypted ","Multi-Tac","Statewide Interoperability "
28662,6ff6,"A TAC 14E","DE","All Tactical 14 Encrypted ","Multi-Tac","Statewide Interoperability "
28663,6ff7,"A TAC 15E","DE","All Tactical 15 Encrypted ","Multi-Tac","Statewide Interoperability "
28900,70e4,"LP 911","D","County 911","Multi-Dispatch","Lac Qui Parle"
28901,70e5,"LP LAW MAIN","D","County Law Main","Law Dispatch","Lac Qui Parle"
28902,70e6,"LP LAW 2","D","County Law 2","Law Tac","Lac Qui Parle"
28903,70e7,"LP ALL","DE","County All","Multi-Tac","Lac Qui Parle"
28904,70e8,"LP FUTURE","D","Reserved for future use","Multi-Tac","Lac Qui Parle"
28905,70e9,"LP PW MAIN","D","County Public Works","Public Works","Lac Qui Parle"
28906,70ea,"LP HWY 1","D","County Highway Dept 1","Public Works","Lac Qui Parle"
28907,70eb,"LP HWY 2","D","County Highway Dept 2","Public Works","Lac Qui Parle"
28908,70ec,"LP MADISON P","D","Madison Public Works","Public Works","Lac Qui Parle"
28909,70ed,"LP DAWSON PW","D","Dawson Public Works","Public Works","Lac Qui Parle"
28910,70ee,"LP FIRE MAIN","D","County Fire Dispatch","Fire Dispatch","Lac Qui Parle"
28911,70ef,"LP FIRE OP 1","D","County Fire OPS 1","Fire-Tac","Lac Qui Parle"
28912,70f0,"LP FIRE OP 2","D","County Fire OPS 2","Fire-Tac","Lac Qui Parle"
28913,70f1,"LP FIRE OP 3","D","County Fire OPS 3","Fire-Tac","Lac Qui Parle"
28914,70f2,"LP FIRE OP 4","D","County Fire OPS 4","Fire-Tac","Lac Qui Parle"
28915,70f3,"LP EMS MAIN","D","County EMS Dispatch","EMS Dispatch","Lac Qui Parle"
28916,70f4,"LP DWSON EMS","D","Dawson EMS","EMS-Tac","Lac Qui Parle"
28917,70f5,"LP MADSN EMS","D","Madison EMS","EMS-Tac","Lac Qui Parle"
28918,70f6,"LP FD ","De","County Fire","Fire-Tac","Lac Qui Parle"
28919,70f7,"LP TAC MAIN","D","County Tac Main","Multi-Tac","Lac Qui Parle"
28920,70f8,"LP TAC 1","D","County TAC 1","Multi-Tac","Lac Qui Parle"
28921,70f9,"LP TAC 2","D","County TAC 2","Multi-Tac","Lac Qui Parle"
28922,70fa,"LP TAC 3","D","County TAC 3","Multi-Tac","Lac Qui Parle"
28923,70fb,"LP TAC 4","D","County TAC 4","Multi-Tac","Lac Qui Parle"
28924,70fc,"LP PAGE","D","County Paging","Fire Dispatch","Lac Qui Parle"
28925,70fd,"LP ROAM","D","County Roam","Multi-Dispatch","Lac Qui Parle"
28926,70fe,"LP DAWSN BUS","D","Dawson School Buses","Schools","Lac Qui Parle"
28927,70ff,"LP PV BUS","D","Lac qui Parle Valley School Buses","Schools","Lac Qui Parle"
29120,71c0,"CP LAW DSP","D","Law Dispatch","Law Dispatch","Chippewa County"
29121,71c1,"CP LAW E 1","De","Law 1","Law Tac","Chippewa County"
29122,71c2,"CP LAW E 2","De","Law 2","Law Tac","Chippewa County"
29123,71c3,"CP C2C E","De","Law Car to Car","Law Tac","Chippewa County"
29130,71ca,"CP FIRE DISP","D","Fire Dispatch","Fire Dispatch","Chippewa County"
29131,71cb,"CP FIRE 9","D","Fire Tac 9","Fire-Tac","Chippewa County"
29132,71cc,"CP FIRE TT","D","Fire T2T ","Fire-Tac","Chippewa County"
29140,71d4,"CP 2","D","Chippewa 2","Interop","Chippewa County"
29141,71d5,"CP 3","D","Chippewa 3","Interop","Chippewa County"
29142,71d6,"CP 4","D","Chippewa 4","Interop","Chippewa County"
29143,71d7,"CP 5","D","Chippewa 5","Interop","Chippewa County"
29144,71d8,"CP 6","D","Chippewa 6","Interop","Chippewa County"
29145,71d9,"CP 7","D","Chippewa 7","Interop","Chippewa County"
29150,71de,"CP PAGE","D","Paging - 154.2650 VHF","Fire Dispatch","Chippewa County"
29151,71df,"CP HWY","D","Highway Dept","Public Works","Chippewa County"
29152,71e0,"CP HWY 8","D","Highway Dept 8","Public Works","Chippewa County"
29153,71e1,"CP HWY 9","D","Highway Dept 9","Public Works","Chippewa County"
29154,71e2,"CP HWY CC","D","Highway Dept C2C","Public Works","Chippewa County"
29155,71e3,"CP EM","D","Emergency Management","Emergency Ops","Chippewa County"
29156,71e4,"CP ANNC","D","County Announce","Emergency Ops","Chippewa County"
29157,71e5,"CP EMERG","D","County Emergency","Emergency Ops","Chippewa County"
29158,71e6,"CP 911","D","County 911","Emergency Ops","Chippewa County"
29159,71e7,"CP ROAM","D","County Roam","Multi-Dispatch","Chippewa County"
29170,71f2,"MTVD HOSP","D","Montevideo Hospital","Hospital","Chippewa County"
29171,71f3,"CP EMS DSP","D","EMS Dispatch","EMS Dispatch","Chippewa County"
29172,71f4,"CP P HLTH","D","County Health","EMS-Tac","Chippewa County"
29180,71fc,"MNTVD WKS","D","Montvd Works","Public Works","Chippewa County"
29181,71fd,"MILAN WKS","D","Milan Works","Public Works","Chippewa County"
29182,71fe,"MAYNARD WKS","D","Maynard Works","Public Works","Chippewa County"
29183,71ff,"CLRA CTY WKS","D","Clara City Works","Public Works","Chippewa County"
29184,7200,"WATSON WKS","D","Watson Works","Public Works","Chippewa County"
29185,7201,"MCCRAY WKS","D","McCray Works","Public Works","Chippewa County"
29186,7202,"MTVD SCHOOLS","D","Montvd Schools","Schools","Chippewa County"
29187,7203,"CP TRAN 10","D","Transport 10","Transportation","Chippewa County"
29188,7204,"CP TRAN 11","D","Transport 11","Transportation","Chippewa County"
29189,7205,"CP TRAN 12","D","Transport 12","Transportation","Chippewa County"
29190,7206,"CP CITY 8","D","City 8","Public Works","Chippewa County"
29191,7207,"CP CITY 9","D","City 9","Public Works","Chippewa County"
29198,720e,"CP 99","D","Chip 99","Public Works","Chippewa County"
29199,720f,"CP 100","D","Chip 100","Public Works","Chippewa County"
29300,7274,"YM 911","D","Yellow Medicine 911","Emergency Ops","Yellow Medicine County"
29350,72a6,"HAN FALLS PW","D","Hanley Falls Public Works","Public Works","Yellow Medicine County"
29351,72a7,"WOOD LAKE PW","D","Wood Lake Public Works","Public Works","Yellow Medicine County"
29352,72a8,"ECHO PW","D","Echo Public Works","Public Works","Yellow Medicine County"
29354,72aa,"G FALLS HOSP","De","Granite Falls Hospital","Hospital","Yellow Medicine County"
29355,72ab,"YM 29355","D","Yellow Medicine 355","Multi-Tac","Yellow Medicine County"
29356,72ac,"YM COM","D","Countywide Common","Multi-Talk","Yellow Medicine County"
29374,72be,"UPR SIOUX PW","D","Upper Sioux Public Works","Public Works","Yellow Medicine County"
29375,72bf,"CANBY WORKS","D","Canby Public Works","Public Works","Yellow Medicine County"
29376,72c0,"CLARKFLD PW","D","Clarkfield Public Works","Public Works","Yellow Medicine County"
29377,72c1,"G FALLS WRKS","D","Granite Falls Public Works","Public Works","Yellow Medicine County"
29378,72c2,"YM HWY 1","D","YM Highway 1","Public Works","Yellow Medicine County"
29379,72c3,"CANBY HOSP","D","Canby Hospital ER","Hospital","Yellow Medicine County"
29380,72c4,"G FALLS HOSP","D","Granite Falls Hospital ER","Hospital","Yellow Medicine County"
29384,72c8,"YM EMERG","D","Emergency Trigger","Emergency Ops","Yellow Medicine County"
29386,72ca,"YM JAIL","D","Jail","Corrections","Yellow Medicine County"
29390,72ce,"YM LAW","De","Law","Law Tac","Yellow Medicine County"
29391,72cf,"YM 29391","D","Yellow Medicine 391","Multi-Tac","Yellow Medicine County"
29392,72d0,"YM LAW C2C","DE","Law Car to Car","Law Tac","Yellow Medicine County"
29393,72d1,"YM OPS 5","D","OPS 5","Multi-Tac","Yellow Medicine County"
29394,72d2,"YM OPS 4","D","OPS 4","Multi-Tac","Yellow Medicine County"
29395,72d3,"YM OPS 3","D","OPS 3","Multi-Tac","Yellow Medicine County"
29396,72d4,"YM OPS 2","D","OPS 2","Multi-Tac","Yellow Medicine County"
29397,72d5,"YM FIRE","D","Fire EMS Dispatch","Fire Dispatch","Yellow Medicine County"
29398,72d6,"YM LAW","D","Law Dispatch","Law Dispatch","Yellow Medicine County"
29399,72d7,"YM ROAM","D","County Roaming","Multi-Dispatch","Yellow Medicine County"
29500,733c,"RV LAW","D","Law Dispatch","Law Dispatch","Renville County"
29501,733d,"RV OPS 1","DE","Renville Law Ops 1","Law Tac","Renville County"
29502,733e,"RV OPS 2","DE","Renville Law Ops 2","Law Tac","Renville County"
29503,733f,"RV LAW 2E","DE","County Law Main 2","Law Dispatch","Renville County"
29504,7340,"RV JAIL","D","Jail","Corrections","Renville County"
29507,7343,"RV ATG","D","Announce","Multi-Dispatch","Renville County"
29508,7344,"RV EMG","D","Emergency Trigger","Law Dispatch","Renville County"
29509,7345,"RV PAGE","D","Fire EMS Paging - 153.800 VHF","Fire Dispatch","Renville County"
29511,7347,"RV FIRE","D","Fire EMS Dispatch","Fire Dispatch","Renville County"
29515,734b,"RV HOSP","D","Renville County Hospital","Hospital","Renville County"
29520,7350,"RV 2","D","Renville 2","Multi-Tac","Renville County"
29521,7351,"RV 3","D","Renville 3","Multi-Tac","Renville County"
29522,7352,"RV 4","D","Renville 4","Multi-Tac","Renville County"
29523,7353,"RV 5","D","Renville 5","Multi-Tac","Renville County"
29524,7354,"RV 6","D","Renville 6","Multi-Tac","Renville County"
29525,7355,"RV 7","D","Renville 7","Multi-Tac","Renville County"
29527,7357,"RV ROAM","D","County Roam","Multi-Dispatch","Renville County"
29550,736e,"RV HWY Main","D","Highway Dept Main","Public Works","Renville County"
29551,736f,"RV HWY OPS 1","D","Highway Dept Operations 1","Public Works","Renville County"
29552,7370,"RV HWY OPS 2","D","Highway Dept Operations 2","Public Works","Renville County"
29560,7378,"BIRD ISLD FD","D","Bird Island Fire Tac","Fire-Tac","Renville County"
29561,7379,"BUFF LK FD","D","Buffalo Lake Fire Tac","Fire-Tac","Renville County"
29562,737a,"DANUBE FD","D","Danube Fire Tac","Fire-Tac","Renville County"
29564,737c,"FRANKN FD ","D","Franklin Fire Tac","Fire-Tac","Renville County"
29565,737d,"HECTOR FD","D","Hector Fire Tac","Fire-Tac","Renville County"
29566,737e,"MORTON FD","D","Morton Fire Tac","Fire-Tac","Renville County"
29567,737f,"OLIVIA FD","D","Olivia Fire Tac","Fire-Tac","Renville County"
29568,7380,"RENVL FD TAC","D","Renville Fire Tac","Fire-Tac","Renville County"
29595,739b,"RV TRAN","D","Central Community Transit","Transportation","Renville County"
29701,7405,"LN ROAM","D","County Roam","Multi-Dispatch","Lincoln County"
29705,7409,"LN LAW","D","Law Dispatch","Law Dispatch","Lincoln County"
29706,740a,"LN 2","D","Lincoln OPS 2","Multi-Tac","Lincoln County"
29707,740b,"LN 3","D","Lincoln OPS 3 ","Multi-Tac","Lincoln County"
29900,74cc,"LY 911","D","Lyon 911 Hailing","Multi-Dispatch","Lyon County"
29901,74cd,"EMHAV MARSHALL","D","EMH - Avera Marshall Regional Medical Center","Hospital","Lyon County"
29902,74ce,"LY LAW","D","LAW Dispatch","Law Dispatch","Lyon County"
29903,74cf,"LY LAW 2","D","LAW 2","Law Talk","Lyon County"
29908,74d4,"LY LD FIRE","D","Lynd Fire Dept","Fire-Tac","Lyon County"
29909,74d5,"LY FIRE","D","FIRE/EMS Dispatch","Fire Dispatch","Lyon County"
29910,74d6,"LY 4","D","Lyon OPS 4","Multi-Tac","Lyon County"
29911,74d7,"LY 5","D","Lyon OPS 5","Multi-Tac","Lyon County"
29912,74d8,"LY 6","D","Lyon OPS 6","Multi-Tac","Lyon County"
29913,74d9,"LY 7","D","Lyon OPS 7","Multi-Tac","Lyon County"
29914,74da,"LY 8","D","Lyon OPS 8","Multi-Tac","Lyon County"
29920,74e0,"LY PAGE","D","Lyon Paging","Fire Dispatch","Lyon County"
29926,74e6,"EMHSF TRACY","D","EMH-Sanford Tracy Medical Center","Hospital","Lyon County"
29928,74e8,"LY ST MARSHALL","D","Lyon Site Trunking - Marshall Site","Multi-Talk","Lyon County"
29930,74ea,"LY ST RUSSELL","D","Lyon Site Trunking - Russell Site","Multi-Talk","Lyon County"
29932,74ec,"LY ST TRACY","D","Lyon Site Trunking - Tracy Site","Multi-Talk","Lyon County"
29940,74f4,"LY ST MINNEOTA","D","Lyon Site Trunking-Minneota Site","Multi-Talk","Lyon County"
29946,74fa,"LY HWY 1","D","Highway 1","Public Works","Lyon County"
29948,74fc,"LY HWY 2","D","Highway 2","Public Works","Lyon County"
29950,74fe,"LY LDF","D","LY LDF","Public Works","Lyon County"
30101,7595,"RW LAW","D","Law Dispatch","Law Dispatch","Redwood County"
30103,7597,"RW SO ADMN","D","Sheriff Admin","Law Talk","Redwood County"
30104,7598,"RW FIRE","D","Fire EMS Dispatch","Fire Dispatch","Redwood County"
30105,7599,"RW 2","D","Redwood 2","Multi-Tac","Redwood County"
30106,759a,"RW 3","D","Redwood 3","Multi-Tac","Redwood County"
30107,759b,"RW 4","D","Redwood 4","Multi-Tac","Redwood County"
30108,759c,"RW 5","D","Redwood 5","Multi-Tac","Redwood County"
30109,759d,"RW 6","D","Redwood 6","Multi-Tac","Redwood County"
30110,759e,"RW 7","D","Redwood 7","Multi-Tac","Redwood County"
30112,75a0,"EMH RWF","D","Redwood Falls Hospital ER","Hospital","Redwood County"
30115,75a3,"RW HWY 1","D","Highway 1","Public Works","Redwood County"
30116,75a4,"RW HWY 2","D","Highway 2","Public Works","Redwood County"
30118,75a6,"RW Roam","D","Roam","Multi-Dispatch","Redwood County"
30120,75a8,"RWF P WORKS","D","Redwood Falls Public Works","Public Works","Redwood County"
30122,75aa,"RW FLS HOSP","D","Redwood Falls Hospital","Hospital","Redwood County"
30125,75ad,"RW PAGE","D","Paging 154.370 Patch","Fire Dispatch","Redwood County"
30126,75ae,"NORTH EMS","D","North EMS","EMS-Tac","Redwood County"
30128,75b0,"RWF FD TAC","D","Redwood Falls Fire Tac  ","Fire-Tac","Redwood County"
30137,75b9,"W GROVE FIRE","D","Walnut Grove Fire Admin","Fire-Talk","Redwood County"
30138,75ba,"RW LS CMN","D","Lower Sioux Common","Interop","Lower Sioux Indian Community"
30139,75bb,"RW LS JPOT","D","Lower Sioux Jackpot","Interop","Lower Sioux Indian Community"
30140,75bc,"RW LSPD C2C","D","Lower Sioux Police Car to Car","Law Talk","Lower Sioux Indian Community"
30141,75bd,"RW LSPD OPS","D","Lower Sioux Police Operations","Law Tac","Lower Sioux Indian Community"
30142,75be,"RW LS EM","D","Lower Sioux Emergency Management","Emergency Ops","Lower Sioux Indian Community"
30143,75bf,"RW LS PW1","D","Lower Sioux Public Works 1","Public Works","Lower Sioux Indian Community"
30144,75c0,"RW LS PW2","D","Lower Sioux Public Works 2","Public Works","Lower Sioux Indian Community"
30145,75c1,"RW LS ENV","D","Lower Sioux Environmental Dept","Public Works","Lower Sioux Indian Community"
30300,765c,"PS LAW","D","Law Dispatch","Law Dispatch","Pipestone County"
30301,765d,"PS FIRE","D","Fire EMS Dispatch","Fire Dispatch","Pipestone County"
30302,765e,"PS 2","D","PS 2","Multi-Tac","Pipestone County"
30303,765f,"PS 3","D","PS 3","Multi-Tac","Pipestone County"
30305,7661,"PS 911","D","PS 911","Interop","Pipestone County"
30306,7662,"PS PW","D","PS PW","Public Works","Pipestone County"
30307,7663,"PS LAW C2C","D","PS LAW C2C","Law Talk","Pipestone County"
30308,7664,"PS 4","D","PS 4","Multi-Tac","Pipestone County"
30309,7665,"PS 5","D","PS 5","Multi-Tac","Pipestone County"
30310,7666,"PS JAIL","D","PS JAIL","Corrections","Pipestone County"
30312,7668,"PS ROAM","D","PS ROAM","Multi-Dispatch","Pipestone County"
30313,7669,"PS HSP EMS","D","Hospital - EMS","Hospital","Pipestone County"
30315,766b,"PS R/B 6","D","PS R/B 6","Multi-Tac","Pipestone County"
30316,766c,"PS R/B 7","D","PS R/B 7","Multi-Tac","Pipestone County"
30317,766d,"PS PW PIPE","D","PS PW PIPE","Public Works","Pipestone County"
30318,766e,"PS PW EDG","D","PS PW EDG","Public Works","Pipestone County"
30319,766f,"PS PW JAS","D","PS PW JAS","Public Works","Pipestone County"
30320,7670,"PS TRAN","D","County Transit","Transportation","Pipestone County"
30322,7672,"PS E6","DE","PS E6","Law Tac","Pipestone County"
30500,7724,"MU LAW","D","County Law Main","Law Dispatch","Murray County"
30502,7726,"MU FIRE","D","County Fire Main","Fire Dispatch","Murray County"
30503,7727,"MU CNTY WIDE","D","County Wide Common","Interop","Murray County"
30504,7728,"MU EMS MAIN","D","Murray County EMS Main","EMS Dispatch","Murray County"
30505,7729,"MU HOSPITAL","D","Murray County Hospital Main","Hospital","Murray County"
30507,772b,"MU FDAVO","D","Avoca Fire Department ","Fire-Tac","Murray County"
30508,772c,"MU FDCHAR","D","Chandler Fire Department ","Fire-Tac","Murray County"
30509,772d,"MU FDCUR","D","Currie Fire Department ","Fire-Tac","Murray County"
30510,772e,"MU FDDOV","D","Dovary Fire Department ","Fire-Tac","Murray County"
30511,772f,"MU FDFUL","D","Fulda Fire Department ","Fire-Tac","Murray County"
30512,7730,"MU FDION","D","Iona Fire Department ","Fire-Tac","Murray County"
30513,7731,"MU FDLW","D","Lake Wilson Fire Department ","Fire-Tac","Murray County"
30514,7732,"MU FDSLA","D","Slayton Fire Department ","Fire-Tac","Murray County"
30515,7733,"MU-ST","D","Murray Site Trunking","Multi-Talk","Murray County"
30519,7737,"MU 3","D","Murray OPS 3","Multi-Tac","Murray County"
30520,7738,"MU 4","D","Murray OPS 4","Multi-Tac","Murray County"
30521,7739,"MU 5","D","Murray OPS 5","Multi-Tac","Murray County"
30522,773a,"MU 6","D","Murray OPS 6","Multi-Tac","Murray County"
30523,773b,"MU PW FUL","D","Fulda City Public Works","Public Works","Murray County"
30524,773c,"MU CITY PW","D","City Public Works Sharred","Public Works","Murray County"
30525,773d,"MU PW MAIN","D","County Public Works Main","Public Works","Murray County"
30526,773e,"MU PW OPS","D","Murray County Public Works Ops","Public Works","Murray County"
30529,7741,"MU PW SLA","D","Slayton City Public Works","Public Works","Murray County"
30530,7742,"MU 911","D","County 911","EMS Dispatch","Murray County"
30531,7743,"MU ROAM","D","County Roam","Multi-Dispatch","Murray County"
30700,77ec,"CT ROAM","D","County Roam","Multi-Dispatch","Cottonwood County"
30703,77ef,"CT WD Hosp","D","Windom Area Hospital","Hospital","Cottonwood County"
30704,77f0,"CT FIRE","D","County Fire EMS Dispatch","Fire Dispatch","Cottonwood County"
30705,77f1,"CT LAW","D","County Law Dispatch","Law Dispatch","Cottonwood County"
30706,77f2,"CT OPS 2","D","County Ops 2","Multi-Tac","Cottonwood County"
30707,77f3,"CT OPS 3","D","County Ops 3","Multi-Tac","Cottonwood County"
30711,77f7,"CT OPS 4","D","County Ops 4","Multi-Tac","Cottonwood County"
30715,77fb,"CT ML FD","D","Mountain Lake Fire/Ambulance","Fire Dispatch","Cottonwood County"
30716,77fc,"CT WD FD","D","Windom Fire/Ambulance","Fire Dispatch","Cottonwood County"
30717,77fd,"CT JF FD","D","Jeffers Fire/Ambulance","Fire Dispatch","Cottonwood County"
30719,77ff,"CT WB FD","D","Westbrook Fire/Ambulance","Fire Dispatch","Cottonwood County"
30720,7800,"CT WB Hosp","D","Westbrook Hospital","Hospital","Cottonwood County"
30728,7808,"CT WD PW","D","Windom Street/Parks Dept","Public Works","Cottonwood County"
30729,7809,"CT 30729","D","Cottonwood 30729","Public Works","Cottonwood County"
30730,780a,"CT WB PW","D","Westbrook Public Works","Public Works","Cottonwood County"
30731,780b,"CT HWY","D","County Highway Dept","Public Works","Cottonwood County"
30732,780c,"CT 30732","D","Cottonwood 30732","Public Works","Cottonwood County"
30734,780e,"CT WD PUC","D","Windom Electric Dept","Utilities","Cottonwood County"
30900,78b4,"RK LAW","D","Sheriff Dispatch","Law Dispatch","Rock County"
30901,78b5,"RK RL WTR","D","County Rural Water Utilities","Public Works","Rock County"
30902,78b6,"RK FIRE","D","County Fire Dispatch","Fire Dispatch","Rock County"
30903,78b7,"RK ROAM 1","D","County Roaming 1","Multi-Dispatch","Rock County"
30904,78b8,"RK ROAM 2","D","County Roaming 2","Multi-Dispatch","Rock County"
30905,78b9,"LyonCo IA 911","D","Lyon County Iowa 911 (also used by Nobles County)","Interop","Rock County"
30906,78ba,"SiouxFalls 911","D","Sioux Falls South Dakota Metro 911 (also used by Pipestone County)","Interop","Rock County"
30907,78bb,"RK HOSP","D","Hospital - EMS","Hospital","Rock County"
30909,78bd,"RK HWY","D","County Highway Dept ?","Public Works","Rock County"
30910,78be,"RK HWY","D","County Highway Dept","Public Works","Rock County"
30911,78bf,"RK TAC 3","D","Rock Tac 3","Multi-Tac","Rock County"
30912,78c0,"RK TAC 4","D","Rock Tac 4","Multi-Tac","Rock County"
30913,78c1,"RK TAC 5","D","Rock Tac 5","Multi-Tac","Rock County"
30914,78c2,"RK TAC 6","D","Rock Tac 6","Multi-Tac","Rock County"
30915,78c3,"RK LAW TAC","D","Law Tac","Law Tac","Rock County"
30916,78c4,"RK RL WTR","D","County Rural Water Utilities","Public Works","Rock County"
30917,78c5,"RK TRANS","D","Rock Co Community Transit","Transportation","Rock County"
30919,78c7,"RK EMS 1","D","EMS Dispatch 1","EMS Dispatch","Rock County"
30920,78c8,"RK EMS 2","D","EMS Dispatch 2","EMS Dispatch","Rock County"
31100,797c,"JK LAW","D","Jackson Law","Law Tac","Jackson County"
31101,797d,"NB LAW","D","County Law Dispatch","Law Dispatch","Nobles County"
31102,797e,"NB LAW C2C","D","County Law Car to Car","Law Tac","Nobles County"
31107,7983,"NB JAIL","D","County Jail","Corrections","Nobles County"
31108,7984,"NB HWY 1","D","Highway Dept 1","Public Works","Nobles County"
31109,7985,"NB HWY 2","D","Highway Dept 2","Public Works","Nobles County"
31112,7988,"NB FIRE","D","County Fire Dispatch","Fire Dispatch","Nobles County"
31121,7991,"NB RDLK FD","D","Round Lake Fire","Fire-Tac","Nobles County"
31125,7995,"WORTH HOSP","D","Worthington Regional Hospital","Hospital","Nobles County"
31127,7997,"OsceolaCoIAPatch","D","Osceola County Iowa Patch","Interop","Nobles County"
31128,7998,"NB IOWA","D","NW Iowa - SW MN Tac ?","Interop","Nobles County"
31130,799a,"NB 2","D","NB 2","Multi-Talk","Nobles County"
31131,799b,"NB 3","D","NB 3","Multi-Talk","Nobles County"
31132,799c,"NB 4","D","NB 4","Multi-Talk","Nobles County"
31133,799d,"NB 5","D","NB 5","Multi-Talk","Nobles County"
31134,799e,"NB 6","D","NB 6","Multi-Talk","Nobles County"
31300,7a44,"JK 911","D","County 911","Emergency Ops","Jackson County"
31302,7a46,"JK LAW DISP","D","Law Dispatch","Law Dispatch","Jackson County"
31304,7a48,"JK FIRE EMS","D","Fire - EMS Dispatch","Fire Dispatch","Jackson County"
31311,7a4f,"JK-DICKNSON","D","Jackson Co. Patch with Dickinson Co. Iowa VHF","Law Tac","Jackson County"
31313,7a51,"JK ROADS","D","Road Department","Public Works","Jackson County"
31315,7a53,"JK JAK DPW","D","Jackson DPW","Public Works","Jackson County"
31321,7a59,"JK TRANSIT","D","Community Action Transit - Lincoln, Lyon, Redwood, Cottonwood","Transportation","Jackson County"
31327,7a5f,"JK 31327","D","Jackson 31327","Public Works","Jackson County"
31500,7b0c,"SW HOSP","D","Southwest Hospitals","Hospital","Zone 2 Interoperability SW"
32873,8069,"LL3 Brainerd Bas","D","LL3 Brainerd Base (Life Link 8)","EMS Dispatch","Life Link III - Air Medical Service"
33200,81b0,"MC ROAM","D","County Roam","Multi-Dispatch","McLeod County"
33202,81b2,"MC 911","D","County Emergency buttons","Emergency Ops","McLeod County"
33203,81b3,"MC HTCH PD","D","Hutchinson Law Dispatch","Law Dispatch","McLeod County"
33205,81b5,"MC GLNCOE PD","D","Glencoe Law Admin","Law Tac","McLeod County"
33206,81b6,"MC LAW","De","County Law","Law Tac","McLeod County"
33207,81b7,"MC SCHOOL","D","County Schools","Schools","McLeod County"
33208,81b8,"MC FIRE 1","D","County Fire Dispatch","Fire Dispatch","McLeod County"
33209,81b9,"MC LAW DSP","D","County Law Dispatch","Law Dispatch","McLeod County"
33210,81ba,"MC P WORKS","D","County Public Works","Public Works","McLeod County"
33211,81bb,"MC 3","D","McLeod ML 3","Multi-Tac","McLeod County"
33212,81bc,"MC 4","D","McLeod ML 4","Multi-Tac","McLeod County"
33213,81bd,"MC 5","D","McLeod ML 5","Multi-Tac","McLeod County"
33214,81be,"MC 6","D","McLeod ML 6","Multi-Tac","McLeod County"
33215,81bf,"MC 7","D","McLeod ML 7","Multi-Tac","McLeod County"
33216,81c0,"STEWART FIRE","D","Stewart Fire Admin","Fire-Tac","McLeod County"
33217,81c1,"SV LAKE FIRE","D","Silver Lake Fire/EMS Admin","Fire-Talk","McLeod County"
33218,81c2,"WINSTED FIRE","D","Winsted Fire","Fire-Tac","McLeod County"
33219,81c3,"BRWNTN FIRE","D","Brownton Fire","Fire-Tac","McLeod County"
33220,81c4,"GLENCOE HOSP","D","Glencoe Hospital ER","Hospital","McLeod County"
33221,81c5,"MCLD EMS DSP","D","County EMS","EMS Dispatch","McLeod County"
33222,81c6,"HUTCH HOSP","D","Hutchinson Hospital ER","Hospital","McLeod County"
33223,81c7,"GLENCOE FIRE","D","Glencoe Fire Admin","Fire-Tac","McLeod County"
33224,81c8,"HUTCH FIRE","D","Hutch Fire Admin","Fire-Tac","McLeod County"
33225,81c9,"LSTR PR FIRE","D","Lester Prairie FD Adm","Fire-Tac","McLeod County"
33226,81ca,"PLATO FIRE","D","Plato FD Adm","Fire-Tac","McLeod County"
33227,81cb,"GLEN HOSP EM","D","Glencoe Hospital/EMS Admin","Hospital","McLeod County"
33228,81cc,"GLEN LGT PWR","D","Glencoe Light & Power","Public Works","McLeod County"
33229,81cd,"GLEN WORKS 1","D","Glencoe Public Works 1","Public Works","McLeod County"
33230,81ce,"GLEN WORKS 2","D","Glencoe Public Works 2","Public Works","McLeod County"
33231,81cf,"MC 8","D","McLeod ML 8","Multi-Tac","McLeod County"
33232,81d0,"MC WEATHER","D","County Weather","Emergency Ops","McLeod County"
33233,81d1,"MC LAW ADM","D","County Law Admin","Law Tac","McLeod County"
33234,81d2,"MC JAIL","D","Jail Operations","Corrections","McLeod County"
33248,81e0,"GLENC HOSP OPS","D","Glencoe Hospital Operations","Business","McLeod County"
33250,81e2,"Brownton DPW","D","Brownton DPW","Public Works","McLeod County"
33400,8278,"SB ROAM","D","County Roam","Multi-Dispatch","Sibley County"
33402,827a,"SB 911","D","SB 911","Emergency Ops","Sibley County"
33404,827c,"SB LAW DISP","D","SB Law Main","Law Dispatch","Sibley County"
33406,827e,"SB JAIL","D","SB Jail","Corrections","Sibley County"
33408,8280,"SB FIRE","D","County Fire EMS Dispatch","Fire Dispatch","Sibley County"
33410,8282,"SB P WORKS","D","SB Public Works","Public Works","Sibley County"
33411,8283,"SB PW SUPV","D","SB PW Supervisors","Public Works","Sibley County"
33412,8284,"SB MED CTR","D","EMH-SMC Sibley Medical Center - Arlington","Hospital","Sibley County"
33414,8286,"SB 7","D","Sibley 7","Multi-Tac","Sibley County"
33415,8287,"SB 8","D","Sibley 8","Multi-Tac","Sibley County"
33416,8288,"SB 5","D","Sibley 5","Multi-Tac","Sibley County"
33417,8289,"SB 6","D","Sibley 6","Multi-Tac","Sibley County"
33418,828a,"SB 9","D","Sibley 9","Multi-Tac","Sibley County"
33419,828b,"SB 10","D","Sibley 10","Multi-Tac","Sibley County"
33420,828c,"SB 11 W","D","Sibley 11 Weather","Multi-Tac","Sibley County"
33421,828d,"SB LAW 1E","De","Sibley Law 1E","Law Tac","Sibley County"
33422,828e,"SB LAW 2E","De","Sibley Law 2E","Law Tac","Sibley County"
33423,828f,"ARLINGTON FD","D","Arlington FD T2T","Fire-Talk","Sibley County"
33424,8290,"ARLINGTON AD","D","Arlington City Admin","Public Works","Sibley County"
33427,8293,"GRN ISLE ADM","D","Green Isle City Admin","Public Works","Sibley County"
33428,8294,"GRN ISLE FD","D","Green Isle T2T","Fire-Talk","Sibley County"
33429,8295,"GAYLORD FD","D","Gaylord FD T2T","Fire-Talk","Sibley County"
33431,8297,"Henderson FD","D","Henderson FD","Fire-Talk","Sibley County"
33432,8298,"NEW ABRN FD","D","New Auburn FD T2T","Fire-Talk","Sibley County"
33433,8299,"NEW AUBURN FD","D","New Auburn Fire Tac","Fire-Tac","Sibley County"
33435,829b,"WINTHROP FD","D","Winthrop FD T2T","Fire-Talk","Sibley County"
33436,829c,"WINTHROP ADM","D","Winthrop City Admin","Public Works","Sibley County"
33602,8342,"BR ROAM","D","County Roam","Multi-Dispatch","Brown County"
33603,8343,"BR MAIN 1","D","Law-Fire-EMS Dispatch 1","Multi-Dispatch","Brown County"
33605,8345,"BR MAIN 2","D","Law-Fire-EMS Dispatch 2","Multi-Dispatch","Brown County"
33608,8348,"BR PAGE","D","Paging","Fire Dispatch","Brown County"
33612,834c,"N ULM HOSP","D","New Ulm Hospital","Hospital","Brown County"
33614,834e,"SLPY EYE ER","D","Sleepy Eye Medical Center ER","Hospital","Brown County"
33617,8351,"Comfrey FD Disp","D","Comfrey Fire Dispatch","Fire Dispatch","Brown County"
33621,8355,"BR HWY","D","Highway Dept","Public Works","Brown County"
33622,8356,"N ULM UTIL","D","New Ulm Public Utilities","Utilities","Brown County"
33638,8366,"BR TRANS","D","Brown Heartland Express","Transportation","Brown County"
33729,83c1,"Comfrey FD","D","Comfrey Fire","Fire Dispatch","Brown County"
33802,840a,"NC ROAM","D","County Roam","Multi-Dispatch","Nicollet County"
33803,840b,"NC GAC SEC","D","Gustavus Adolphus College Security","Security","Nicollet County"
33804,840c,"NC SO ADM","D","County Sheriff Admin","Law Tac","Nicollet County"
33806,840e,"NC LAW C2C","D","County All Law Car to Car","Law Tac","Nicollet County"
33808,8410,"NC LAW 1","DE","LAW 1","Law Dispatch","Nicollet County"
33809,8411,"NC LAW2","D","Law 2 Saint Peter Police","Law Dispatch","Nicollet County"
33810,8412,"NC FIRE","D","Fire/EMS Dispatch","Fire Dispatch","Nicollet County"
33813,8415,"NC NM DPW","D","North Mankato Public Works","Public Works","Nicollet County"
33814,8416,"NC P WORKS","D","County Public Works","Public Works","Nicollet County"
33818,841a,"NC SPPD ADM","D","St Peter Police Admin","Law Tac","Nicollet County"
33820,841c,"NC 3","D","County Interop 3","Multi-Tac","Nicollet County"
33821,841d,"NC 911","D","County Emergency Hailing","Emergency Ops","Nicollet County"
33822,841e,"NC 4","D","County Interop 4","Multi-Tac","Nicollet County"
33826,8422,"ST PETER HOSP","D","St Peter Hospital - River's Edge","Hospital","Nicollet County"
33827,8423,"NC 5","D","County Interop 5","Multi-Tac","Nicollet County"
33828,8424,"NC 6","D","County Interop 6","Multi-Tac","Nicollet County"
33829,8425,"NC 7","D","County Interop 7","Multi-Tac","Nicollet County"
33830,8426,"NC 8","D","County Interop 8","Multi-Tac","Nicollet County"
33838,842e,"NC SCHOOLS","D","Nicollet County Schools","Schools","Nicollet County"
34004,84d4,"LS LAW","DE","Law Dispatch","Law Dispatch","Le Sueur County"
34005,84d5,"LS LAW C2C","D","Law Car to Car","Law Tac","Le Sueur County"
34020,84e4,"LS FIRE","D","Fire Dispatch","Fire Dispatch","Le Sueur County"
34040,84f8,"LS P WORKS","D","Public Works","Public Works","Le Sueur County"
34041,84f9,"LS MAINT","D","Building Maintenance","Public Works","Le Sueur County"
34043,84fb,"LS EMRG","D","Emergency","Multi-Dispatch","Le Sueur County"
34044,84fc,"LS LS DPW","D","Le Sueur City Public Works","Public Works","Le Sueur County"
34046,84fe,"LS JAIL","D","Jail","Corrections","Le Sueur County"
34060,850c,"LS 1","D","Le Sueur Event 1","Multi-Talk","Le Sueur County"
34070,8516,"LS 2","D","Le Sueur 2","Multi-Talk","Le Sueur County"
34071,8517,"LS 3","D","Le Sueur 3","Multi-Talk","Le Sueur County"
34072,8518,"LS 4","D","Le Sueur 4","Multi-Talk","Le Sueur County"
34073,8519,"LS 5","D","Le Sueur 5","Multi-Talk","Le Sueur County"
34080,8520,"LS ROAM","D","County Roam","Multi-Dispatch","Le Sueur County"
34081,8521,"LS LAW ALL","D","Law All Call","Law Dispatch","Le Sueur County"
34082,8522,"LS FIRE ALL","D","Fire All Call","Fire Dispatch","Le Sueur County"
34083,8523,"LS PW ALL","D","Public Works All Call","Public Works","Le Sueur County"
34090,852a,"LS HOSP","D","Le Sueur Hospital","Hospital","Le Sueur County"
34202,859a,"WT ROAM","D","County Roam","Multi-Dispatch","Watonwan County"
34208,85a0,"WT 8","D","Watonwan 8","Multi-Talk","Watonwan County"
34211,85a3,"WT 4","D","Watonwan 4","Multi-Talk","Watonwan County"
34212,85a4,"WT ALL CALL","D","All Call ","Multi-Dispatch","Watonwan County"
34213,85a5,"WT 13","D","Watonwan 13","Multi-Talk","Watonwan County"
34215,85a7,"WT 15","D","Watonwan 15","Multi-Talk","Watonwan County"
34224,85b0,"WT LAW","D","Watonwan Law Main","Law Dispatch","Watonwan County"
34228,85b4,"WT 28","D","Watonwan 28","Multi-Talk","Watonwan County"
34236,85bc,"MCHS St James","D","Mayo Clinic Health System - St James Hospital","Hospital","Watonwan County"
34238,85be,"WT EMS Main","D","EMS Dispatch","EMS Dispatch","Watonwan County"
34241,85c1,"WT 41","D","Watonwan 41","Multi-Talk","Watonwan County"
34300,85fc,"MSU SEC","D","Mankato State Univ. Security","Security","Blue Earth County"
34301,85fd,"MSU OPS","D","Mankato State Univ. Operations","Public Works","Blue Earth County"
34324,8614,"WT MD EMS","D","Madelia EMS","EMS-Talk","Watonwan County"
34402,8662,"BE ROAM","D","County Roaming","Multi-Dispatch","Blue Earth County"
34404,8664,"BE LAW","D","Blue Earth Sheriff - VHF Link","Law Dispatch","Blue Earth County"
34406,8666,"BE EMH SR","D","Regional Hospital Net","Hospital","Blue Earth County"
34408,8668,"BE FIRE","D","Blue Earth Fire/EMS","Fire Dispatch","Blue Earth County"
34412,866c,"BE MK LAW","DE","Mankato PD","Law Dispatch","Blue Earth County"
34413,866d,"BE 4","D","BE 4","Multi-Tac","Blue Earth County"
34414,866e,"BE 5","D","BE 5","Multi-Tac","Blue Earth County"
34415,866f,"BE 6","D","BE 6","Multi-Tac","Blue Earth County"
34416,8670,"BE 7","D","BE 7","Multi-Tac","Blue Earth County"
34417,8671,"BE 8","D","BE 8","Multi-Tac","Blue Earth County"
34418,8672,"BE 9","D","BE 9","Multi-Tac","Blue Earth County"
34419,8673,"BE 911","D","BE 911","Emergency Ops","Blue Earth County"
34420,8674,"BE JAIL","D","County Jail","Corrections","Blue Earth County"
34424,8678,"BE MK FD","D","Mankato Fire","Fire Dispatch","Blue Earth County"
34442,868a,"MCHS HOSP ER","D","MCHS Mankato ER - Patient Reports (Mayo Health)","Hospital","Blue Earth County"
34445,868d,"BE SCHOOLS","D","Blue Earth County Schools","Schools","Blue Earth County"
34446,868e,"MK TRANS 1","D","Mankato Transit 1","Transportation","Blue Earth County"
34447,868f,"MK TRANS 2","D","Mankato Transit 2","Transportation","Blue Earth County"
34449,8691,"MK STREETS","D","Mankato Streets","Public Works","Blue Earth County"
34450,8692,"MK WATER","D","Mankato Water","Public Works","Blue Earth County"
34451,8693,"MK WATER TREAT","D","Mankato Water Treatment","Public Works","Blue Earth County"
34452,8694,"MK WASTEWATER","D","Mankato Wastewater","Public Works","Blue Earth County"
34454,8696," Vetter Stone","D","Mankato Vetter Stone Amphitheater ","Public Works","Blue Earth County"
34456,8698,"MK Civic Center","D","Mankato Civic Center","Public Works","Blue Earth County"
34457,8699,"BE LAW 7","DE","LAW 7","Law Tac","Blue Earth County"
34460,869c,"BE LAW 10","DE","LAW 10","Law Tac","Blue Earth County"
34606,872e,"WS 6","D","Waseca 6","Multi-Tac","Waseca County"
34610,8732,"WS 10","D","Waseca 10","Multi-Tac","Waseca County"
34611,8733,"WS LAW 1","D","Law 1 Dispatch","Law Dispatch","Waseca County"
34612,8734,"WS 2","D","Waseca 2","Multi-Tac","Waseca County"
34613,8735,"WS 3","D","Waseca 3","Multi-Tac","Waseca County"
34614,8736,"WS 4","D","Waseca 4","Multi-Tac","Waseca County"
34615,8737,"WS 5","D","Waseca 5","Multi-Tac","Waseca County"
34616,8738,"WS 16","D","Waseca 16","Multi-Tac","Waseca County"
34617,8739,"WS 7E","DE","Waseca 7E","Multi-Tac","Waseca County"
34618,873a,"WS FIRE 1","D","Fire/EMS Dispatch","Fire Dispatch","Waseca County"
34619,873b,"WS EM 1","D","Emergency Management 1","Emergency Ops","Waseca County"
34620,873c,"WS ROAM","D","County Roaming","Multi-Dispatch","Waseca County"
34622,873e,"WS HWY 1","D","Highway 1","Public Works","Waseca County"
34623,873f,"WS WAS UTL","D","Waseca Utilities","Utilities","Waseca County"
34626,8742,"WS HOSP","D","Waseca Hospital","Hospital","Waseca County"
34627,8743,"WS EM SPOT","D","Emergency Management SPOT","Emergency Ops","Waseca County"
34800,87f0,"MT ROAM","D","Martin County Roaming","Multi-Dispatch","Martin County"
34803,87f3,"MT 3","D","Martin Co MT3","Multi-Tac","Martin County"
34812,87fc,"MT LAW","D","Law Enforcement Dispatch","Law Dispatch","Martin County"
34814,87fe,"MAYO HOSP","D","Mayo Clinic Health System Fairmont Hospital","Hospital","Martin County"
34817,8801,"MT HWY","D","Highway Dept","Public Works","Martin County"
34824,8808,"MT 24","D","Martin 24","Multi-Talk","Martin County"
34825,8809,"MT 25","D","Martin 25","Multi-Talk","Martin County"
34828,880c,"MT 28","D","Martin 28","Multi-Talk","Martin County"
34829,880d,"MT 29","D","Martin 29","Multi-Talk","Martin County"
34831,880f,"MT 31","D","Martin 31","Multi-Talk","Martin County"
34838,8816,"MT 38","D","Martin 38","Multi-Talk","Martin County"
35002,88ba,"FA ROAM","D","County Roam","Multi-Dispatch","Faribault County"
35003,88bb,"FA LAW 1","D","County Law 1","Law Dispatch","Faribault County"
35004,88bc,"FA LAW 2","D","County Law 2","Law Dispatch","Faribault County"
35005,88bd,"FA  7","D","Faribault 7","Multi-Talk","Faribault County"
35006,88be,"FA LAW 3","DE","County Law 3","Law Dispatch","Faribault County"
35007,88bf,"FA 8","D","Faribault 8","Multi-Talk","Faribault County"
35008,88c0,"FA FIRE","D","County Fire Dispatch","Fire Dispatch","Faribault County"
35009,88c1,"FA JAIL OPS","D","County Jail","Corrections","Faribault County"
35010,88c2,"FA  HWY 1","D","Faribault Highway 1","Public Works","Faribault County"
35011,88c3,"FA EMS DISP","D","County EMS Dispatch","EMS Dispatch","Faribault County"
35012,88c4,"FA UHD ER","D","United Hospital Blue Earth","Hospital","Faribault County"
35013,88c5,"FA  9","D","Faribault 9","Multi-Talk","Faribault County"
35014,88c6,"FA  10","D","Faribault 10","Multi-Talk","Faribault County"
35015,88c7,"FA 911","D","Faribault 911","Multi-Talk","Faribault County"
35016,88c8,"FA HWY 2","D","Faribault Highway 2","Public Works","Faribault County"
35017,88c9,"FA BLUE EARTH","D","Blue Earth OPS","Multi-Talk","Faribault County"
35018,88ca,"FA BRICELYN","D","BRICELYN OPS","Multi-Talk","Faribault County"
35019,88cb,"FA DELEVAN","D","DELAVAN OPS","Multi-Talk","Faribault County"
35020,88cc,"FA EASTON","D","EASTON OPS","Multi-Talk","Faribault County"
35021,88cd,"FA ELMORE","D","ELMORE OPS","Multi-Talk","Faribault County"
35023,88cf,"FA FRST OPS","D","FROST OPS","Multi-Talk","Faribault County"
35024,88d0,"FA MN LAKE","D","Minnesota Lake OPS","Multi-Talk","Faribault County"
35025,88d1,"FA","D","Faribault","Multi-Talk","Faribault County"
35026,88d2,"FA WELLS","D","Wells Ops","Multi-Talk","Faribault County"
35027,88d3,"FA W'BAGO","D","Winnebago OPS","Multi-Talk","Faribault County"
35029,88d5,"FA","D","Faribault","Multi-Talk","Faribault County"
35030,88d6,"FA","D","Faribault ","Multi-Talk","Faribault County"
35038,88de,"FA","D","Faribault","Multi-Talk","Faribault County"
35039,88df,"FA","D","Faribault","Multi-Talk","Faribault County"
36500,8e94,"MSP 2700 DSP","D","Duluth "2700" Dispatch","Law Dispatch","Minnesota Department of Public Safety - State Patrol"
36501,8e95,"MSP 2700 TAC","D","Duluth "2700" Roam","Law Dispatch","Minnesota Department of Public Safety - State Patrol"
36502,8e96,"MSP 2700 T 2","D","Duluth "2700" District Tactical 2","Law Tac","Minnesota Department of Public Safety - State Patrol"
36504,8e98,"MSP 2700 T 1","D","Duluth "2700" District Tactical 1","Law Tac","Minnesota Department of Public Safety - State Patrol"
36505,8e99,"MSP 2700 RM","D","Duluth "2700" Tac","Law Tac","Minnesota Department of Public Safety - State Patrol"
36506,8e9a,"MSP 2700 T 3","D","Duluth "2700" District Tactical 3 - Emergency","Law Tac","Minnesota Department of Public Safety - State Patrol"
36508,8e9c,"MSP 2700 ALL","D","Duluth "2700" - All Call","Law Tac","Minnesota Department of Public Safety - State Patrol"
36528,8eb0,"DOT DLH ALL","D","DOT Duluth - All Call","Public Works","Minnesota DOT District 1 NE - Duluth"
36530,8eb2,"DOT DLH EMER","D","DOT Duluth Emergency to State Patrol","Public Works","Minnesota DOT District 1 NE - Duluth"
36532,8eb4,"DOT D1 LAKES","D","DOT D1 Lakes Sub (Floodwood, Grand Rapids, McGregor Truck Stations)","Public Works","Minnesota DOT District 1 NE - Duluth"
36534,8eb6,"DOT D1 SOUTH","D","DOT D1 South Sub (Carlton, Moose Lk, Pine City, Sandstone Truck Stations)","Public Works","Minnesota DOT District 1 NE - Duluth"
36536,8eb8,"DOT D1 DULUTH","D","DOT D1 Duluth Sub (Duluth, Nopeming, Pike Lake Truck Stations)","Public Works","Minnesota DOT District 1 NE - Duluth"
36540,8ebc,"DOT D1 BORDER","D","DOT D1 Border Sub (Cook, Deer Lake, International Falls, Little Fork Truck Stations)","Public Works","Minnesota DOT District 1 NE - Duluth"
36542,8ebe,"DOT D1 RANGE","D","DOT D1 Range Sub (Ely, Hibbing, Virigina Truck Stations)","Public Works","Minnesota DOT District 1 NE - Duluth"
36544,8ec0,"DOT DLH 36544","D","DOT Duluth  36544","Public Works","Minnesota DOT District 1 NE - Duluth"
36548,8ec4,"DOT VIR TAC 3","D","DOT Virginia TAC 3","Public Works","Minnesota DOT District 1 NE - Duluth"
36550,8ec6,"DOT VIR TAC 4","D","DOT Virginia TAC 4","Public Works","Minnesota DOT District 1 NE - Duluth"
36564,8ed4,"MSP 3100 DSP","D","Virginia "3100" District Dispatch","Law Dispatch","Minnesota Department of Public Safety - State Patrol"
36565,8ed5,"MSP 3100 RM","D","Virginia "3100" Roaming","Law Dispatch","Minnesota Department of Public Safety - State Patrol"
36566,8ed6,"MSP 3100 T 2","D","Virginia "3100" District Tactical 2","Law Tac","Minnesota Department of Public Safety - State Patrol"
36567,8ed7,"MSP 3100 A I","D","Virginia "3100" Accident Investigation","Law Tac","Minnesota Department of Public Safety - State Patrol"
36568,8ed8,"MSP 3100 T 1","D","Virginia "3100" District Tactical 1","Law Tac","Minnesota Department of Public Safety - State Patrol"
36570,8eda,"MSP 3100 ALL","D","Virginia "3100" District Tactical 3 - All Call","Law Tac","Minnesota Department of Public Safety - State Patrol"
36572,8edc,"DOT DLH 36572","D","DOT Duluth  36572","Public Works","Minnesota DOT District 1 NE - Duluth"
36574,8ede,"DOT D1 SHORE","D","DOT D1 Shore Sub (Grand Marias, Silver Bay, Two Harbors Truck Stations)","Public Works","Minnesota DOT District 1 NE - Duluth"
36576,8ee0,"DOT DLH  36576","D","DOT Duluth  36576","Public Works","Minnesota DOT District 1 NE - Duluth"
36582,8ee6,"DOT DLH  36582","D","DOT Duluth  36582","Public Works","Minnesota DOT District 1 NE - Duluth"
36584,8ee8,"DOT DLH TAC","D","DOT Duluth  TAC","Public Works","Minnesota DOT District 1 NE - Duluth"
36586,8eea,"DOT DLH  36586","D","DOT Duluth  36586","Public Works","Minnesota DOT District 1 NE - Duluth"
36588,8eec,"DOT DLH  36588","D","DOT Duluth  36588","Public Works","Minnesota DOT District 1 NE - Duluth"
36591,8eef,"NWS DULUTH","D","NWS Duluth","Emergency Ops","National Weather Service"
36594,8ef2,"MSP 2800 DSP","D","Brainerd "2800" Dispatch","Law Dispatch","Minnesota Department of Public Safety - State Patrol"
36595,8ef3,"MSP 2800 RM","D","Brainerd "2800" Roaming","Law Dispatch","Minnesota Department of Public Safety - State Patrol"
36596,8ef4,"MSP 2800 T 2","D","Brainerd "2800" TAC 2","Law Tac","Minnesota Department of Public Safety - State Patrol"
36597,8ef5,"MSP 2800 A I","D","Brainerd "2800" Accident Investigation","Law Tac","Minnesota Department of Public Safety - State Patrol"
36598,8ef6,"MSP 2800 T 1","D","Brainerd "2800" TAC 1","Law Tac","Minnesota Department of Public Safety - State Patrol"
36600,8ef8,"MSP 2800 ALL","D","Brainerd "2800" TAC 3 - All Call","Law Tac","Minnesota Department of Public Safety - State Patrol"
36610,8f02,"NE CALL","D","Northeast Call","Interop","Zone 5 Interoperability NE"
36612,8f04,"NE 2","D","NE-2","Interop","Zone 5 Interoperability NE"
36614,8f06,"NE 3","D","NE-3","Interop","Zone 5 Interoperability NE"
36616,8f08,"NE 4","D","NE-4","Interop","Zone 5 Interoperability NE"
36618,8f0a,"NE 5","D","NE-5","Interop","Zone 5 Interoperability NE"
36620,8f0c,"NE 6","D","NE-6","Interop","Zone 5 Interoperability NE"
36622,8f0e,"NE 7","D","NE-7","Interop","Zone 5 Interoperability NE"
36624,8f10,"NE 8","D","NE-8","Interop","Zone 5 Interoperability NE"
36626,8f12,"NE 9","D","NE-9","Interop","Zone 5 Interoperability NE"
36628,8f14,"NE 10","D","NE-10","Interop","Zone 5 Interoperability NE"
36630,8f16,"NE 11","D","NE-11","Interop","Zone 5 Interoperability NE"
36632,8f18,"NE 12","D","NE-12","Interop","Zone 5 Interoperability NE"
36634,8f1a,"DOC ML OP 1","D","Main Operations","Corrections","Minnesota Department of Corrections - Moose Lake  Prison"
36636,8f1c,"DOC ML  OP 2","D","Local Maintenance","Corrections","Minnesota Department of Corrections - Moose Lake  Prison"
36638,8f1e,"DOC ML OP 3","D","Operational Sec. Secure Det. Unit","Corrections","Minnesota Department of Corrections - Moose Lake  Prison"
36640,8f20,"DOC ML OP 4","D","Operational Security Op1","Corrections","Minnesota Department of Corrections - Moose Lake  Prison"
36642,8f22,"DOC ML OP 5","D","Operational Security Op2","Corrections","Minnesota Department of Corrections - Moose Lake  Prison"
36644,8f24,"DOC ML OP 6","D","Operational Security SORT","Corrections","Minnesota Department of Corrections - Moose Lake  Prison"
36646,8f26,"DOC ML OP 7","D","Alert Tone Out All Call","Corrections","Minnesota Department of Corrections - Moose Lake  Prison"
36648,8f28,"DOC ML OP 8","D","Emergency Alert All Call","Corrections","Minnesota Department of Corrections - Moose Lake  Prison"
36650,8f2a,"DOC WR OP 1","D","Main Operations","Corrections","Minnesota Department of Corrections - Willow River Prison"
36652,8f2c,"DOC WR OP 2","D","Work Crews/Maintenance","Corrections","Minnesota Department of Corrections - Willow River Prison"
36654,8f2e,"DOC WR OP 3","D","Operational Security Op1","Corrections","Minnesota Department of Corrections - Willow River Prison"
36656,8f30,"DOC WR OP 4","D","Operational Security Op2","Corrections","Minnesota Department of Corrections - Willow River Prison"
36658,8f32,"DOC WR OP 5","D","Operational Security Op3","Corrections","Minnesota Department of Corrections - Willow River Prison"
36660,8f34,"DOC WR OP 6","D","Operational Security Tactical","Corrections","Minnesota Department of Corrections - Willow River Prison"
36662,8f36,"DOC WR OP 7","D","Alert Tone Out All Call","Corrections","Minnesota Department of Corrections - Willow River Prison"
36664,8f38,"DOC WR OP 8","D","Emergency Alert All Call","Corrections","Minnesota Department of Corrections - Willow River Prison"
36666,8f3a,"MCF Togo 1","D","MCF Togo Operations 1","Corrections","Minnesota Department of Corrections"
36668,8f3c,"MCF Togo 3","D","MCF Togo Ops 3","Corrections","Minnesota Department of Corrections"
36682,8f4a,"DHS MSOP ML1","D","Sex Offender Program Moose Lake 1","Corrections","Department of Human Services"
36684,8f4c,"DHS MSOP ML2","D","Sex Offender Program Moose Lake 2","Corrections","Department of Human Services"
36686,8f4e,"DHS MSOP ML3","D","Sex Offender Program Moose Lake 3","Corrections","Department of Human Services"
36688,8f50,"DHS MSOP ML4","D","Sex Offender Program Moose Lake 4","Corrections","Department of Human Services"
36690,8f52,"DHS MSOP ML5","D","Sex Offender Program Moose Lake 5","Corrections","Department of Human Services"
36692,8f54,"DHS MSOP ML6","D","Sex Offender Program Moose Lake 6","Corrections","Department of Human Services"
36694,8f56,"DHS MSOP ML7","D","Sex Offender Program Moose Lake 7","Corrections","Department of Human Services"
36696,8f58,"DHS MSOP ML8","D","Sex Offender Program Moose Lake 8","Corrections","Department of Human Services"
36703,8f5f,"Scenic SP","D","Scenic State Park, Bigfork","Public Works","Itasca County"
36706,8f62,"MCRTHY PARK","D","McCarthy Beach State Park 1","Public Works","St. Louis County"
36710,8f66,"PARKS D4","D","Parks District 4 Main","Public Works","Minnesota Department of Natural Resources - DNR"
36711,8f67,"PARKS D4 TAC","D","Parks District 4 Tactical","Public Works","Minnesota Department of Natural Resources - DNR"
36712,8f68,"JCOOK PARK 1","D","Jay Cooke State Park 1","Public Works","Carlton County"
36713,8f69,"JCOOK PARK 2","D","Jay Cooke State Park 2","Public Works","Carlton County"
36714,8f6a,"G FLS PARK 1","D","Gooseberry Falls State Park 1 ","Public Works","Lake County"
36715,8f6b,"G FLS PARK 2","D","Gooseberry Falls State Park 2 ","Public Works","Lake County"
36716,8f6c,"SRL PARK 1","D","Split Rock Lighthouse State Park 1 ","Public Works","Lake County"
36717,8f6d,"SRL PARK 2","D","Split Rock Lighthouse State Park 2 ","Public Works","Lake County"
36718,8f6e,"TETTG PARK 1","D","Tettegouche State Park 1 ","Public Works","Lake County"
36719,8f6f,"TETTG PARK 2","D","Tettegouche State Park 2 ","Public Works","Lake County"
36720,8f70,"TETTG PARK 3","D","Tettegouche State Park 3 ","Public Works","Lake County"
36721,8f71,"CRCRM PARK 1","D","Cascade River & C.R. Magney State Parks 1","Public Works","Cook County"
36722,8f72,"CRCRM PARK 2","D","Cascade River & C.R. Magney State Parks 2","Public Works","Cook County"
36723,8f73,"GPORT PARK 1","D","Grand Portage State Park 1","Public Works","Cook County"
36724,8f74,"G C M PARK 1","D","George Crosby Manitou State Park 1","Public Works","Cook County"
36729,8f79,"St Croix SP","D","St Croix State Park","Public Works","Pine County"
36731,8f7b,"St Croix SP","D","St Croix State Park","Public Works","Pine County"
36733,8f7d,"Savana Portage","D","Savana Portage State Park","Public Works","Aitkin County"
36738,8f82,"PARKS D3","D","Parks District 3 Main","Public Works","Minnesota Department of Natural Resources - DNR"
36739,8f83,"PARKS D3 TAC","D","Parks District 3 Tactical","Public Works","Minnesota Department of Natural Resources - DNR"
36740,8f84,"BR HEAD PK 1","D","Bearhead Lake State Park 1","Public Works","St. Louis County"
36741,8f85,"BR HEAD PK 2","D","Bear Head Lake State Park 2","Public Works","St. Louis County"
36742,8f86,"SUM-LV PARK1","D","Soudan Underground Mine & Lake Vermillion State Parks 1","Public Works","St. Louis County"
36743,8f87,"SUM-LV PARK2","D","Soudan Underground Mine & Lake Vermillion State Parks 2","Public Works","St. Louis County"
36744,8f88,"SCHASC PARK1","D","Scenic, Hill Annex Mine & Schoolcraft State Parks 1","Public Works","Itasca County"
36745,8f89,"SCHASC PARK2","D","Scenic, Hill Annex Mine & Schoolcraft State Parks 2","Public Works","Itasca County"
36746,8f8a,"NE E-MGT TAC","D","Northeast Emergency Management Tac","Emergency Ops","Zone 5 Interoperability NE"
36747,8f8b,"MCRTHY PARK1","D","McCarthy Beach State Park 1","Public Works","St. Louis County"
36748,8f8c,"MCRTHY PARK2","D","McCarthy Beach State Park 2","Public Works","St. Louis County"
36749,8f8d,"IRON PARK 1","D","Iron Range Off Road Vehicle State Recreation Area 1","Public Works","St. Louis County"
36750,8f8e,"IRON PARK 2","D","Iron Range Off Road Vehicle State Recreation Area 2","Public Works","St. Louis County"
36760,8f98,"MNNG-148-MOC","D","MNNG-148-MOC","Military","Minnesota National Guard - Military"
36761,8f99,"MNNG-NGRF C2","D","MNNG-NGRF C2","Military","Minnesota National Guard - Military"
36762,8f9a,"MNNG-148-MUN","D","MNNG-148-MUN","Military","Minnesota National Guard - Military"
36763,8f9b,"MNNG-148-COMM","D","MNNG-148-COMM","Military","Minnesota National Guard - Military"
36764,8f9c,"MNNG-34ID","D","MNNG-34ID","Military","Minnesota National Guard - Military"
36765,8f9d,"MNNG-148-CE","D","MNNG-148-CE","Military","Minnesota National Guard - Military"
36766,8f9e,"MNNG-NGRF 3","D","MNNG-NGRF 3","Military","Minnesota National Guard - Military"
36767,8f9f,"MNNG-148-WP","D","MNNG-148-WP","Military","Minnesota National Guard - Military"
36768,8fa0,"MNNG-148-LRS","D","MNNG-148-LRS","Military","Minnesota National Guard - Military"
36769,8fa1,"MNNG-NGRF 4","D","MNNG-NGRF 4","Military","Minnesota National Guard - Military"
36770,8fa2,"MNNG-148-MTRP","D","MNNG-148-MTRP","Military","Minnesota National Guard - Military"
36771,8fa3,"MNNG-148-TAC1","D","MNNG-148-TAC1","Military","Minnesota National Guard - Military"
36772,8fa4,"MNNG-148-TAC2","D","MNNG-148-TAC2","Military","Minnesota National Guard - Military"
36773,8fa5,"MNNG-148-TAC3","D","MNNG-148-TAC3","Military","Minnesota National Guard - Military"
36774,8fa6,"MNNG-148-TAC4","D","MNNG-148-TAC4","Military","Minnesota National Guard - Military"
36864,9000,"TEST TG A","D","Test Talkgroup A","Public Works","Minnesota Department of Public Safety - Emergency Communications"
36896,9020,"TEST TG B","D","Test Talkgroup B","Public Works","Minnesota Department of Public Safety - Emergency Communications"
36901,9025,"AK LAW 1","D","Law Dispatch 1","Law Dispatch","Aitkin County"
36902,9026,"AK LAW 2","D","Law Dispatch 2","Law Dispatch","Aitkin County"
36903,9027,"AK LAW 3E","DE","Law Dispatch 3 Encrypted ","Law Dispatch","Aitkin County"
36910,902e,"AK JAIL","D","Jail Operations ","Corrections","Aitkin County"
36915,9033,"AK FIRE 1","D","Aitkin Fire 1","Fire Dispatch","Aitkin County"
36916,9034,"AK FIRE 2","D","Aitkin Fire 2","Fire Dispatch","Aitkin County"
36917,9035,"AK FIRE 3","D","Aitkin Fire 3","Fire Dispatch","Aitkin County"
36919,9037,"AITKIN CTY FD ","D","Aitkin City Fire Tac ","Fire-Tac","Aitkin County"
36920,9038,"HILL CTY FD TAC","D","Hill City Fire Tac","Fire-Tac","Aitkin County"
36925,903d,"RVRWD HOSP","D","Riverwood Hospital ER Aitkin ","Hospital","Aitkin County"
36929,9041,"AK COM 4","D","Common 4","Multi-Tac","Aitkin County"
36930,9042,"AK COM 5","D","Common 5","Multi-Tac","Aitkin County"
36931,9043,"AK COM 6","D","Common 6","Multi-Tac","Aitkin County"
36932,9044,"AK COM 7","D","Common 7","Multi-Tac","Aitkin County"
36933,9045,"AK COM 8","D","Common 8","Multi-Tac","Aitkin County"
36935,9047,"AK ROAM","D","County Roaming","Multi-Dispatch","Aitkin County"
36936,9048,"AK EMERG","D","County Emergency Buttons ","Emergency Ops","Aitkin County"
36943,904f,"AK HWY","D","Highway Dept","Public Works","Aitkin County"
36960,9060,"TEST TG D","D","Test Talkgroup D","Public Works","Minnesota Department of Public Safety - Emergency Communications"
36992,9080,"TEST TG E","D","Test Talkgroup E","Public Works","Minnesota Department of Public Safety - Emergency Communications"
37024,90a0,"TEST TG F","D","Test Talkgroup F","Public Works","Minnesota Department of Public Safety - Emergency Communications"
37056,90c0,"TEST MG ABC","D","Test Multi-Talkgroup ABC","Public Works","Minnesota Department of Public Safety - Emergency Communications"
37100,90ec,"CL ROAM","D","County Roam","Multi-Dispatch","Carlton County"
37101,90ed,"CL LAW 1","D","Law Dispatch","Law Dispatch","Carlton County"
37102,90ee,"CL LAW 2","D","Law 2","Law Dispatch","Carlton County"
37104,90f0,"CL LAW 3","D","Law 3","Law Tac","Carlton County"
37105,90f1,"CL ESSENTIA ML","D","Essentia Ambulance Moose Lake","EMS Dispatch","Carlton County"
37112,90f8,"CL JAIL","D","Jail Operations","Corrections","Carlton County"
37120,9100,"CL PS COM1","D","Public Safety Common 1","Multi-Tac","Carlton County"
37122,9102,"CL PS COM2","D","Public Safety Common 2","Multi-Tac","Carlton County"
37124,9104,"CL PS COM3","D","Public Safety Common 3","Multi-Tac","Carlton County"
37126,9106,"CL PS COM4","D","Public Safety Common 4","Multi-Tac","Carlton County"
37128,9108,"CL PS COM5","D","Public Safety Common 5","Multi-Tac","Carlton County"
37130,910a,"CL PS COM6","D","Public Safety Common 6","Multi-Tac","Carlton County"
37132,910c,"CL PS COM7","D","Public Safety Common 7","Multi-Tac","Carlton County"
37134,910e,"CL EVENT 1","D","Event 1","Multi-Talk","Carlton County"
37136,9110,"CL FIRE","D","Fire EMS Dispatch","Fire Dispatch","Carlton County"
37142,9116,"Cloquet FD Adm","D","Cloquet Area Fire District Administration","Fire-Talk","Carlton County"
37143,9117,"CL 143","D","Carlton 143","Multi-Tac","Carlton County"
37146,911a,"CL 146","D","Carlton 146","Multi-Talk","Carlton County"
37148,911c,"CLOQUET HOSP","D","Cloquet Hosp","Hospital","Carlton County"
37150,911e,"CL HWY","D","Highway","Public Works","Carlton County"
37154,9122,"CL 154","D","Carlton 154","Multi-Talk","Carlton County"
37156,9124,"CL 156","D","Carlton 156","Multi-Talk","Carlton County"
37168,9130,"CL PS COM8","D","Public Safety Common 8","Multi-Tac","Carlton County"
37170,9132,"CL FG 9","D","Fireground 9","Fire-Tac","Carlton County"
37174,9136,"CL 174","D","Carlton 174","Multi-Talk","Carlton County"
37198,914e,"CL CD","D","Carlton Civil Defense Ops ","Emergency Ops","Carlton County"
37604,92e4,"DLTH LAW TAC","DE","Duluth Law Tac","Law Tac","St. Louis County"
37606,92e6,"DLTH PRKG","D","Duluth Parking Enforcement","Public Works","St. Louis County"
37616,92f0,"DLTH FIRE DISP","D","Duluth Fire Dispatch","Fire Dispatch","St. Louis County"
37618,92f2,"DLTH FIRE ADM","D","Duluth Fire Admin","Fire-Talk","St. Louis County"
37626,92fa,"SUDL PW 1","D","Duluth Public Works 1","Public Works","St. Louis County"
37627,92fb,"SUDL PW 2","D","Duluth Public Works 2","Public Works","St. Louis County"
37629,92fd,"SUDL PW 3","D","Duluth Public Works 3","Public Works","St. Louis County"
37786,939a,"SLHIBUTIL","D","Hibbing Public Utilities","Utilities","St. Louis County"
37787,939b,"Hibbing PW 1","D","Hibbing Public Works 1","Public Works","St. Louis County"
37788,939c,"Hibbing PW 2","D","Hibbing Public Works 2","Public Works","St. Louis County"
37792,93a0,"SU HWY VIR","D","County Highway Virginia Area","Public Works","St. Louis County"
37800,93a8,"SU 911","D","Hailing - Emergency Buttons","Emergency Ops","St. Louis County"
37801,93a9,"SU LAW S","D","Law Dispatch 1 - South","Law Dispatch","St. Louis County"
37802,93aa,"SU LAW N","D","Law Dispatch 2 - North","Law Dispatch","St. Louis County"
37803,93ab,"DULUTH PD DISP","D","Law Dispatch 3 - Duluth PD ","Law Dispatch","St. Louis County"
37804,93ac,"SU LAW ALT","D","Law Dispatch 4 - Alternate/Special Projects","Law Dispatch","St. Louis County"
37805,93ad,"SU LAW 5E","DE","Countywide 5","Law Tac","St. Louis County"
37806,93ae,"SU LAW 6E","DE","Countywide 6","Law Tac","St. Louis County"
37807,93af,"SU COMM 1","D","County Common 1","Multi-Tac","St. Louis County"
37808,93b0,"SU COMM 2","D","County Common 2","Multi-Tac","St. Louis County"
37809,93b1,"SU SO ADMIN","DE","Sheriff Admin","Law Talk","St. Louis County"
37810,93b2,"SU RESCUE 1","D","St. Louis Rescue 1","Fire-Talk","St. Louis County"
37811,93b3,"SU RESCUE 2","D","St. Louis Rescue 2","Fire-Talk","St. Louis County"
37812,93b4,"SU INFO 1","D","Countywide Info Channel","Law Tac","St. Louis County"
37813,93b5,"SU INFO 2","D","Countywide Alternate Info - Talkaround/Special Projects","Law Tac","St. Louis County"
37814,93b6,"Duluth","D","Duluth City","Multi-Talk","St. Louis County"
37837,93cd,"UMD PD Tac","DE","University of Minnesota Duluth Police Tactical","Law Tac","St. Louis County"
37842,93d2,"SU EVENT 1(old)","D","County Event 1 (old)","Multi-Tac","St. Louis County"
37843,93d3,"SU EVENT 2(old)","D","County Event 2 (old)","Multi-Tac","St. Louis County"
37844,93d4,"SU EVENT 3","D","County Event 3","Multi-Tac","St. Louis County"
37845,93d5,"SU EVENT 4","D","County Event 4","Multi-Tac","St. Louis County"
37848,93d8,"SU EVENT 1","D","County Event 1","Multi-Tac","St. Louis County"
37849,93d9,"SU EVENT 2","D","County Event 2","Multi-Tac","St. Louis County"
37850,93da,"SU FE1 N","D","South Fire EMS Dispatch - FE 1","Fire Dispatch","St. Louis County"
37851,93db,"SU FE2 S","D","North  Fire EMS Dispatch - FE 2","Fire Dispatch","St. Louis County"
37852,93dc,"SU FE 3","D","County Fire EMS 3","Fire-Tac","St. Louis County"
37853,93dd,"SU FE 4","D","County Fire EMS 4","Fire-Tac","St. Louis County"
37854,93de,"SU FE 5","D","County Fire EMS 5","Fire-Tac","St. Louis County"
37855,93df,"SU FE 6","D","County Fire EMS 6","Fire-Tac","St. Louis County"
37856,93e0,"SU FE 7","D","County Fire EMS 7","Fire-Tac","St. Louis County"
37857,93e1,"SU FE 8","D","County Fire EMS 8","Fire-Tac","St. Louis County"
37858,93e2,"SU FE 9","D","County Fire EMS 9","Fire-Tac","St. Louis County"
37859,93e3,"SU FE 10","D","County Fire EMS 10","Fire-Tac","St. Louis County"
37860,93e4,"SU FE 22","D","Fire - EMS Pool 23","Fire-Tac","St. Louis County"
37861,93e5,"SU FE 23","D","Fire - EMS Pool 24","Fire-Tac","St. Louis County"
37862,93e6,"SU FE 24","D","Fire - EMS Pool 25","Fire-Tac","St. Louis County"
37863,93e7,"SU FE 25","D","Fire - EMS Pool 26","Fire-Tac","St. Louis County"
37864,93e8,"SU FE 26","D","Fire - EMS Pool 27","Fire-Tac","St. Louis County"
37865,93e9,"SU FE 27","D","Fire - EMS Pool 28","Fire-Tac","St. Louis County"
37866,93ea,"SU FE 28","D","Fire - EMS Pool 29","Fire-Tac","St. Louis County"
37867,93eb,"SU FE 29","D","Fire - EMS Pool 30","Fire-Tac","St. Louis County"
37868,93ec,"COOK HOSP","D","Cook Hospital","Hospital","St. Louis County"
37869,93ed,"ELY BLM HOSP","D","Ely Bloomenson Community Hospital","Hospital","St. Louis County"
37870,93ee,"SU HOSP","D","Hospital","Hospital","St. Louis County"
37871,93ef,"ST LUKES HOSP","D","St. Lukes Hospital","Hospital","St. Louis County"
37872,93f0,"ST MARYS HOSP","D","St. Mary's Duluth","Hospital","St. Louis County"
37873,93f1,"HIBB HOSP","D","UMCM - Hibbing Hospital ","Hospital","St. Louis County"
37874,93f2,"VIRG HOSP","D","VRMC - Virginia Hospital","Hospital","St. Louis County"
37875,93f3,"N PINES HOSP","D","Northern Pines Medical Center","Hospital","St. Louis County"
37876,93f4,"COOK MEM HOSP","D","Cook Memorial Hospital","Hospital","St. Louis County"
37879,93f7,"ALBORN FD","D","Alborn VFD Admin","Fire-Tac","St. Louis County"
37880,93f8,"ARRWHD FD","D","Arrowhead VFD Admin","Fire-Tac","St. Louis County"
37881,93f9,"AURORA FIRE","D","Aurora FD Admin","Fire-Tac","St. Louis County"
37882,93fa,"BABBITT FD","D","Babbitt VFD Admin","Fire-Tac","St. Louis County"
37883,93fb,"FIRE TAC 883","D","Fire Tac 37883","Fire-Tac","St. Louis County"
37884,93fc,"BIWABIK FIRE","D","Biwabik City Fire EMS Admin","Fire-Tac","St. Louis County"
37885,93fd,"BEARVL FIRE","D","Bearville Township Fire","Fire-Tac","St. Louis County"
37886,93fe,"BRIMSON FIRE","D","Brimson FD Admin","Fire-Tac","St. Louis County"
37887,93ff,"FIRE TAC 887","D","Fire Tac 37887","Fire-Tac","St. Louis County"
37888,9400,"BUHL FIRE","D","Buhl Fire Admin","Fire-Tac","St. Louis County"
37889,9401,"BIWABIK TN FIRE","D","Biwabic Twp FD Admin ","Fire-Tac","St. Louis County"
37890,9402,"FIRE TAC 890","D","Fire Tac 37890","Fire-Tac","St. Louis County"
37891,9403,"CANOSIA FD","D","Canosia Township Fire Admin","Fire-Talk","St. Louis County"
37892,9404,"CNTL LAKES FD","D","Central Lakes Fire","Fire-Tac","St. Louis County"
37893,9405,"CLIFTON FD","D","Clifton Fire District Admin","Fire-Talk","St. Louis County"
37894,9406,"CHISHOLM FIRE","D","Chisholm Fire Admn","Fire-Tac","St. Louis County"
37895,9407,"CLIFTON VFD","D","Clifton VFD Admin","Fire-Tac","St. Louis County"
37896,9408,"CLINTON FIRE","D","Clinton Fire","Fire-Tac","St. Louis County"
37897,9409,"COLVIN FIRE","D","Colvin FD Admin","Fire-Tac","St. Louis County"
37898,940a,"COOK FD","D","Cook VFD Admin","Fire-Tac","St. Louis County"
37899,940b,"CHERRY FIRE","D","Cherry FD Admin -  Cotton VFD Admin","Fire-Tac","St. Louis County"
37900,940c,"CRANE LAKE FD","D","Crane Lake Fire Admin","Fire-Tac","St. Louis County"
37901,940d,"CULVER FD","D","Culver FD Admin","Fire-Talk","St. Louis County"
37902,940e,"FIRE TAC 902","D","Fire Tac 37902","Fire-Tac","St. Louis County"
37903,940f,"EVERGREEN FD","D","Evergreen Fire Admin ","Fire-Tac","St. Louis County"
37904,9410,"FIRE TAC 904","D","Fire Tac 37904","Fire-Tac","St. Louis County"
37905,9411,"EMBARRASS FD","D","Embarrass FD Admin","Fire-Tac","St. Louis County"
37906,9412,"FIRE TAC 906","D","Fire Tac 37906","Fire-Tac","St. Louis County"
37907,9413,"FIRE TAC 907","D","Fire Tac 37907","Fire-Tac","St. Louis County"
37908,9414,"EVELETH FIRE","D","Eveleth Fire - EMS ","Fire-Tac","St. Louis County"
37909,9415,"FAYAL FIRE","D","Fayal Fire Admin","Fire-Tac","St. Louis County"
37910,9416,"FREDENBERG FD","D","Fredenburg VFD Admin","Fire-Tac","St. Louis County"
37911,9417,"FRENCH FIRE","D","French Township Fire Admin","Fire-Tac","St. Louis County"
37912,9418,"FIRE TAC 912","D","Fire Tac 37912","Fire-Tac","St. Louis County"
37913,9419,"GILBERT FIRE","D","Gilbert Fire Admin","Fire-Talk","St. Louis County"
37914,941a,"GRAND LAKE FD","D","Grand Lake township Fire Admin","Fire-Talk","St. Louis County"
37915,941b,"GNESEN FIRE","D","Gnesen Township Fire Admin","Fire-Talk","St. Louis County"
37917,941d,"GRNWOOD FIRE","D","Greenwood Fire ","Fire-Talk","St. Louis County"
37918,941e,"HERMTWN FIRE","D","Hermantown FD Admin","Fire-Talk","St. Louis County"
37919,941f,"HIBBING FIRE","D","Hibbing Fire Adm ","Fire-Talk","St. Louis County"
37920,9420,"FIRE TAC 920","D","Fire Tac 37920","Fire-Tac","St. Louis County"
37921,9421,"HOYT FD EMS","D","Hoyt Lakes Fire/EMS","Fire Dispatch","St. Louis County"
37922,9422,"INDSTRL FD","D","Industrial VFD Admin","Fire-Talk","St. Louis County"
37923,9423,"INTL FLS FD","D","International Falls VFD","Fire-Talk","St. Louis County"
37924,9424,"KELSEY FD","D","Kelsey VFD Admin","Fire-Talk","St. Louis County"
37925,9425,"KINNEY FIRE","D","Kinney/Great Scott VFD Admin","Fire-Talk","St. Louis County"
37926,9426,"LAKELND FIRE","D","Lakeland FD Admin","Fire-Tac","St. Louis County"
37927,9427,"LAKEWOOD FD","D","Lakewood VFD Admin","Fire-Tac","St. Louis County"
37928,9428,"MAKINEN FIRE","D","Makinen FD Admin","Fire-Tac","St. Louis County"
37929,9429,"FIRE TAC 929","D","Fire Tac 37929","Fire-Tac","St. Louis County"
37930,942a,"MCDAVIT FIRE","D","McDavitt Fire Admin","Fire-Tac","St. Louis County"
37931,942b,"Makinen FD","D","Makinen VFD Admin","Fire-Tac","St. Louis County"
37932,942c,"McKinley FD","D","McKinley VFD Admin","Fire-Tac","St. Louis County"
37933,942d,"Mdwlnds FD","D","Meadowlands VFD Admin","Fire-Tac","St. Louis County"
37934,942e,"MRSFLLK FIRE","D","Morse Fall Lake VFD Admin ","Fire-Tac","St. Louis County"
37935,942f,"MT IRON FIRE","D","Mt. Iron Fire Admin ","Fire-Tac","St. Louis County"
37936,9430,"North Star FD","D","North Star VFD Admin","Fire-Tac","St. Louis County"
37937,9431,"NORMANA FIRE","D","Normanna VFD Admin","Fire-Tac","St. Louis County"
37938,9432,"Northland FD","D","Northland VFD Admin","Fire-Tac","St. Louis County"
37939,9433,"ORR FIRE","D","Orr Fire Admin","Fire-Tac","St. Louis County"
37940,9434,"PALO FIRE","D","Palo FD Admin","Fire-Tac","St. Louis County"
37941,9435,"PIKE SAND FD","D","Pike-Sandy Fire Admin.","Fire-Tac","St. Louis County"
37942,9436,"PSB PL FD","D","Pike Sandy Britt VFD - Pequaywan Lake VFD","Fire-Tac","St. Louis County"
37943,9437,"PROCTOR FD","D","Proctor VFD Admin","Fire-Tac","St. Louis County"
37944,9438,"RICE LK FIRE","D","Rice Lake Fire Admin","Fire-Tac","St. Louis County"
37945,9439,"SILICA FIRE","D","Silica Fire Admin","Fire-Tac","St. Louis County"
37946,943a,"SOLWAY FIRE","D","Solway VFD Admin","Fire-Tac","St. Louis County"
37947,943b,"TOIVOLA FIRE","D","Toivola VFD Admin","Fire-Tac","St. Louis County"
37948,943c,"TOWER FIRE","D","Tower VFD Admin ","Fire-Tac","St. Louis County"
37949,943d,"VERMIL LK FD","D","Vermillion Lake VFD Admin ","Fire-Tac","St. Louis County"
37950,943e,"VRGINIA FIRE","D","Virginia Fire Admin","Fire-Tac","St. Louis County"
37951,943f,"W BREVATOR FD","D","West Brevator VFD Admin","Fire-Tac","St. Louis County"
37952,9440,"Fire Tac (2)","D","Fire Tac (2)","Fire-Tac","St. Louis County"
37953,9441,"Fire Tac (3)","D","Fire Tac (3)","Fire-Tac","St. Louis County"
37954,9442,"Fire Tac (4)","D","Fire Tac (4)","Fire-Tac","St. Louis County"
37955,9443,"Fire Tac (5)","D","Fire Tac (5)","Fire-Tac","St. Louis County"
37956,9444,"Fire Tac (6)","D","Fire Tac (6)","Fire-Tac","St. Louis County"
37957,9445,"ELY FIRE","D","Ely Fire Admin","Fire-Tac","St. Louis County"
37958,9446,"GILBERT 1RES","D","Gilbert 1st Responders","EMS-Tac","St. Louis County"
37967,944f,"C-H Airport","D","Chisholm-Hibbing Airport","Public Works","St. Louis County"
37974,9456,"HCC LE TRN","D","Hibbing Community College Law Enforcement Training","Schools","St. Louis County"
37977,9459,"DIA MAINT","D","Duluth Airport Maintenace ","Public Works","St. Louis County"
37980,945c,"Chisholm PW","D","Chisholm Public Works","Public Works","St. Louis County"
37986,9462,"Virginia UT","D","Virginia Public Utilities","Utilities","St. Louis County"
37988,9464,"Virginia PW","D","Virginia Public Works","Public Works","St. Louis County"
37991,9467,"Gilbert DPW","D","Gilbert Public Works","Public Works","St. Louis County"
37995,946b,"DIA MAINT","D","Duluth Intl Airport Snow Removal","Public Works","St. Louis County"
38001,9471,"LK LAW 1","D","Law Main 1","Law Dispatch","Lake County"
38002,9472,"LK LAW 2","D","Law Main 2","Law Dispatch","Lake County"
38011,947b,"LK 11","D","Lake 11","Multi-Talk","Lake County"
38012,947c,"LK SCH BUS","D","County School Buses ","Schools","Lake County"
38013,947d,"LK FE 1","D","County Fire/EMS 1","Fire Dispatch","Lake County"
38014,947e,"LK FE 2","D","County Fire/EMS 2","Fire Dispatch","Lake County"
38015,947f,"LK FE 3","D","County Fire/EMS 3","Fire Dispatch","Lake County"
38021,9485,"LvHosp 2Harb","D","Lakeview Hospital Two Harbors","Hospital","Lake County"
38024,9488,"LK EVENT","D","Lake Event","Multi-Talk","Lake County"
38028,948c,"LK HWY","D","Highway Dept","Public Works","Lake County"
38029,948d,"LK HWY FIN","D","Highway Dept - Finland","Public Works","Lake County"
38032,9490,"CL POWER","D","Cooperative Light & Power","Utilities","Lake County"
38034,9492,"S CREEK DPW","D","Silver Creek Township DPW","Public Works","Lake County"
38035,9493,"LK FOREST","D","Lake County Forestry","Public Works","Lake County"
38038,9496,"LK PW","D","Public Works","Public Works","Lake County"
38041,9499,"LK LAW ADM","D","Sheriff/PD Admin","Law Tac","Lake County"
38042,949a,"LK CONN","D","Lake Connections Fiber ISP","Business","Lake County"
38052,94a4,"LK ANNOUNCE","D","Lake Announcement All","Multi-Dispatch","Lake County"
38200,9538,"CK LAW DSP","D","County Law Main","Law Dispatch","Cook County"
38202,953a,"CK PAGE","D","County Paging","Fire Dispatch","Cook County"
38204,953c,"CK Co 911","D","County 911","Multi-Tac","Cook County"
38205,953d,"CK DISP 1","D","Law Disp 1","Multi-Dispatch","Cook County"
38206,953e,"CK DISP 2","D","Law Disp 2","Multi-Dispatch","Cook County"
38207,953f,"CK DISP 3","D","Law Disp 3","Multi-Dispatch","Cook County"
38208,9540,"CK DISP 4","D","Law Disp 4","Multi-Dispatch","Cook County"
38209,9541,"CK DISP 5","D","Law Disp 5","Multi-Dispatch","Cook County"
38210,9542,"CK TAC1E","DE","Cook County Law TAC 1E","Law Tac","Cook County"
38217,9549,"CK ROAM","D","Roam","Multi-Dispatch","Cook County"
38222,954e,"CK HWY","D","Cook County Highway Dept","Public Works","Cook County"
38223,954f,"COOK","D","Cook County","Multi-Tac","Cook County"
38227,9553,"CK BUSES","D","Cook County School Dist Buses","Transportation","Cook County"
38238,955e,"HOV FIRE","D","Hovland Fire Tac","Fire-Tac","Cook County"
38239,955f,"G PORT FIRE","D","Grand Portage Fire Tac","Fire-Tac","Cook County"
38240,9560,"GF TRAIL FD","D","Gun Flint Fire Tac","Fire-Tac","Cook County"
38244,9564,"AR COOP","D","Arrowhead Coop - Broadband","Utilities","Cook County"
38247,9567,"CK NS HOSP","D","Cook County North Shore Hospital","Hospital","Cook County"
38400,9600,"CA LAW ALL","D","Law All ","Emergency Ops","Cass County"
38401,9601,"CA LAW 1","D","Law Dispatch 1","Law Dispatch","Cass County"
38402,9602,"CA LAW 2","D","Law Dispatch 2","Law Dispatch","Cass County"
38403,9603,"CA LAW 3","D","Law Dispatch 3","Law Dispatch","Cass County"
38404,9604,"CA LAW 4 C","D","Law C2C 4","Law Tac","Cass County"
38405,9605,"CA LAW REC","D","Recreational Enf.","Law Tac","Cass County"
38406,9606,"CA PROBTN","D","Probation","Corrections","Cass County"
38407,9607,"CA LE 1E","DE","LAW 1E","Law Tac","Cass County"
38408,9608,"CA LE 2E","DE","LAW 2E","Law Tac","Cass County"
38409,9609,"CA JAIL","D","Jail - Detention","Corrections","Cass County"
38414,960e,"CA FIRE ALL","D","FIRE ALL","Fire Dispatch","Cass County"
38415,960f,"CA FIRE 1","D","FIRE 1","Fire Dispatch","Cass County"
38416,9610,"CA FIRE 2","D","FIRE 2","Fire Dispatch","Cass County"
38417,9611,"CA FIRE 3","D","FIRE 3","Fire-Tac","Cass County"
38418,9612,"CA FIRE 4","D","FIRE 4","Fire-Tac","Cass County"
38419,9613,"CA FIRE AD1","D","Fire Admin 1","Fire-Tac","Cass County"
38420,9614,"CA FIRE AD2","D","Fire Admin 2","Fire-Tac","Cass County"
38421,9615,"CA FIRE AD3","D","Fire Admin 3","Fire-Tac","Cass County"
38422,9616,"CA EMS ALL","D","EMS ALL","Fire-Tac","Cass County"
38423,9617,"CA EMS 1","D","EMS Dispatch 1","EMS Dispatch","Cass County"
38424,9618,"CA EMS 2","D","EMS Dispatch 2","EMS Dispatch","Cass County"
38425,9619,"CA EMS 3","D","EMS 3","EMS-Tac","Cass County"
38426,961a,"CA EMS 4","D","EMS 4","EMS-Tac","Cass County"
38427,961b,"CA EMS 5","D","EMS 5","EMS-Tac","Cass County"
38428,961c,"CA EMS 6","D","EMS 6","EMS-Tac","Cass County"
38429,961d,"CA EMS 7","D","EMS 7","EMS-Tac","Cass County"
38430,961e,"CA EMS 8","D","EMS 8","EMS-Tac","Cass County"
38433,9621,"CA COM 5","D","Common 5","Multi-Tac","Cass County"
38434,9622,"CA COM 6","D","Common 6","Multi-Tac","Cass County"
38435,9623,"CA COM 7","D","Common 7","Multi-Tac","Cass County"
38436,9624,"CA COM 8","D","Common 8","Multi-Tac","Cass County"
38437,9625,"CA Emerg","D","Emergency Button","Multi-Tac","Cass County"
38439,9627,"CA ROAM","D","County Roaming","Multi-Dispatch","Cass County"
38440,9628,"CA VHF 1","D","VHF Common Patch 1","Interop","Cass County"
38441,9629,"CA VHF 2","D","VHF Common Patch 2","Interop","Cass County"
38445,962d,"CA EVENT 1","D","Event 1","Multi-Tac","Cass County"
38446,962e,"CA EVENT 2","D","Event 2","Multi-Tac","Cass County"
38447,962f,"CA HWY","D","Highway Dept","Public Works","Cass County"
38456,9638,"CA SHIN PW","D","Shingobee Township Public Works","Public Works","Cass County"
38460,963c,"Hack FD Adm","D","Hackensack Fire Administration","Fire-Talk","Cass County"
38463,963f,"PillgrFD Adm","D","Pillager Fire Adminstration","Fire-Talk","Cass County"
38464,9640,"PineRivFDAdm","D","Pine River Fire Administration","Fire-Talk","Cass County"
38465,9641,"Remer FD Adm","D","Remer Fire Administration","Fire-Talk","Cass County"
38468,9644,"CASS LK SCHL","D","Cass Lake - Bena School Admin","Schools","Cass County"
38469,9645,"PIN RVR SCHL","D","Pine River - Backus School Admin","Schools","Cass County"
38470,9646,"PEQUOT SCHL","D","Pequot Lakes School Admin","Schools","Cass County"
38471,9647,"NLAND SCHL","D","Northland School - Remer Admin","Schools","Cass County"
38472,9648,"WK HK AK SCH","D","Walker - Hackensack - Akeley School Admin","Schools","Cass County"
38476,964c,"PR-BAK BUS","D","Pine River - Backus School Buses","Schools","Cass County"
38479,964f,"WK HK AK BUS","D","Walker - Hackensack - Akeley School Buses","Schools","Cass County"
38481,9651,"CA CLB SCHL","D","Cass Lake-Bena Public Schools","Schools","Cass County"
38600,96c8,"CW ROAM","D","County Roam","Multi-Talk","Crow Wing County"
38601,96c9,"CW LAW 1","D","Law Main 1 Brainerd/Baxter Police","Law Dispatch","Crow Wing County"
38602,96ca,"CW SO ADM","D","Law Admin","Law Dispatch","Crow Wing County"
38603,96cb,"CW LAW 2","D","Law Main 2 Sheriff/Police","Law Dispatch","Crow Wing County"
38604,96cc,"CW LAW DSP","D","Law Dispatch was Patch 155.430","Law Dispatch","Crow Wing County"
38605,96cd,"CW LAW 3","D","Law Main 3","Law Dispatch","Crow Wing County"
38606,96ce,"CW LAW 4","D","Law Main 4","Law Dispatch","Crow Wing County"
38607,96cf,"CW LAW","D","Law 38607","Law Talk","Crow Wing County"
38610,96d2,"CW LAW C2C","D","Law Car to Car","Law Talk","Crow Wing County"
38611,96d3,"CW L TAC 1","De","Law TAC 1","Law Tac","Crow Wing County"
38612,96d4,"CW L TAC 2","De","Law TAC 2","Law Tac","Crow Wing County"
38613,96d5,"CW L TAC 3","De","Law TAC 3","Law Tac","Crow Wing County"
38614,96d6,"CW L TAC 4","De","Law TAC 4","Law Tac","Crow Wing County"
38615,96d7,"CW FIRE 1","D","County Fire Main 1","Fire Dispatch","Crow Wing County"
38616,96d8,"CW FIRE 2","D","Fire Tactical 2","Fire-Tac","Crow Wing County"
38617,96d9,"CW FIRE 3","D","Fire Tactical 3","Fire-Tac","Crow Wing County"
38618,96da,"CW FIRE 4","D","Fire Tactical 4","Fire-Tac","Crow Wing County"
38619,96db,"CW BRD FDADM","D","Brainerd Fire Admin","Fire-Talk","Crow Wing County"
38620,96dc,"CW FD AD 1","D","Fire Administration 1","Fire-Talk","Crow Wing County"
38621,96dd,"CW FD AD 2","D","Fire Administration 2","Fire-Talk","Crow Wing County"
38622,96de,"CW 38622","D","Crow Wing County","Multi-Tac","Crow Wing County"
38623,96df,"CW EMS 1","D","County EMS Dispatch 1","EMS Dispatch","Crow Wing County"
38624,96e0,"CW EMS 2","D","EMS Tactical 2","EMS-Tac","Crow Wing County"
38625,96e1,"CW EMS 3","D","EMS Tactical 3 ","EMS-Tac","Crow Wing County"
38626,96e2,"CW CRMC","D","Crow Wing Medical Center Emergency Room","Hospital","Crow Wing County"
38627,96e3,"CW EMS 627","D","Crow Wing EMS 627","EMS-Tac","Crow Wing County"
38628,96e4,"CW SJMC ER","D","St Joseph Hospital Brainerd Emergency Room","Hospital","Crow Wing County"
38629,96e5,"CW SJMC SEC","D","St Joseph Hospital Brainerd Security","Security","Crow Wing County"
38631,96e7,"CW CD ADM","D","Civil Defense Admin ","Emergency Ops","Crow Wing County"
38632,96e8,"CW PS COM 6","D","Crow Wing Common 6","Multi-Tac","Crow Wing County"
38633,96e9,"CW PS COM 7","D","Crow Wing Common 7","Multi-Tac","Crow Wing County"
38634,96ea,"CW PS COM 8","D","Crow Wing Common 8","Multi-Tac","Crow Wing County"
38635,96eb,"CW PS COM 9","D","Crow Wing Common 9","Multi-Tac","Crow Wing County"
38638,96ee,"CW 911","D","Crow Wing 911","Multi-Dispatch","Crow Wing County"
38639,96ef,"CW EM","D","Crow Wing Co Emergency Management","Emergency Ops","Crow Wing County"
38640,96f0,"CW EVENT 1","D","Event 1","Multi-Tac","Crow Wing County"
38641,96f1,"CW EVENT 2","D","Event 2","Multi-Tac","Crow Wing County"
38642,96f2,"CW BRD AIR","D","Brainerd Airport Ops ARFF","Multi-Talk","Crow Wing County"
38646,96f6,"CW PS COM 10","D","Crow Wing Common 10","Multi-Tac","Crow Wing County"
38647,96f7,"CW PS COM 11","D","Crow Wing Common 11","Multi-Tac","Crow Wing County"
38648,96f8,"CW HWY MAIN","D","Crow Wing Co Highway Main","Public Works","Crow Wing County"
38649,96f9,"CW HWY ADM 1","D","Crow Wing Co Highway Admin 1","Public Works","Crow Wing County"
38650,96fa,"CW HWY ADM 2","D","Crow Wing Co Highway Admin 2","Public Works","Crow Wing County"
38651,96fb,"CW CO MAINT","D","County Maintenance Operations  ","Public Works","Crow Wing County"
38654,96fe,"CW 38654","D","CW 38654","Multi-Talk","Crow Wing County"
38655,96ff,"CW BRDPD AD","D","Brainerd Police Admin","Law Talk","Crow Wing County"
38656,9700,"CW BRD ELECT","D","Brainerd Electric Utility","Utilities","Crow Wing County"
38657,9701,"CW BRD PW1","D","Brainerd Public Works 1","Public Works","Crow Wing County"
38658,9702,"CROW 38658 PW","D","Crow Wing County PW","Public Works","Crow Wing County"
38659,9703,"CW BAXTER PW","D","Baxter Public Works","Public Works","Crow Wing County"
38661,9705,"CW BREEZY PW","D","Breezy Point Public Works","Public Works","Crow Wing County"
38665,9709,"CW CL PW","D","Crosslake Public Works","Public Works","Crow Wing County"
38666,970a,"CW CL FDADM","D","Crosslake Fire Admin","Fire-Talk","Crow Wing County"
38674,9712,"FIFTY LKS ADM","D","Fifty Lakes Admin","Multi-Talk","Crow Wing County"
38675,9713,"CW IDEAL PW","D","Ideal Township Public Works","Public Works","Crow Wing County"
38676,9714,"CW IDEAL FD TAC","D","Ideal Township Fire Tac","Fire-Tac","Crow Wing County"
38678,9716,"CW 38678","D","Crow Wing County","Multi-Talk","Crow Wing County"
38679,9717,"CW NISSWA PW","D","Nisswa Public Works","Public Works","Crow Wing County"
38680,9718,"CW NISSWA ADM","D","Nisswa Fire/Police Admin","Multi-Talk","Crow Wing County"
38681,9719,"CW PEQ DPW","D","Pequot Lakes DPW","Public Works","Crow Wing County"
38682,971a,"CW PEQ ADM","D","Pequot Lakes Admin ","Multi-Talk","Crow Wing County"
38683,971b,"CW SCHL 1","D","Crow Wing Co School 1","Schools","Crow Wing County"
38684,971c,"CW SCHL 2","D","Crow Wing Co School 2","Schools","Crow Wing County"
38685,971d,"CW SCHL 3","D","Crow Wing Co School 3","Schools","Crow Wing County"
38686,971e,"CW SCHL 4","D","Crow Wing Co School 4","Schools","Crow Wing County"
38692,9724,"CW CLC SEC","D","Central Lakes College Campus Security","Security","Crow Wing County"
38693,9725,"CW CLC ADMIN","D","Central Lakes College Admin ","Schools","Crow Wing County"
38695,9727,"PEQ LKS SCHL","D","Pequot Lakes School District Operations","Schools","Crow Wing County"
38696,9728,"CW EMS COM","D","EMS Common","EMS-Tac","Crow Wing County"
38697,9729,"CW JAIL","D","Jail","Corrections","Crow Wing County"
38699,972b,"MISSION ADM","D","Mission Township Administration","Public Works","Crow Wing County"
38700,972c,"LL LAW ALL","D","Leech Lake Law ALL","Law Dispatch","Leech Lake Band of Ojibwe "
38701,972d,"LL LAW 1","D","Leech Lake Tribal Police Law 1","Law Dispatch","Leech Lake Band of Ojibwe "
38702,972e,"LL LAW 2","D","Leech Lake Tribal Police Law 2","Law Dispatch","Leech Lake Band of Ojibwe "
38703,972f,"LL LAW 3E","DE","Leech Lake Tribal Law 3","Law Dispatch","Leech Lake Band of Ojibwe "
38704,9730,"LL LAW C2C","D","Leech Lake Law Car 2 Car","Law Talk","Leech Lake Band of Ojibwe "
38705,9731,"LL CONSERV","D","Leech Lake Conservation Officers","Law Talk","Leech Lake Band of Ojibwe "
38706,9732,"LL LAW TF","DE","Leech Lake Task Force","Law Tac","Leech Lake Band of Ojibwe "
38707,9733,"LL ERT","DE","Leech Lake Emergency Team","Law Tac","Leech Lake Band of Ojibwe "
38708,9734,"LL LAW ADM","D","Leech Lake Law Admin","Law Talk","Leech Lake Band of Ojibwe "
38709,9735,"LL EMS AL","D","Leech Lake EMS All","EMS Dispatch","Leech Lake Band of Ojibwe "
38710,9736,"LL EMS 1","D","Leech Lake EMS 1 Dispatch","EMS Dispatch","Leech Lake Band of Ojibwe "
38711,9737,"LL EMS 2","D","Leech Lake EMS 2 Dispatch","EMS Dispatch","Leech Lake Band of Ojibwe "
38712,9738,"LL EMS ADM","D","Leech Lake EMS Admin","EMS-Talk","Leech Lake Band of Ojibwe "
38713,9739,"LL FR","D","Leech Lake First Responders","EMS-Talk","Leech Lake Band of Ojibwe "
38714,973a,"LL IHS HOSP","D","Indian Health Services Hospital Cass Lake","Hospital","Leech Lake Band of Ojibwe "
38715,973b,"LL DRM FIRE","D","Leech Lake Wildland Fire DRM Ops 1","Fire-Tac","Leech Lake Band of Ojibwe "
38716,973c,"LL DRM Ops 2","D","Leech Lake Resources Mgmt. DRM OPS 2","Fire-Tac","Leech Lake Band of Ojibwe "
38717,973d,"LL ALL","D","Leech Lake All Call","Multi-Talk","Leech Lake Band of Ojibwe "
38718,973e,"LL COM 1","D","Leech Lake Common 1","Multi-Talk","Leech Lake Band of Ojibwe "
38719,973f,"LL COM 2","D","Leech Lake Common 2","Multi-Talk","Leech Lake Band of Ojibwe "
38720,9740,"LL 911","D","Leech Lake 911 Buttons","Emergency Ops","Leech Lake Band of Ojibwe "
38721,9741,"LL EMERG","D","Leech Lake Emergency","Emergency Ops","Leech Lake Band of Ojibwe "
38722,9742,"LL ROAM","D","Leech Lake Roaming","Multi-Talk","Leech Lake Band of Ojibwe "
38723,9743,"LL VHF 1","D","Leech Lake VHF Patch 1","Interop","Leech Lake Band of Ojibwe "
38724,9744,"LL VHF 2","D","Leech Lake VHF Patch 2","Interop","Leech Lake Band of Ojibwe "
38725,9745,"LL EVENT 1","D","Leech Lake Event 1","Multi-Talk","Leech Lake Band of Ojibwe "
38726,9746,"LL EVENT 2","D","Leech Lake Event 2","Multi-Talk","Leech Lake Band of Ojibwe "
38727,9747,"LL HWY 1","D","Leech Lake Hwy Dept 1","Public Works","Leech Lake Band of Ojibwe "
38728,9748,"LL HWY 2","D","Leech Lake Hwy Dept 2","Public Works","Leech Lake Band of Ojibwe "
38729,9749,"LL TRANSIT 1","D","Leech Lake Transit 1","Transportation","Leech Lake Band of Ojibwe "
38730,974a,"LL TRANSIT 2","D","Leech Lake Transit 2","Transportation","Leech Lake Band of Ojibwe "
38731,974b,"LL GAMING","D","Leech Lake Casino Gaming","Business","Leech Lake Band of Ojibwe "
38732,974c,"LL PW 1","D","Leech Lake Public Works 1","Public Works","Leech Lake Band of Ojibwe "
38733,974d,"LL PW 2","D","Leech Lake Public Works 2","Public Works","Leech Lake Band of Ojibwe "
38734,974e,"LL PW 3","D","Leech Lake Public Works 2","Public Works","Leech Lake Band of Ojibwe "
38735,974f,"LL BUSES","D","Leech Lake Head Start Buses","Transportation","Leech Lake Band of Ojibwe "
38736,9750,"LL SCHOOL 1","D","Leech Lake Schools 1","Schools","Leech Lake Band of Ojibwe "
38737,9751,"LL SCHOOL 2","D","Leech Lake Schools 2","Schools","Leech Lake Band of Ojibwe "
38800,9790,"SO ADMIN","D","SHERIFFS OFFICE ADMIN","Law Talk","Itasca County"
38802,9792,"IT SAR","D","SEARCH & RESCUE","Emergency Ops","Itasca County"
38804,9794,"IT DTF","D","DRUG TASK FORCE","Law Tac","Itasca County"
38806,9796,"IT ERT","D","EMERGENCY RESPONCE TEAM","Law Tac","Itasca County"
38808,9798,"IT LAND","D","LAND DEPT","Public Works","Itasca County"
38812,979c,"IT LAW 1","D","LAW 1","Law Dispatch","Itasca County"
38814,979e,"IT LAW 2","D","LAW 2","Law Dispatch","Itasca County"
38816,97a0,"IT LAW 3","D","LAW 3","Law Dispatch","Itasca County"
38818,97a2,"IT LAW 4E","DE","LAW 4E","Law Dispatch","Itasca County"
38820,97a4,"IT FIRE 1","D","FIRE 1","Fire Dispatch","Itasca County"
38822,97a6,"IT FIRE 2","D","FIRE 2","Fire-Tac","Itasca County"
38824,97a8,"IT PAGING","D","PAGING","Fire Dispatch","Itasca County"
38826,97aa,"IT FIRE 4","D","Fire 4","Fire-Tac","Itasca County"
38828,97ac,"IT EMS 1","D","EMS 1","EMS-Tac","Itasca County"
38830,97ae,"IT EMS 2","D","EMS 2","EMS-Tac","Itasca County"
38832,97b0,"IT PS COMM 2","D","PUBLIC SAFETY COMMON 2","Multi-Talk","Itasca County"
38834,97b2,"IT PS COMM 3","D","PUBLIC SAFETY COMMON 3","Multi-Talk","Itasca County"
38836,97b4,"IT PS COMM 4","D","PUBLIC SAFETY COMMON 4","Multi-Talk","Itasca County"
38838,97b6,"IT MNSEF","D","MNSEF/Patch","Interop","Itasca County"
38840,97b8,"IT EVENT 3","D","EVENT 3","Multi-Talk","Itasca County"
38842,97ba,"IT EVENT 4","D","EVENT 4","Multi-Talk","Itasca County"
38844,97bc,"IT EVENT 1","D","EVENT 1","Multi-Talk","Itasca County"
38846,97be,"IT EVENT 2","D","EVENT 2","Multi-Talk","Itasca County"
38848,97c0,"IT CALL","D","CALL","Multi-Dispatch","Itasca County"
38850,97c2,"IT EVENT 5","D","EVENT 5","Multi-Talk","Itasca County"
38852,97c4,"IT EVENT 6","D","EVENT 6","Multi-Talk","Itasca County"
38854,97c6,"IT EVENT 7","D","EVENT 7","Multi-Talk","Itasca County"
38860,97cc,"GRAND ITASCA","D","GRAND ITASCA HOSPITAL","Hospital","Itasca County"
38862,97ce,"IT ROADS","D","ROADS","Public Works","Itasca County"
38864,97d0,"IT PROB","D","PROBATION","Corrections","Itasca County"
38866,97d2,"GRPD ADMIN","DE","GRAND RAPIDS POLICE DEPT ADMIN","Law Talk","Itasca County"
38870,97d6,"GR CITY","D","GRAND RAPIDS CITY","Multi-Talk","Itasca County"
38872,97d8,"CPD ADMIN","D","COLERAINE POLICE DEPT ADMIN","Law Talk","Itasca County"
38874,97da,"DRPD ADMIN","D","DEER RIVER POLICE DEPT ADMIN","Law Talk","Itasca County"
38876,97dc,"KPD ADMIN","D","KEEWATIN POLICE DEPT ADMIN","Law Talk","Itasca County"
38878,97de,"NPD ADMIN","D","NASHWAUK POLICE DEPT ADMIN","Law Talk","Itasca County"
38880,97e0,"BFD ADMIN","D","BALSAM FIRE DEPT ADMIN","Fire-Talk","Itasca County"
38882,97e2,"BFFD ADMIN","D","BIGFORK FIRE DEPT ADMIN","Fire-Talk","Itasca County"
38884,97e4,"BOVEY FIRE","D","Bovey Fire Admin","Fire-Talk","Itasca County"
38888,97e8,"CFD ADMIN","D","COHASSET FIRE DEPT ADMIN","Fire-Talk","Itasca County"
38890,97ea,"TLFD ADMIN","D","TROUT LAKE FIRE DEPT ADMIN","Fire-Talk","Itasca County"
38892,97ec,"DRFD ADMIN","D","DEER RIVER FIRE DEPT ADMIN","Fire-Talk","Itasca County"
38894,97ee,"GFD ADMIN","D","GOODLAND FIRE DEPT ADMIN","Fire-Talk","Itasca County"
38896,97f0,"GRFD ADMIN","D","GRAND RAPIDS FIRE DEPT ADMIN","Fire-Talk","Itasca County"
38898,97f2,"KFD ADMIN","D","KEEWATIN FIRE DEPT ADMIN","Fire-Talk","Itasca County"
38900,97f4,"GWFD ADMIN","D","GREENWAY FIRE DEPT ADMIN","Fire-Talk","Itasca County"
38902,97f6,"NFD ADMIN","D","NASHWAUK FIRE DEPT ADMIN","Fire-Talk","Itasca County"
38904,97f8,"SLFD ADMIN","D","SQUAW LAKE FIRE DEPT ADMIN","Fire-Talk","Itasca County"
38906,97fa,"TFD ADMIN","D","TACONITE FIRE DEPT ADMIN","Fire-Talk","Itasca County"
38908,97fc,"WFD ADMIN","D","WARBA FIRE DEPT ADMIN","Fire-Talk","Itasca County"
38910,97fe,"BF AMB ADMIN","D","BIGFORK AMBULANCE ADMIN","Fire-Talk","Itasca County"
38912,9800,"BLFD ADMIN","D","BUCK LAKE FIRE DEPT ADMIN","Fire-Talk","Itasca County"
38914,9802,"DR AMB ADMIN","D","DEER RIVER AMBULANCE ADMIN","EMS-Talk","Itasca County"
38916,9804,"MEDS1 AMB ADMIN","D","MEDS-1 AMBULANCE ADMIN","EMS-Talk","Itasca County"
38918,9806,"NW AMB ADMIN","D","NASHWAUK AMBULANCE ADMIN","EMS-Talk","Itasca County"
38924,980c,"COHASSET PW","D","COHASSET PUBLIC WORKS","Public Works","Itasca County"
38926,980e,"DEER RIVER PW","D","DEER RIVER PUBLIC WORKS","Public Works","Itasca County"
38928,9810,"GRAND RAPIDS PW","D","GRAND RAPIDS PUBLIC WORKS","Public Works","Itasca County"
38932,9814,"COLERAINE PW","D","COLERAINE PUBLIC WORKS","Public Works","Itasca County"
38934,9816,"IT LAW TAC","De","LAW TAC","Law Tac","Itasca County"
38936,9818,"IT FIRE TAC","D","FIRE TAC","Fire-Tac","Itasca County"
38938,981a,"IT EMS TAC","D","EMS TAC","EMS-Tac","Itasca County"
38940,981c,"IT ALL LAW","D","ALL LAW","Law Talk","Itasca County"
38942,981e,"IT ALL FIRE","D","ALL FIRE","Fire-Talk","Itasca County"
38944,9820,"IT ALL EMS","D","ALL EMS","EMS-Talk","Itasca County"
38946,9822,"IT JAIL","D","JAIL","Corrections","Itasca County"
38954,982a,"IT PS COMM 1","D","PUBLIC SAFETY COMMON 1","Multi-Talk","Itasca County"
38960,9830,"DR ESSENTIA","D","DEER RIVER ESSENTIA HOSPITAL","Ham","Itasca County"
38962,9832,"BIGFORK VALLEY","D","BIGFORK VALLEY HOSPITAL","Ham","Itasca County"
38964,9834,"ISD318 GR BUS","D","ISD 318 GRAND RAPIDS BUS","Transportation","Itasca County"
38966,9836,"ISD318 BF BUS","D","ISD 318 BIGFORK BUS","Transportation","Itasca County"
38968,9838,"GRHS","D","GRAND RAPIDS HIGH SCHOOL","Schools","Itasca County"
38970,983a,"RJEMS","D","ROBERT J ELKINGTON MIDDLE SCHOOL","Schools","Itasca County"
38972,983c,"ISD318 BUS","D","ISD 318 TRANSPORTATION","Transportation","Itasca County"
39000,9858,"KC ROAM","D","County Roam","Multi-Dispatch","Koochiching County"
39001,9859,"KC LAW","D","Law Dispatch","Law Dispatch","Koochiching County"
39002,985a,"KC 2","D","Koochiching County 2","Multi-Talk","Koochiching County"
39005,985d,"KC FIRE","D","KOOCH FIRE","Fire Dispatch","Koochiching County"
39006,985e,"KC EMS 1","D","KOOCH EMS 1","EMS-Talk","Koochiching County"
39025,9871,"KC EMS 2","D","EMS to I Falls Hospital","EMS-Talk","Koochiching County"
39029,9875,"KC EMS 3","D","Koochiching EMS Dispatch","EMS Dispatch","Koochiching County"
39039,987f,"KC IF PW","D","International Falls DPW","Public Works","Koochiching County"
39043,9883,"KC SCHL BUS","D","County School Buses Main","Schools","Koochiching County"
39200,9920,"EMSMM-DLH-DI","D","Mayo Duluth Dispatch","EMS Dispatch","St. Louis County"
39201,9921,"EMSMM-DLH-AM","D","Mayo Duluth Patient Update","EMS-Tac","St. Louis County"
39202,9922,"EMSMM-DLH-O1","D","Mayo Duluth Operations 1","EMS-Tac","St. Louis County"
39203,9923,"EMSMM-DLH-O2","D","Mayo Duluth Operations 2","EMS-Tac","St. Louis County"
43000,a7f8,"MO EMRG","D","Emergency","Multi-Dispatch","Morrison County"
43002,a7fa,"MO ROAM","D","County Roam","Multi-Dispatch","Morrison County"
43004,a7fc,"MO 3","D","MO 3","Multi-Tac","Morrison County"
43006,a7fe,"MO 4","D","MO 4","Multi-Tac","Morrison County"
43008,a800,"MO 5","D","MO 5","Multi-Tac","Morrison County"
43010,a802,"MO 6","D","MO 6","Multi-Tac","Morrison County"
43012,a804,"MO 7","D","MO 7","Multi-Tac","Morrison County"
43014,a806,"MO 8","D","MO 8","Multi-Tac","Morrison County"
43016,a808,"MO 9","D","MO 9","Multi-Tac","Morrison County"
43018,a80a,"MO 10","DE","MO 10","Multi-Tac","Morrison County"
43020,a80c,"MO SO DISP","D","Sheriff 1 Dispatch","Law Dispatch","Morrison County"
43022,a80e,"MO SO CC","D","Law Enforcement 2 Car to Car","Law Tac","Morrison County"
43030,a816,"MO LFPD ADM","D","Little Falls Police","Law Tac","Morrison County"
43032,a818,"MO JAIL OP","D","County Jail","Corrections","Morrison County"
43040,a820,"MO FIRE","D","County Fire Dispatch","Fire Dispatch","Morrison County"
43042,a822,"BOWLUS FIRE","D","Bowlus Fire Admin","Fire-Tac","Morrison County"
43044,a824,"FLENSBG FIRE","D","Flensburg Fire Admin","Fire-Tac","Morrison County"
43046,a826,"MO LFFD ADM","D","Little Falls Fire Admin","Fire-Tac","Morrison County"
43048,a828,"MOTLEY FIRE","D","Motley Fire Admin","Fire-Tac","Morrison County"
43050,a82a,"MLMB FIRE","D","MLMB Fire Admin","Fire-Tac","Morrison County"
43052,a82c,"PIERZ FIRE","D","Pierz Fire Admin","Fire-Tac","Morrison County"
43054,a82e,"RANDALL FIRE","D","Randall Fire Admin","Fire-Tac","Morrison County"
43056,a830,"ROYALTN FIRE","D","Royalton Fire Admin","Fire-Tac","Morrison County"
43058,a832,"SCN VLY FIRE","D","Scandia Valley Fire Admin - Lincoln","Fire-Tac","Morrison County"
43060,a834,"SWANVL FIRE","D","Swanville Fire Admin","Fire-Tac","Morrison County"
43062,a836,"UPSALA FIRE","D","Upsala Fire Admin","Fire-Tac","Morrison County"
43064,a838,"MO HWY 1","D","Highway Dept 1","Public Works","Morrison County"
43066,a83a,"MO HWY 2","D","Highway Dept 2","Public Works","Morrison County"
43068,a83c,"MO HWY 3","D","Highway Dept 3","Public Works","Morrison County"
43074,a842,"L FALLS PW","D","Little Falls Public Works","Public Works","Morrison County"
43076,a844,"MO CO","D","Morrison Co","Multi-Tac","Morrison County"
43078,a846,"EMSMM-LFS-DI","D","Mayo EMS Dispatch","EMS Dispatch","Morrison County"
43084,a84c,"HART FR Admin","D","HART First Responders Admin","EMS-Talk","Morrison County"
43096,a858,"EMH St GB","D","St. Gabrial's ER	CHI St. Gabrial's Hospital - Little Falls","Hospital","Central Minnesota EMS Hailing "
43200,a8c0,"MI-3","D","MI-3","Multi-Tac","Mille Lacs County"
43202,a8c2,"MI-4","D","MI-4","Multi-Tac","Mille Lacs County"
43204,a8c4,"MI-5","D","MI-5","Multi-Tac","Mille Lacs County"
43206,a8c6,"MI-6","D","MI-6","Multi-Tac","Mille Lacs County"
43208,a8c8,"MI TRIBE LAW 1","D","Mille Lacs Tribal Law 1","Law Dispatch","Mille Lacs Band of Ojibwe"
43210,a8ca,"MI ROAM","D","Roaming","Multi-Dispatch","Mille Lacs County"
43214,a8ce,"MI ALL CAL","D","County All Call","Multi-Dispatch","Mille Lacs County"
43216,a8d0,"MI FIRE","D","County Fire","Fire Dispatch","Mille Lacs County"
43230,a8de,"MI PRNC FDAD","D","Princeton Fire Dept Admin","Fire-Talk","Mille Lacs County"
43234,a8e2,"MI SO C2C","D","Sheriff Car to Car","Law Talk","Mille Lacs County"
43236,a8e4,"MI SO TAC","D","Sheriff Tac 43236","Law Tac","Mille Lacs County"
43238,a8e6,"MI SO TAC","D","Sheriff Tac 43238","Law Tac","Mille Lacs County"
43248,a8f0,"MI SO DISP","D","Sheriff Dispatch","Law Dispatch","Mille Lacs County"
43260,a8fc,"MI SO TAC","D","Sheriff Tac 43260","Law Tac","Mille Lacs County"
43266,a902,"MI PRNC PW","D","Princeton Public Works","Public Works","Mille Lacs County"
43270,a906,"MI ROAM","D","County Roam","Multi-Dispatch","Mille Lacs County"
43276,a90c,"Onamia Hosp","D","Onamia Hospital ER","EMS-Talk","Mille Lacs County"
43282,a912,"MI EMS CALL","D","Mille Lacs Co EMS Call","EMS Dispatch","Mille Lacs County"
43288,a918,"MI HWY","D","County Hwy Dept","Public Works","Mille Lacs County"
43320,a938,"MI FIRE CM","D","Fire Common","Fire-Tac","Mille Lacs County"
44944,af90,"MSP 2900 DSP","D","Detroit Lakes "2900" Dispatch","Law Dispatch","Minnesota Department of Public Safety - State Patrol"
44945,af91,"MSP 2900 RM","D","Detroit Lakes "2900" Roaming","Law Dispatch","Minnesota Department of Public Safety - State Patrol"
44946,af92,"MSP 2900 T 2","D","Detroit Lakes "2900" TAC 2","Law Tac","Minnesota Department of Public Safety - State Patrol"
44947,af93,"MSP 2900 A I","D","Detroit Lakes "2900" Accident Investigation","Law Tac","Minnesota Department of Public Safety - State Patrol"
44948,af94,"MSP 2900 T 1","D","Detroit Lakes "2900" TAC 1","Law Tac","Minnesota Department of Public Safety - State Patrol"
44950,af96,"MSP 2900 ALL","D","Detroit Lakes "2900" TAC 3 - All Call","Law Tac","Minnesota Department of Public Safety - State Patrol"
47102,b7fe,"EMH DG","D","Douglas County Hospital Pt. Info	Douglas County Hospital - Alexandria","Hospital","Central Minnesota EMS Hailing "
48134,bc06,"NW TAC","D","NW Tac","Multi-Tac","Zone 6 Interoperability NW"
48400,bd10,"MSP 3200 DSP","D","Thief River Falls "3200" Dispatch","Law Dispatch","Minnesota Department of Public Safety - State Patrol"
48401,bd11,"MSP 3200 TAC","D","Thief River Falls "3200" TAC ","Law Tac","Minnesota Department of Public Safety - State Patrol"
48402,bd12,"MSP 3200 T 2","D","Thief River Falls "3200" TAC 2","Law Tac","Minnesota Department of Public Safety - State Patrol"
48404,bd14,"MSP 3200 T 1","D","Thief River Falls "3200" TAC 1","Law Tac","Minnesota Department of Public Safety - State Patrol"
48405,bd15,"MSP 3200 RM","D","Thief River Falls "3200" Roaming","Law Dispatch","Minnesota Department of Public Safety - State Patrol"
48406,bd16,"MSP 3200 ALL","D","Thief River Falls "3200" TAC 3 - All Call","Law Tac","Minnesota Department of Public Safety - State Patrol"
48407,bd17,"BORDR PT TAC","DE","Border Patrol - Tac","Federal","Federal Agencies"
48409,bd19,"NWS G FORKS","D","NWS Grand Forks","Emergency Ops","National Weather Service"
48411,bd1b,"BORDR PT DSP","DE","Border Patrol - Dispatch","Federal","Federal Agencies"
48414,bd1e,"DOT BJI ALL","D","DOT Bemidji - All Call","Public Works","Minnesota DOT District 2 NW - Bemidji"
48416,bd20,"DOT 2A MAIN ","D","DOT 2A MAIN","Public Works","Minnesota DOT District 2 NW - Bemidji"
48418,bd22,"DOT 2B MAIN ","D","DOT 2B MAIN","Public Works","Minnesota DOT District 2 NW - Bemidji"
48420,bd24,"DOT D2 PATROL","D","DOT D2 PATROL (DOT to State Patrol Dispatch)","Public Works","Minnesota DOT District 2 NW - Bemidji"
48421,bd25,"DOT 2 SUPV","D","DOT 2 SUPERVISOR","Public Works","Minnesota DOT District 2 NW - Bemidji"
48424,bd28,"DOT THFRV SURV","D","DOT Thief River Falls Survey","Public Works","Minnesota DOT District 2 NW - Bemidji"
48426,bd2a,"DOT 2 TAC 2","D","DOT 2 TAC 2","Public Works","Minnesota DOT District 2 NW - Bemidji"
48428,bd2c,"DOT D2A EC","D","DOT D2A East Central Sub (Bji, D Rvr, N Home Truck Stations)","Public Works","Minnesota DOT District 2 NW - Bemidji"
48430,bd2e,"DOT D2B SW","D","DOT D2B Southwest Sub (Crookston, EGF, Erskine Truck Stations)","Public Works","Minnesota DOT District 2 NW - Bemidji"
48431,bd2f,"DOT BJI 48431","D","DOT Bemidji 48431","Public Works","Minnesota DOT District 2 NW - Bemidji"
48434,bd32,"DOT BJI SURVEY","D","DOT 2 BEMIDJI SURVEY","Public Works","Minnesota DOT District 2 NW - Bemidji"
48436,bd34,"DOT WALKER","D","DOT WALKER (Bagley, PR, Walker Truck Stations)","Public Works","Minnesota DOT District 2 NW - Bemidji"
48438,bd36,"DOT 2 BRIDGE ","D","DOT 2 BRIDGE INSPECTORS","Public Works","Minnesota DOT District 2 NW - Bemidji"
48440,bd38,"DOT 2 SIGNS","D","DOT 2 SIGN SHOP","Public Works","Minnesota DOT District 2 NW - Bemidji"
48442,bd3a,"DOT 2 TAC 1","D","DOT 2 TAC 1","Public Works","Minnesota DOT District 2 NW - Bemidji"
48444,bd3c,"DOT ROSEAU","D","DOT ROSEAU (Baudette, Grygla, Roseau Truck Stations)","Public Works","Minnesota DOT District 2 NW - Bemidji"
48446,bd3e,"DOT THFRVR FALL","D","DOT Thief River Falls (Hallock, Karlstad, TRF, Warren Truck Stations)","Public Works","Minnesota DOT District 2 NW - Bemidji"
48448,bd40,"DOT 2 TAC 3","D","DOT 2 TAC 3","Public Works","Minnesota DOT District 2 NW - Bemidji"
48449,bd41,"PARKS D2","D","Parks District 2 Main","Public Works","Minnesota Department of Natural Resources - DNR"
48450,bd42,"PARKS D2 TAC","D","Parks District 2 Tactical","Public Works","Minnesota Department of Natural Resources - DNR"
48451,bd43,"LK BRON SP 1","D","Lake Bronson State Park 1","Public Works","Kittson County"
48452,bd44,"LK BRON SP 2","D","Lake Bronson State Park 2","Public Works","Kittson County"
48453,bd45,"OLD MILL SP1","D","Old Mill State Park 1","Public Works","Marshall County"
48454,bd46,"OLD MILL SP2","D","Old Mill State Park 2","Public Works","Marshall County"
48455,bd47,"HAYES SP 1","D","Hayes Lake State Park 1","Public Works","Roseau County"
48456,bd48,"HAYES SP 2","D","Hayes Lake State Park 2","Public Works","Roseau County"
48457,bd49,"ZIP BAY SP 1","D","Zippel Bay State Park 1","Public Works","Lake Of The Woods"
48458,bd4a,"ZIP BAY SP 2","D","Zippel Bay State Park 2","Public Works","Lake Of The Woods"
48459,bd4b,"GD ISLAND SP","D","Garden Island State Park","Public Works","Lake Of The Woods"
48460,bd4c,"BIG BOG SP 1","D","Big Bog State Park 1","Public Works","Beltrami County"
48461,bd4d,"BIG BOG SP 2","D","Big Bog State Park 2","Public Works","Beltrami County"
48462,bd4e,"LAKE BJI SP1","D","Lake Bemidji State Park 1","Public Works","Beltrami County"
48463,bd4f,"LAKE BJI SP2","D","Lake Bemidji State Park 2","Public Works","Beltrami County"
48464,bd50,"RED RIVER SP","D","Red River State Park","Public Works","Polk County"
48465,bd51,"ITASCA SP 1","D","Itasca State Park 1","Public Works","Clearwater County"
48466,bd52,"ITASCA SP 2","D","Itasca State Park 2","Public Works","Clearwater County"
48467,bd53,"ITASCA SP 3","D","Itasca State Park 3","Public Works","Clearwater County"
48468,bd54,"PARKS D?","D","Parks District ? Main","Public Works","Minnesota Department of Natural Resources - DNR"
48469,bd55,"PARKS D? TAC","D","Parks District ? Tactical","Public Works","Minnesota Department of Natural Resources - DNR"
48470,bd56,"PARKS D? TAC","D","Parks District ? Tactical","Public Works","Minnesota Department of Natural Resources - DNR"
48500,bd74,"NW ROAM","D","NW ROAM","Multi-Dispatch","Zone 6 Interoperability NW"
48502,bd76,"NW TAC B","D","NW TAC B","Interop","Zone 6 Interoperability NW"
48504,bd78,"NW 911","D","NW 911","Interop","Zone 6 Interoperability NW"
48506,bd7a,"NW ANGLE","D","Northwest Angle Interop ","Interop","Zone 6 Interoperability NW"
48508,bd7c,"NW HOSP","D","NW HOSPITAL","Hospital","Zone 6 Interoperability NW"
48510,bd7e,"NW EOC","D","NW EOC","Emergency Ops","Zone 6 Interoperability NW"
48512,bd80,"NW FIRE","D","NW FIRE","Fire-Talk","Zone 6 Interoperability NW"
48514,bd82,"NW EMS","D","NW EMS","EMS-Talk","Zone 6 Interoperability NW"
48516,bd84,"NW CALL","D","NW CALL","Interop","Zone 6 Interoperability NW"
48518,bd86,"NW 1","D","NW TAC 1","Interop","Zone 6 Interoperability NW"
48520,bd88,"NW 2","D","NW TAC 2","Interop","Zone 6 Interoperability NW"
48522,bd8a,"NW 3","D","NW TAC 3","Interop","Zone 6 Interoperability NW"
48524,bd8c,"NW 4","D","NW TAC 4","Interop","Zone 6 Interoperability NW"
48526,bd8e,"NW 5","D","NW TAC 5","Interop","Zone 6 Interoperability NW"
48528,bd90,"NW 6","D","NW TAC 6","Interop","Zone 6 Interoperability NW"
48530,bd92,"NW 7","D","NW TAC 7","Interop","Zone 6 Interoperability NW"
48532,bd94,"NW 8","D","NW TAC 8","Interop","Zone 6 Interoperability NW"
48534,bd96,"NW 9","D","NW TAC 9","Interop","Zone 6 Interoperability NW"
48536,bd98,"NW 10","D","NW TAC 10","Interop","Zone 6 Interoperability NW"
48538,bd9a,"NW 11","D","NW TAC 11","Interop","Zone 6 Interoperability NW"
48540,bd9c,"NW 12","D","NW TAC 12","Interop","Zone 6 Interoperability NW"
48541,bd9d,"ND PATCH","D","ND State Radio Patch","Interop","Zone 6 Interoperability NW"
48801,bea1,"WE LAW 1","D","White Earth Law 1","Law Dispatch","White Earth Reservation"
48803,bea3,"WE LAW 2","D","White Earth Law 2","Law Dispatch","White Earth Reservation"
48805,bea5,"WE LAW 3","De","White Earth Law 3","Law Dispatch","White Earth Reservation"
48807,bea7,"WE LAW TAC 1","D","White Earth Law Tac 1","Law Tac","White Earth Reservation"
48809,bea9,"WE LAW TAC 2","D","White Earth Law Tac 2","Law Tac","White Earth Reservation"
48811,beab,"WE LAW ADM","D","White Earth Law Admin","Law Talk","White Earth Reservation"
48813,bead,"WE PUB HEALT","D","White Earth Nation Public Health","Public Works","White Earth Reservation"
48815,beaf,"WE FIR EMS 1","D","White Earth Fire - EMS 1","EMS Dispatch","White Earth Reservation"
48817,beb1,"WE FIR EMS 2","D","White Earth Fire - EMS 2","EMS Dispatch","White Earth Reservation"
48819,beb3,"WE FIR EMS 3","D","White Earth Fire - EMS 3","EMS Dispatch","White Earth Reservation"
48821,beb5,"WE FIR EM T1","D","White Earth Fire - EMS TAC 1","EMS-Tac","White Earth Reservation"
48823,beb7,"WE FIR EM T2","D","White Earth Fire - EMS TAC 2","EMS-Tac","White Earth Reservation"
48825,beb9,"WE FIR EM AD","D","White Earth Fire - EMS Admin","EMS-Talk","White Earth Reservation"
48827,bebb,"WE ANNOUNCE","D","White Earth Announcement Group","Multi-Dispatch","White Earth Reservation"
48829,bebd,"WE EMG","D","White Earth Emergency Button","Multi-Dispatch","White Earth Reservation"
48831,bebf,"WE 911","D","White Earth 911","Multi-Dispatch","White Earth Reservation"
48833,bec1,"WE ROAM","D","Statewide Roam","Multi-Dispatch","White Earth Reservation"
48835,bec3,"WE COMM 1","D","White Earth Common 1","Multi-Talk","White Earth Reservation"
48837,bec5,"WE COMM 2","D","White Earth Common 2","Multi-Talk","White Earth Reservation"
48839,bec7,"WE COMM 3","D","White Earth Common 3","Multi-Talk","White Earth Reservation"
48841,bec9,"WE ROADS 1","D","White Earth Roads Department 1","Public Works","White Earth Reservation"
48843,becb,"WE ROADS 2","D","White Earth Roads Department 2","Public Works","White Earth Reservation"
48845,becd,"WE S STAR 1","D","White Earth Shooting Star Transport 1","Transportation","White Earth Reservation"
48847,becf,"WE S STAR 2","D","White Earth Shooting Star Transport 2","Transportation","White Earth Reservation"
48849,bed1,"WE HEAD STRT","D","White Earth Head Start","Transportation","White Earth Reservation"
48851,bed3,"WE TRANSIT","D","White Earth Public Transit","Transportation","White Earth Reservation"
48857,bed9,"WE COLA BUS","D","White Earth COLA Buses","Transportation","White Earth Reservation"
48861,bedd,"WE CONS OFC","D","White Earth Conservation Officers ","Law Talk","White Earth Reservation"
48900,bf04,"NR LAW 1","D","Law 1","Law Dispatch","Norman County"
48901,bf05,"NR LAW 2","D","Law 2","Law Dispatch","Norman County"
48908,bf0c,"NR FD Tac 08","D","Fire Tactical","Fire-Tac","Norman County"
48909,bf0d,"NR FD Tac 09","D","Fire Tactical","Fire-Tac","Norman County"
48910,bf0e,"NR FD Tac 10","D","Fire Tactical","Fire-Tac","Norman County"
48911,bf0f,"NR FD Tac 11","D","Fire Tactical","Fire-Tac","Norman County"
48912,bf10,"NR FD Tac 12","D","Fire Tactical","Fire-Tac","Norman County"
48913,bf11,"NR FD TAC 13","D","Fire Tac 13","Fire-Tac","Norman County"
48915,bf13,"NR FIRE","D","Fire Main","Fire Dispatch","Norman County"
48920,bf18,"NR ROAM","D","Roam","Interop","Norman County"
48931,bf23,"NR HWY","D","Highway Dept","Public Works","Norman County"
49001,bf69,"NDCA-CALL","D","Cass Call","Multi-Dispatch","Cass County (ND)"
49002,bf6a,"NDCA SO 1","DE","Cass County Sheriff","Law Dispatch","Cass County (ND)"
49003,bf6b,"NDCA-1","D","Cass Common 1","Multi-Talk","Cass County (ND)"
49005,bf6d,"NDCA-2","D","Cass Common 2","Multi-Talk","Cass County (ND)"
49007,bf6f,"NDCA-3","D","Cass Common 3","Multi-Talk","Cass County (ND)"
49009,bf71,"NDCA-4","D","Cass Common 4","Multi-Talk","Cass County (ND)"
49011,bf73,"NDCA-5","D","Cass Common 5","Multi-Talk","Cass County (ND)"
49013,bf75,"NDCA-6","D","Cass Common 6","Multi-Talk","Cass County (ND)"
49014,bf76,"NDCA EMRG","D","Emergency Button","Law Dispatch","Cass County (ND)"
49015,bf77,"NDCA-7","D","Cass Common 7","Multi-Talk","Cass County (ND)"
49016,bf78,"NDCA FGPD 1","DE","Fargo Police 1","Law Dispatch","Cass County (ND)"
49017,bf79,"NDCA-8","D","Cass Common 8","Multi-Talk","Cass County (ND)"
49018,bf7a,"NDCA FGPD 2","DE","Fargo Police 2","Law Tac","Cass County (ND)"
49019,bf7b,"NDCA-9","D","Cass Common 9","Multi-Talk","Cass County (ND)"
49021,bf7d,"NDCA-10","D","Cass Common 10","Multi-Talk","Cass County (ND)"
49023,bf7f,"NDCA-11","D","Cass Common 11","Multi-Talk","Cass County (ND)"
49025,bf81,"NDCA-12","D","Cass Common 12","Multi-Talk","Cass County (ND)"
49026,bf82,"NDCA WFGPD","DE","West Fargo Police","Law Dispatch","Cass County (ND)"
49027,bf83,"NDCA-13E","DE","CA 13E","Multi-Talk","Cass County (ND)"
49031,bf87,"NDCA TF ENC","DE","Metro Task Force ","Law Tac","Cass County (ND)"
49033,bf89,"NDCA 33","D","Cass ND","Multi-Talk","Cass County (ND)"
49035,bf8b,"NDCA 35","D","Cass ND","Multi-Talk","Cass County (ND)"
49036,bf8c,"NDCA NDSU PD 1","DE","North Dakota State University PD Main 1","Law Dispatch","Cass County (ND)"
49037,bf8d,"NDCA FGO SCHL","D","Fargo School District Bus Patch","Schools","Cass County (ND)"
49039,bf8f,"NDCA NC SCHL","D","Northern Cass School Buses","Transportation","Cass County (ND)"
49041,bf91,"NDCA SYS TECH","D","Radio Service System Techs","Public Works","Cass County (ND)"
49043,bf93,"CASS CENT SCHL","D","Cass Central School Buses","Schools","Cass County (ND)"
49044,bf94,"NDCA FIRE/EMS","D","Cass Fire/EMS Main","Fire Dispatch","Cass County (ND)"
49045,bf95,"KINDRED SCHL","D","Kindred Public Schools","Schools","Cass County (ND)"
49046,bf96,"NDCA FGFD 1","D","Fargo Fire 1","Fire Dispatch","Cass County (ND)"
49048,bf98,"NDCA FGFD 2","D","Fargo Fire 2 Paging","Fire Dispatch","Cass County (ND)"
49050,bf9a,"NDCA WFGFD 1","D","West Fargo Fire 1","Fire Dispatch","Cass County (ND)"
49051,bf9b,"KINDRED SD OPS","D","Kindred Public Schools Operations","Schools","Cass County (ND)"
49052,bf9c,"NDCA WFFD 2","D","West Fargo Fire 2","Fire-Talk","Cass County (ND)"
49054,bf9e,"NDHRDW FD C2C","D","Harwood Fire C2C","Fire-Talk","Cass County (ND)"
49056,bfa0,"NDCA FGFD TRAIN","D","Fargo Fire Training","Fire-Talk","Cass County (ND)"
49058,bfa2,"NDCA WFFD C2C","D","West Fargo Fire C2C","Fire-Talk","Cass County (ND)"
49060,bfa4,"NDCA FD EMERG","D","Cass Fire Emergency Button","Fire Dispatch","Cass County (ND)"
49064,bfa8,"NDHECT AIR FD","D","Hector Airport Fire Patch","Fire Dispatch","Cass County (ND)"
49066,bfaa,"NDED FD PTCH","D","Enderlin Fire Patch","Fire Dispatch","Cass County (ND)"
49070,bfae,"NDTRLSO PTCH","D","Traill Sheriff Patch","Law Dispatch","Cass County (ND)"
49072,bfb0,"NDCA HWY MAIN","D","Cass Highway Dept","Public Works","Cass County (ND)"
49074,bfb2,"NDCA FG WATER","D","Fargo Water Dept, Sign/Signal","Public Works","Cass County (ND)"
49076,bfb4,"NDCA FG PW 2","D","Fargo Public Works","Public Works","Cass County (ND)"
49078,bfb6,"NDCA FG PW 3","D","Fargo Public Works","Public Works","Cass County (ND)"
49080,bfb8,"NDCA FG WASTE","D","Fargo Solid Waste","Public Works","Cass County (ND)"
49082,bfba,"NDCA WF SANIT","D","West Fargo Sanitation","Public Works","Cass County (ND)"
49084,bfbc,"NDCA WF STREET","D","West Fargo Street Dept","Public Works","Cass County (ND)"
49088,bfc0,"NDCA WF SCHL","D","West Fargo Schools","Schools","Cass County (ND)"
49092,bfc4,"NDCA SCHL","D","Cass Schools","Schools","Cass County (ND)"
49094,bfc6,"NDCA LE","D","Cass LE","Law Talk","Cass County (ND)"
49100,bfcc,"MM LAW 1","D","Sheriff 1","Law Dispatch","Mahnomen County"
49101,bfcd,"MM LAW 2","DE","Sheriff 2","Law Dispatch","Mahnomen County"
49107,bfd3,"MM EMS","D","Mahnomen Co EMS","EMS Dispatch","Mahnomen County"
49109,bfd5,"MM ALL","D","Mahnomen Announcement","Multi-Dispatch","Mahnomen County"
49134,bfee,"MM FIRE","D","Mahnomen Fire 1 - Main","Fire Dispatch","Mahnomen County"
49300,c094,"CY LAW ANNC","D","Announcement","Multi-Tac","Clay County"
49302,c096,"CY SHF 1","D","Sheriff Primary Dispatch - VHF Patch - 151.2350","Law Dispatch","Clay County"
49304,c098,"CY SHF 2ALT","DE","Sheriff 2 Alternate","Law Tac","Clay County"
49306,c09a,"CY SHF 3 ALT","D","Sheriff 3 Alternate","Law Tac","Clay County"
49308,c09c,"CY SHF CARS","D","Sheriff Car-to-Car","Law Talk","Clay County"
49314,c0a2,"CY JAIL","D","Jail","Corrections","Clay County"
49316,c0a4,"CY ROAM","D","Roaming","Multi-Dispatch","Clay County"
49318,c0a6,"CY EMERG","D","Emergencies","Multi-Dispatch","Clay County"
49320,c0a8,"CY RRV SWAT1","DE","Red River Valley SWAT 1","Law Tac","Clay County"
49324,c0ac,"CY MHD PD 1","D","Moorhead Police 1 Primary ","Law Dispatch","Clay County"
49326,c0ae,"CY MHD PD 2","DE","Moorhead Police 2 Alternate ","Law Tac","Clay County"
49328,c0b0,"CY MHD PD 3","D","Moorhead Police 3 Alternate","Law Tac","Clay County"
49330,c0b2,"CY MPD CARS","D","Moorhead Police Car-to-Car","Law Talk","Clay County"
49336,c0b8,"CY DWPD","D","Dilworth Police","Law Tac","Clay County"
49338,c0ba,"CY HLPD","D","Hawley Police","Law Tac","Clay County"
49340,c0bc,"CY BNPD","D","Barnesville Police","Law Tac","Clay County"
49342,c0be,"CY GLPD","D","Glyndon Police","Law Tac","Clay County"
49344,c0c0,"CY FR ANNC","D","County Fire Announce ","Fire Dispatch","Clay County"
49346,c0c2,"CY FR MAIN","D","County Fire Main","Fire Dispatch","Clay County"
49348,c0c4,"CY FR 2","D","County Fire Rescue 2","Fire-Tac","Clay County"
49350,c0c6,"CY FR 3","D","County Fire Rescue 3","Fire-Tac","Clay County"
49356,c0cc,"CY MHD FR 1","D","Moorhead Fire 1 Dispatch","Fire Dispatch","Clay County"
49358,c0ce,"CY MHD FR 2","D","Moorhead Fire 2","Fire-Tac","Clay County"
49360,c0d0,"CY FIRE C2C","D","Fire Car to Car","Fire-Talk","Clay County"
49362,c0d2,"CY PW ANNC","D","County Public Works Announce ","Public Works","Clay County"
49364,c0d4,"CY HWY 1","D","Clay Co Highway 1","Public Works","Clay County"
49366,c0d6,"CY HWY 2","D","Clay Co Highway 2","Public Works","Clay County"
49372,c0dc,"CY MHD JR HIGH","D","Moorhead Jr High Ops - Patch","Schools","Clay County"
49375,c0df,"MSUM OPS","D","Minnesota State University Moorhead Ops","Schools","Clay County"
49378,c0e2,"CY 11E","DE","Clay 11E - Patched to MPD Loop","Law Tac","Clay County"
49379,c0e3,"CY FPD PATCH","DE","Fargo, ND Police Patch - 151.2575","Law Dispatch","Clay County"
49380,c0e4,"CY RICHSO PATCH","D","Richland Co, ND Sheriff Patch - 158.8425","Law Dispatch","Clay County"
49383,c0e7,"CY FARGO FD1","D","Fargo Fire 1 Patch","Fire Dispatch","Clay County"
49385,c0e9,"CY 7","D","Clay 7","Multi-Tac","Clay County"
49387,c0eb,"CY 8","D","Clay 8","Multi-Tac","Clay County"
49389,c0ed,"CY 9","D","Clay 9","Multi-Tac","Clay County"
49391,c0ef,"CY 10","D","Clay 10","Multi-Tac","Clay County"
49393,c0f1,"CY CALL","D","Clay Call","Multi-Talk","Clay County"
49394,c0f2,"CY 1","D","Clay 1","Multi-Tac","Clay County"
49395,c0f3,"CY 2","D","Clay 2","Multi-Tac","Clay County"
49396,c0f4,"CY 3","D","Clay 3","Multi-Tac","Clay County"
49397,c0f5,"CY 4","D","Clay 4","Multi-Tac","Clay County"
49398,c0f6,"CY 5","D","Clay 5","Multi-Tac","Clay County"
49399,c0f7,"CY 6","D","Clay 6","Multi-Tac","Clay County"
49500,c15c,"BK 1 LAW DSP","D","Becker Law Dispatch 1","Law Dispatch","Becker County"
49501,c15d,"BK 2","D","Becker Common 2","Multi-Tac","Becker County"
49502,c15e,"BK 3","D","Becker Common 3","Multi-Tac","Becker County"
49503,c15f,"BK 4","D","Becker Common 4","Multi-Tac","Becker County"
49504,c160,"BK 5","D","Becker Common 5","Multi-Tac","Becker County"
49505,c161,"BK 6","D","Becker Common 6","Multi-Tac","Becker County"
49506,c162,"BK 7","D","Becker Common 7","Multi-Tac","Becker County"
49507,c163,"BK 8","D","Becker Common 8","Multi-Tac","Becker County"
49508,c164,"BK 9E","DE","Becker Common 9E","Law Tac","Becker County"
49509,c165,"BK 10 C2C","D","Becker Law 10 Car to Car","Law Tac","Becker County"
49511,c167,"BK 12 JAIL","D","Becker Jail","Corrections","Becker County"
49513,c169,"BK FIRE DISP","D","Becker Fire Dispatch","Fire Dispatch","Becker County"
49514,c16a,"BK FIRE TAC ","D","Becker Fire - TAC ","Fire-Tac","Becker County"
49515,c16b,"BK EMS DISP","D","Becker EMS Dispatch","EMS Dispatch","Becker County"
49516,c16c,"BK EMS TAC 1","D","Becker EMS - TAC 1","Fire-Tac","Becker County"
49517,c16d,"BK FIRE ADMIN","D","Becker Fire/EMS Admin","Fire-Talk","Becker County"
49518,c16e,"BK ALL CALL","D","Becker All Call","Multi-Dispatch","Becker County"
49519,c16f,"BK EMERG","D","Becker Emergency Trigger","Emergency Ops","Becker County"
49521,c171,"BK ROAM","D","Becker Roam","Multi-Dispatch","Becker County"
49522,c172,"BK FIRE TAC","D","Fire Tac","Fire-Tac","Becker County"
49523,c173,"BK EV1","D","Becker Events 1","Multi-Talk","Becker County"
49524,c174,"BK EV2","D","Becker Events 2","Multi-Talk","Becker County"
49525,c175,"BK WE FEST","D","WE Fest Law Operations","Law Dispatch","Becker County"
49526,c176,"BK PAGE","D","Fire and EMS Paging","Fire Dispatch","Becker County"
49527,c177,"BK FIRE TAC 2","D","Fire Tac 2","Fire-Tac","Becker County"
49532,c17c,"BK TRANSIT","D","Becker Transit Buses","Transportation","Becker County"
49536,c180,"BK LK PK WKS","D","Lake Park Public Works","Public Works","Becker County"
49537,c181,"BK AUD WKS","D","Audubon Public Works","Public Works","Becker County"
49700,c224,"HU LAW 1","D","Hubbard Law 1 Dispatch","Law Dispatch","Hubbard County"
49701,c225,"HU LAW ALL","D","Hubbard Law All Call","Law Dispatch","Hubbard County"
49702,c226,"HU  LAW 2","D","Hubbard Law 2 Dispatch","Law Dispatch","Hubbard County"
49703,c227,"HU LAW 3E","DE","Hubbard Law 3","Law Tac","Hubbard County"
49704,c228,"HU LAW 4E","DE","Hubbard Law 4","Law Tac","Hubbard County"
49705,c229,"HU LAW C2C","D","Hubbard Law Car 2 Car","Law Talk","Hubbard County"
49706,c22a,"HU PUB HLTH","D","Hubbard County Public Health","Multi-Talk","Hubbard County"
49707,c22b,"HU LAW ADM","D","Hubbard Law Admin","Law Talk","Hubbard County"
49708,c22c,"HU JAIL","D","County Jail Ops","Corrections","Hubbard County"
49709,c22d,"HU PROBTN","D","Hubbard County Probation","Corrections","Hubbard County"
49710,c22e,"PRPD ADM","D","Park Rapids Police Dept. Admin","Law Talk","Hubbard County"
49711,c22f,"HU FIRE ANNC","D","Hubbard County Fire Announce","Fire Dispatch","Hubbard County"
49712,c230,"HU FIRE 1","D","Hubbard County Fire 1 Dispatch","Fire Dispatch","Hubbard County"
49713,c231,"HU FIRE 2","D","Hubbard County Fire 2 Dispatch","Fire Dispatch","Hubbard County"
49714,c232,"HU FIRE 3","D","Hubbard County Fire 3 Dispatch","Fire Dispatch","Hubbard County"
49715,c233,"HU FIRE 4","D","Hubbard County Fire 4 Dispatch","Fire Dispatch","Hubbard County"
49716,c234,"HU SAR","D","Hubbard County Search & Rescue","Fire-Tac","Hubbard County"
49717,c235,"HU EMS 1","D","Hubbard County EMS 1 Dispatch","EMS Dispatch","Hubbard County"
49718,c236,"HU EMS 2","D","Hubbard County EMS 2 Dispatch","EMS Dispatch","Hubbard County"
49719,c237,"HU FIRE TAC 1","D","Hubbard County Fire Tac 1","Fire-Tac","Hubbard County"
49720,c238,"HU FIRE TAC 2","D","Hubbard County Fire Tac 2","Fire-Tac","Hubbard County"
49721,c239,"HU FR/EMS ADM","D","Hubbard County Fire/EMS TAC","Fire-Talk","Hubbard County"
49722,c23a,"ST JOE ADM","D","St Joe's Hospital Park Rapids Admin","Hospital","Hubbard County"
49723,c23b,"EHFD FD ADM","D","East Hubbard Fire Admin (Akeley)","Fire-Talk","Hubbard County"
49724,c23c,"HUBB FR ADM","D","Hubbard 1st Response Admin","EMS-Talk","Hubbard County"
49725,c23d,"LK GEOGFD ADM","D","Lake George Fire Admin","Fire-Talk","Hubbard County"
49726,c23e,"LKPORT FD ADM","D","Lakeport Fire Admin","Fire-Talk","Hubbard County"
49727,c23f,"NEVIS FD ADM","D","Nevis Fire Admin","Fire-Talk","Hubbard County"
49728,c240,"HU NORTH EMS","D","North EMS Hubbard Co Admin","EMS-Talk","Hubbard County"
49729,c241,"PR FD ADM","D","Park Rapids Fire Admin","Fire-Talk","Hubbard County"
49730,c242,"HU ALL CALL","D","Hubbard County Announce All","Multi-Dispatch","Hubbard County"
49731,c243,"HU EMERG","D","Hubbard County Emergency","Emergency Ops","Hubbard County"
49732,c244,"HU 911","D","Hubbard County 911","Emergency Ops","Hubbard County"
49733,c245,"HU PS ROAM","D","Hubbard Public Safety Roam","Multi-Dispatch","Hubbard County"
49734,c246,"HU ALL ROAM","D","Hubbard All Roam","Multi-Dispatch","Hubbard County"
49735,c247,"HU PS COM 5","D","Hubbard Common 5","Multi-Tac","Hubbard County"
49736,c248,"HU PS COM 6","D","Hubbard Common 6","Multi-Tac","Hubbard County"
49737,c249,"HU PS COM 7","D","Hubbard Common 7","Multi-Tac","Hubbard County"
49738,c24a,"HU PS COM 8","D","Hubbard Common 8","Multi-Tac","Hubbard County"
49739,c24b,"HU EVENT 1","D","Hubbard Event 1","Multi-Tac","Hubbard County"
49740,c24c,"HU EVENT 2","D","Hubbard Event 2","Multi-Tac","Hubbard County"
49741,c24d,"HU VHF N","D","Hubbard VHF North","Interop","Hubbard County"
49742,c24e,"HU VHF S","D","Hubbard VHF South","Interop","Hubbard County"
49743,c24f,"HU VHF PAGING","D","Hubbard VHF Paging","Multi-Dispatch","Hubbard County"
49744,c250,"HU-BLFD VHF","D","Hubbard Beltrami Co VHF FD","Fire-Tac","Hubbard County"
49745,c251,"HU-BKFD VHF","D","Hubbard Becker Co VHF FD","Fire-Tac","Hubbard County"
49746,c252,"HU-CRFD VHF","D","Hubbard Clearwater Co VHF FD","Fire-Tac","Hubbard County"
49747,c253,"HU DNR INTR","D","Hubbard MN DNR","Public Works","Hubbard County"
49748,c254,"HU HWY 1","D","Hubbard County Highway 1","Public Works","Hubbard County"
49749,c255,"HU HWY 2","D","Hubbard County Highway 2","Public Works","Hubbard County"
49750,c256,"HU HWY ADM","D","Hubbard County Highway Admin","Public Works","Hubbard County"
49751,c257,"HU LAND ASSR","D","Hubbard Assessor/Land Dept","Public Works","Hubbard County"
49752,c258,"HU ZONING","D","Hubbard Co Planning & Zoning","Public Works","Hubbard County"
49753,c259,"PR PW","D","Park Rapids Public Works","Public Works","Hubbard County"
49754,c25a,"AKELEY PW","D","Akeley Public Works","Public Works","Hubbard County"
49755,c25b,"NEVIS PW","D","Nevis Public Works","Public Works","Hubbard County"
49756,c25c,"HU PW 1","D","Hubbard County Public Works 1","Public Works","Hubbard County"
49757,c25d,"HU PW 2","D","Hubbard County Public Works 2","Public Works","Hubbard County"
49758,c25e,"PR SCHL","D","Park Rapids Area Schools","Schools","Hubbard County"
49759,c25f,"LAPRT SCHL","D","Laporte School District ","Schools","Hubbard County"
49760,c260,"NEVIS SCHL","D","Nevis School","Schools","Hubbard County"
49900,c2ec,"CR SO DISP","D","Sheriff Dispatch","Law Dispatch","Clearwater County"
49904,c2f0,"CR SANFORD EMS","D","Clearwater Sanford EMS","EMS-Talk","Clearwater County"
49905,c2f1,"CR LAW C2C","D","Sheriff Car to Car","Law Talk","Clearwater County"
49910,c2f6,"CR RESERVE","D","Sheriff Reserve","Law Talk","Clearwater County"
49912,c2f8,"CR FIRE 1","D","Clearwater Fire 1","Fire Dispatch","Clearwater County"
49915,c2fb,"CR FIRE 3","D","Clearwater Fire 3","Fire-Tac","Clearwater County"
49916,c2fc,"GONVICK FD","D","Gonvick FD Tac","Fire-Talk","Clearwater County"
49917,c2fd,"Shevlin Fire","D","Shevlin Fire","Fire-Tac","Clearwater County"
49920,c300,"CR EMS","D","Clearwater EMS 1","EMS Dispatch","Clearwater County"
50000,c350,"RLTC LAW","DE","Red Lake Tribal Police","Law Dispatch","Red Lake Band of Ojibwe"
50018,c362,"RLTC FIRE","D","Red Lake Tribal Fire","Fire-Talk","Red Lake Band of Ojibwe"
50025,c369,"RLTC LAW TAC","DE","Red Lake Tribal Police Tac","Law Tac","Red Lake Band of Ojibwe"
50100,c3b4,"RL LAW","D","Red Lake Law Dispatch","Law Dispatch","Red Lake County"
50101,c3b5,"RL ROAM","D","County Roam","Multi-Dispatch","Red Lake County"
50200,c418,"FMA Hail","D","911 to FM Dispatch Hailing","EMS Dispatch","Sanford MED/F-M Ambulance"
50202,c41a,"FMA 1","D","911 Dispatch","EMS Dispatch","Sanford MED/F-M Ambulance"
50204,c41c,"FMA 2","D","Transport Dispatch","EMS Dispatch","Sanford MED/F-M Ambulance"
50206,c41e,"FMA SEC","DE","FM Ambulance Secure","EMS Dispatch","Sanford MED/F-M Ambulance"
50208,c420,"FMA Roam","D","FM Ambulance Roam","EMS-Talk","Sanford MED/F-M Ambulance"
50210,c422,"Sanford AirMed","D","Sanford AirMed Comm. Center - Bemidji","EMS Dispatch","Sanford MED/F-M Ambulance"
50212,c424,"FMA BAGLY","D","FM Ambulance Bagley","EMS-Tac","Sanford MED/F-M Ambulance"
50214,c426,"FMA CNBY","D","FM Ambulance Canby","EMS-Tac","Sanford MED/F-M Ambulance"
50216,c428,"FMA RK CO","D","FM Ambulance Rock Co (Luverne)","EMS-Tac","Sanford MED/F-M Ambulance"
50218,c42a,"Sanford Hillsbro","D","Sanford Ambulance - Hillsboro ","EMS Dispatch","Sanford MED/F-M Ambulance"
50220,c42c,"FMA MU CO","D","FM Ambulance Murray Co MN","EMS-Tac","Sanford MED/F-M Ambulance"
50222,c42e,"Sanford ThiefRiv","D","Sanford Thief River Falls","EMS Dispatch","Sanford MED/F-M Ambulance"
50224,c430,"FMA WHTN","D","FM Ambulance Wheaton","EMS-Tac","Sanford MED/F-M Ambulance"
50226,c432,"FMA MHMN","D","FM Ambulance Mahnomen","EMS-Tac","Sanford MED/F-M Ambulance"
50232,c438,"SANFORD GRND","D","Sanford Air Med - Ground","EMS Dispatch","Sanford MED/F-M Ambulance"
50300,c47c,"NWMN MEDHSC","D","Northwest Health Services Coalition","Hospital","Northwest Minnesota EMS - Hospitals"
50301,c47d,"SANFORD FGO","D","Sanford - Fargo","Hospital","Northwest Minnesota EMS - Hospitals"
50302,c47e,"Altru Hospital","D","Altru Hospital","Hospital","Northwest Minnesota EMS - Hospitals"
50303,c47f,"ESSENTIA FGO","D","Essentia - Fargo","Hospital","Northwest Minnesota EMS - Hospitals"
50304,c480,"SANFORD BJI","D","Sanford - Bemidji","Hospital","Northwest Minnesota EMS - Hospitals"
50305,c481,"LIFE CARE ER","D","Life Care ER - Roseau","Hospital","Northwest Minnesota EMS - Hospitals"
50310,c486,"Fosston Essentia","D","Fosston Essentia Hospital","Hospital","Polk County"
50311,c487,"Riverview Health","D","Riverview Health Hospital - Crookston","Hospital","Polk County"
50312,c488,"PK EMS","D","Polk EMS ","EMS Dispatch","Polk County"
50313,c489,"PK CKEMS","D","Crookston EMS","EMS Dispatch","Polk County"
50314,c48a,"ESSENTIA EMS","D","Essentia EMS","EMS Dispatch","Polk County"
50316,c48c,"FM AMB TRF","D","FM Ambulance - Thief River Falls","EMS Dispatch","Sanford MED/F-M Ambulance"
50317,c48d,"Thief River Fall","D","Thief River Falls","Hospital","Northwest Minnesota EMS - Hospitals"
50318,c48e,"ADA HOSP","D","Bridges Med Center - Ada","Hospital","Northwest Minnesota EMS - Hospitals"
50320,c490,"NV HOSP","D","North Valley Hospital Warren","Hospital","Northwest Minnesota EMS - Hospitals"
50323,c493,"MAHNOMN HOSP","D","Mahnomen Hospital","Hospital","Northwest Minnesota EMS - Hospitals"
50325,c495,"CHI LAKEWOOD","D","CHI LakeWood Health- Baudette ","Hospital","Northwest Minnesota EMS - Hospitals"
50330,c49a,"ST JOES HOSP","D","ST. Joe's Hospital - Park Rapids","Hospital","Northwest Minnesota EMS - Hospitals"
50332,c49c,"BAGLEY ER","D","Sanford Bagley ER","Hospital","Northwest Minnesota EMS - Hospitals"
50333,c49d,"BAGLEY HOSP","D","Bagley Hospital","Hospital","Northwest Minnesota EMS - Hospitals"
50334,c49e,"EMH IHS RL","D","Red Lake Nation IHS Hospital ER","Hospital","Red Lake Band of Ojibwe"
50337,c4a1,"RLTC EMS MAIN","D","Red Lake Nation Ambulance Main","EMS Dispatch","Red Lake Band of Ojibwe"
50338,c4a2,"ST MARY HOSP","D","ST. Mary's Hospital - Detroit Lakes","Hospital","Northwest Minnesota EMS - Hospitals"
50340,c4a4,"SANFORD COMM","D","Sanford Air Med Comm. Center - Sioux Falls","EMS Dispatch","Sanford MED/F-M Ambulance"
50341,c4a5,"CASS LK IHS","D","Cass Lake IHS","Hospital","Northwest Minnesota EMS - Hospitals"
50342,c4a6,"Fargo VA","D","Fargo VA Hospital","Hospital","Northwest Minnesota EMS - Hospitals"
50500,c544,"PN LAW 1","D","Pennington Law 1","Law Dispatch","Pennington County"
50501,c545,"PN LAW 2","D","Pennington Law 2","Law Dispatch","Pennington County"
50502,c546,"PN LAW 3E","DE","Pennington County Law 3","Law Dispatch","Pennington County"
50503,c547,"PN LAW TAC 1","D","Pennington County Law Tac 1","Law Tac","Pennington County"
50504,c548,"PN LAW TAC 2","D","Pennington County Law Tac 2","Law Tac","Pennington County"
50505,c549,"PN PH","D","Pennington County Public Health","Interop","Pennington County"
50506,c54a,"PN PROB","D","Pennington County Probation","Law Tac","Pennington County"
50507,c54b,"PN LAW ADM","D","Pennington County Law Admin","Law Talk","Pennington County"
50508,c54c,"PN SO ADM","D","Pennington County Sheriff Admin","Law Talk","Pennington County"
50509,c54d,"PN EM","D","Pennington County Emergency Management","Emergency Ops","Pennington County"
50510,c54e,"TRF PD ADM","D","Thief River Falls Police Admin","Law Talk","Pennington County"
50511,c54f,"PN FIRE 1","D","Pennington County Fire 1 Patched to 154.2800","Fire Dispatch","Pennington County"
50512,c550,"PN FIRE 2","D","Pennington County Fire 2","Fire Dispatch","Pennington County"
50513,c551,"PN FIRE 3","D","Pennington County Fire 3","Fire Dispatch","Pennington County"
50514,c552,"PN FIRETAC 1","D","Pennington County Fire Tac 1","Fire-Tac","Pennington County"
50515,c553,"PN FIRETAC 2","D","Pennington County Fire Tac 2","Fire-Tac","Pennington County"
50516,c554,"PN FIRETAC 3","D","Pennington County Fire Tac 3","Fire-Tac","Pennington County"
50517,c555,"PN FD 1 AD","D","Pennington County Fire Admin 1","Fire-Talk","Pennington County"
50518,c556,"PN FD 2 AD","D","Pennington County Fire Admin 2","Fire-Talk","Pennington County"
50519,c557,"TRF HOSP","D","Thief River Hospital ER","Hospital","Pennington County"
50520,c558,"PN ANNOUNCE","D","Pennington County Announcement","Multi-Dispatch","Pennington County"
50521,c559,"PN EMERG","D","Pennington County Emergency Button","Emergency Ops","Pennington County"
50522,c55a,"PN 911","D","Pennington County 911","Emergency Ops","Pennington County"
50523,c55b,"PN PS ROAM","D","Pennington County Public Safety Roam","Multi-Dispatch","Pennington County"
50524,c55c,"PN ALL ROAM","D","Pennington County All Roam","Multi-Dispatch","Pennington County"
50525,c55d,"PN PS COM 5","D","Pennington County PS Com 5","Interop","Pennington County"
50526,c55e,"PN PS COM 6","D","Pennington County PS Com 6","Interop","Pennington County"
50527,c55f,"PN PS COM 7","D","Pennington County PS Com 7","Interop","Pennington County"
50528,c560,"PN EVENT 1","D","Pennington County Event 1","Interop","Pennington County"
50529,c561,"PN EVENT 2","D","Pennington County Event 2","Interop","Pennington County"
50530,c562,"PN VHF","D","Pennington County VHF Interop","Interop","Pennington County"
50531,c563,"PN HWY 1","D","Pennington County Highway 1","Public Works","Pennington County"
50532,c564,"PN HWY 2","D","Pennington County Highway 2","Public Works","Pennington County"
50533,c565,"PN AS/LD","D","Pennington County Assessor/Land Dept","Public Works","Pennington County"
50534,c566,"TRF PW 1","D","Thief River Falls Public Works 1","Public Works","Pennington County"
50535,c567,"TRF PW 2","D","Thief River Falls Public Works 2","Public Works","Pennington County"
50536,c568,"PN PW 1","D","Pennington County Public Works 1","Public Works","Pennington County"
50537,c569,"PN PW 2","D","Pennington County Public Works 2","Public Works","Pennington County"
50538,c56a,"PN SCHL 1","D","Pennington County School 1","Schools","Pennington County"
50539,c56b,"PN SCHL 2","D","Pennington County School 2","Schools","Pennington County"
50541,c56d,"PN LAW E","DE","Law","Law Tac","Pennington County"
50542,c56e,"PN NRTHLND TRF","D","Northland College TRF","Schools","Pennington County"
50543,c56f,"PN NRTHLND 2","D","Northland College 2","Schools","Pennington County"
50700,c60c,"KT LAW DSP","D","Kittson Dispatch - 155.7900 VHF","Law Dispatch","Kittson County"
50702,c60e,"KT ROAM","D","Kittson Roam","Multi-Dispatch","Kittson County"
50703,c60f,"KT FIRE/EMS","D","Kittson Fire/EMS Dispatch","Fire Dispatch","Kittson County"
50707,c613,"LANCSTR FD TAC 1","D","Landcaster Fire Tac 1 ","Fire-Tac","Kittson County"
50710,c616,"LK BRON FD TAC 1","D","Lake Bronson Fire Tac 1","Fire-Tac","Kittson County"
50900,c6d4,"RS LAW DISP","D","Sheriff Patch - 155.7000","Law Dispatch","Roseau County"
50902,c6d6,"RS ROAM","D","County Roam ","Multi-Dispatch","Roseau County"
50906,c6da,"RS EMS","D","County EMS","EMS Dispatch","Roseau County"
50907,c6db,"RS FIRE","D","County Fire Main","Fire Dispatch","Roseau County"
50912,c6e0,"RS ROAM","DE","County Roam","Multi-Dispatch","Roseau County"
50913,c6e1,"RS ROAM","DE","County Roam","Multi-Dispatch","Roseau County"
50916,c6e4,"RS LAW C2C","D","Law C2C","Law Tac","Roseau County"
51100,c79c,"LW LAW","D","LOW Law Dispatch - 155.700 VHF","Law Dispatch","Lake Of The Woods"
51101,c79d,"LW ROAM","D","Lake of The Woods Roam","Multi-Dispatch","Lake Of The Woods"
51104,c7a0,"LW FIRE","D","Fire/EMS Main","Fire Dispatch","Lake Of The Woods"
51105,c7a1,"LW TAC 1","D","County Interop Tac 1","Multi-Tac","Lake Of The Woods"
51106,c7a2,"BAUDETE FD TAC 1","D","Baudette Fire Tac 1","Fire-Tac","Lake Of The Woods"
51109,c7a5,"LW EMS TAC 1","D","County EMS Tac 1","EMS-Tac","Lake Of The Woods"
51300,c864,"MH LAW","D","Marshall Law Dispatch","Law Dispatch","Marshall County"
51308,c86c,"MH FIRE","D","Marshall Fire Main","Fire Dispatch","Marshall County"
51309,c86d,"MH FIRE TAC","D","Marshall Fire Tac","Fire-Tac","Marshall County"
51311,c86f,"MH Fire Tac 11","D","Fire Tac 11","Fire-Tac","Marshall County"
51314,c872,"MH EMS","D","Marshall EMS ","EMS Dispatch","Marshall County"
51502,c92e,"BL TCP 3","D","Traffic Control Point 3","Multi-Tac","Beltrami County"
51503,c92f,"BL EMG","D","Emergency Buttons","Multi-Dispatch","Beltrami County"
51504,c930,"BL ALL","D","Announcement (All Users)","Multi-Dispatch","Beltrami County"
51505,c931,"BL ROAM","D","Roaming","Multi-Dispatch","Beltrami County"
51506,c932,"BL SITE","D","Site Trunking","Multi-Talk","Beltrami County"
51507,c933,"BL-3","D","BL 3","Multi-Talk","Beltrami County"
51508,c934,"BL-4","D","BL 4","Multi-Talk","Beltrami County"
51509,c935,"BL-5","D","BL 5","Multi-Talk","Beltrami County"
51510,c936,"BL-6","D","BL 6","Multi-Talk","Beltrami County"
51511,c937,"BL-7E","DE","BL 7E","Multi-Talk","Beltrami County"
51512,c938,"BL-8","D","BL 8","Multi-Talk","Beltrami County"
51513,c939,"BL-9E","DE","BL 9E","Multi-Talk","Beltrami County"
51514,c93a,"BL-10E","DE","BL 10E","Multi-Talk","Beltrami County"
51515,c93b,"BL-11E","DE","BL 11E","Multi-Talk","Beltrami County"
51516,c93c,"BL Law1","D","Law 1 Dispatch","Law Dispatch","Beltrami County"
51517,c93d,"BL Law2","D","Law 2 Dispatch","Law Dispatch","Beltrami County"
51518,c93e,"BL Law CC 1","D","Law Car to Car 1","Law Talk","Beltrami County"
51519,c93f,"BL Law CC 2","D","Law Car to Car 2","Law Talk","Beltrami County"
51520,c940,"BL FD Disp","D","Fire Dispatch Main","Fire Dispatch","Beltrami County"
51521,c941,"BemidjFDAdm1","D","Bemidji Fire Administration 1","Fire-Talk","Beltrami County"
51522,c942,"BemidjFDAdm2","D","Bemidji Fire Administration 2","Fire-Talk","Beltrami County"
51523,c943,"BemidjFDAdm3","D","Bemidji Fire Administration 3","Fire-Talk","Beltrami County"
51524,c944,"BemidjFDAdm4","D","Bemidji Fire Administration 4","Fire-Talk","Beltrami County"
51525,c945,"BemidjFDAdm5","D","Bemidji Fire Administration 5","Fire-Talk","Beltrami County"
51526,c946,"BemidjFDAdm6","D","Bemidji Fire Administration 6","Fire-Talk","Beltrami County"
51527,c947,"KellihFDAdm1","D","Kelliher Fire Administration 1","Fire-Talk","Beltrami County"
51528,c948,"KellihFDAdm2","D","Kelliher Fire Administration 2","Fire-Talk","Beltrami County"
51529,c949,"BlckdkFDAdm1","D","Blackduck Fire Administration 1","Fire-Talk","Beltrami County"
51530,c94a,"BlckdkFDAdm2","D","Blackduck Fire Administration 2","Fire-Talk","Beltrami County"
51531,c94b,"SolwayFDAdm1","D","Solway Fire Administration 1","Fire-Talk","Beltrami County"
51532,c94c,"SolwayFDAdm2","D","Solway Fire Administration 2","Fire-Talk","Beltrami County"
51533,c94d,"AlaskaFDAdm1","D","Alaska Fire Administration 1","Fire-Talk","Beltrami County"
51534,c94e,"AlaskaFDAdm2","D","Alaska Fire Administration 2","Fire-Talk","Beltrami County"
51535,c94f,"BL EMS1","D","EMS 1 Dispatch","EMS Dispatch","Beltrami County"
51536,c950,"BL EMS2","D","EMS 2 Dispatch","EMS Dispatch","Beltrami County"
51537,c951,"BL EMS Bemi","D","EMS Dispatch Bemidji","EMS Dispatch","Beltrami County"
51538,c952,"BL EMS Kell","D","EMS Dispatch Kelliher","EMS Dispatch","Beltrami County"
51539,c953,"BL EMS Debs","D","EMS Dispatch Debs","EMS Dispatch","Beltrami County"
51540,c954,"BL EMS Jell","D","EMS Dispatch Jelle","EMS Dispatch","Beltrami County"
51541,c955,"Bjdi EMS Adm","D","Bemidji Ambulance Service Administration","EMS-Talk","Beltrami County"
51542,c956,"BlkdkEMS Adm","D","Blackduck Ambulance Service Administration","EMS-Talk","Beltrami County"
51543,c957,"BL EM","D","Emergency Management","Emergency Ops","Beltrami County"
51544,c958,"BL JAIL 1","D","Jail 1","Corrections","Beltrami County"
51545,c959,"BL JAIL 2","D","Jail 2","Corrections","Beltrami County"
51546,c95a,"BL COURT","D","Courthouse Security and Bailiffs","Security","Beltrami County"
51547,c95b,"BL POSSE","D","Sheriff Posse","Law Tac","Beltrami County"
51548,c95c,"BL SWAT","D","Sheriff SWAT","Law Tac","Beltrami County"
51549,c95d,"BL PW ALL","D","Beltrami County Public Works All","Public Works","Beltrami County"
51550,c95e,"BJI PW","D","Bemidji Public Works","Public Works","Beltrami County"
51551,c95f,"BL PW 3","D","Beltrami Co Public Works 3","Public Works","Beltrami County"
51552,c960,"BL PW 4","D","Beltrami Co Public Works 4","Public Works","Beltrami County"
51553,c961,"BL PW 5","D","Beltrami Co Public Works 5","Public Works","Beltrami County"
51555,c963,"BJI ISD 31","D","Bemidji School ISD 31","Schools","Beltrami County"
51556,c964,"BL BUS 1","D","Beltrami Co School Buses 1","Schools","Beltrami County"
51557,c965,"BL BUS 2","D","Beltrami Co School Buses 2","Schools","Beltrami County"
51558,c966,"BJI CENT ELE","D","Bemidji Central Elementary School","Schools","Beltrami County"
51559,c967,"BJI HOR MAY ELE","D","Bemidji Horace-May Elementary School","Schools","Beltrami County"
51560,c968,"BJI HS","D","Bemidji High School","Schools","Beltrami County"
51561,c969,"BJI JW SM ELE","D","Bemidji JW Smith Elementary School","Schools","Beltrami County"
51562,c96a,"BJI LINC ELE","D","Bemidji Lincoln Elementary School","Schools","Beltrami County"
51563,c96b,"BJI SCH MAINT","D","Bemidji School Maintenance","Schools","Beltrami County"
51564,c96c,"BJI NORTH ELE","D","Bemidji North Elementary School","Schools","Beltrami County"
51565,c96d,"BJI PB ELE","D","Bemidji Paul Bunyan Elementary School","Schools","Beltrami County"
51566,c96e,"SOLWAY ELE","D","Solway Elementary School","Schools","Beltrami County"
51567,c96f,"SLWY FIRE 3","D","Solway Fire 3","Fire-Talk","Beltrami County"
51598,c98e,"PBDTF TAC 1","DE","Paul Bunyan Drug Task Force Tactical 1","Law Tac","Beltrami County"
51599,c98f,"PBDTF TAC 2","D","Paul Bunyan Drug Task Force Tactical 2","Law Tac","Beltrami County"
51700,c9f4,"PK LAW DSP","D","Polk Law Dispatch","Law Dispatch","Polk County"
51702,c9f6,"PK LAW 2","D","Polk Law 2","Law Tac","Polk County"
51703,c9f7,"PK LAW 3","D","Polk Law 3","Law Tac","Polk County"
51704,c9f8,"PK LAW 4","D","Polk Law 4","Law Tac","Polk County"
51705,c9f9,"PK LAW 5","D","Polk Law 5","Law Tac","Polk County"
51706,c9fa,"PK LAW 6","DE","Polk Law 6","Law Tac","Polk County"
51709,c9fd,"CROOK PD 1","D","Crookston PD 1","Law Dispatch","Polk County"
51710,c9fe,"CROOK PD 2","D","Crookston PD 2","Law Tac","Polk County"
51711,c9ff,"CROOK LAW 3","D","Crookston PD 3","Law Tac","Polk County"
51712,ca00,"EGF PD DISP ","D","East Grand Forks PD Dispatch","Law Dispatch","Polk County"
51713,ca01,"EGF PD 2","D","East Grand Forks PD 2","Law Tac","Polk County"
51714,ca02,"EGF PD 3","D","East Grand Forks PD 3","Law Tac","Polk County"
51716,ca04,"EGF PD TAC","DE","East Grand Fork PD TAC","Law Tac","Polk County"
51717,ca05,"PK FIRE/EMS 1","D","Polk Fire/EMS 1","Fire Dispatch","Polk County"
51718,ca06,"PK FIRE/EMS 2","D","Polk Fire/EMS 2","Fire Dispatch","Polk County"
51719,ca07,"PK FIRE/EMS 3","D","Polk Fire/EMS 3","Fire Dispatch","Polk County"
51720,ca08,"PK FIRE/EMS 4","D","Polk Fire/EMS 4","Fire Dispatch","Polk County"
51721,ca09,"PK FIRE/EMS 5","D","Polk Fire/EMS 5","Fire Dispatch","Polk County"
51723,ca0b,"CROOK FIRE ADM","D","Crookston Fire Admin","Fire-Talk","Polk County"
51731,ca13,"PK LE ROAM","D","County LE Roam","Law Dispatch","Polk County"
51732,ca14,"PK EM ROAM","D","County EMS Fire PW Roam","Multi-Dispatch","Polk County"
51735,ca17,"Northland","D","Northland College","Schools","Polk County"
51736,ca18,"PK EOC 1","D","Polk County Emergency Operations Center 1","Emergency Ops","Polk County"
51737,ca19,"PK EOC 2","D","Polk County Emergency Operations Center 2","Emergency Ops","Polk County"
51739,ca1b,"Crook Fire","D","Crookston Fire Tac","Fire-Tac","Polk County"
51740,ca1c,"EGF EOC","D","East Grand Forks Emergency Operations Center","Emergency Ops","Polk County"
51741,ca1d,"PK EVENT 1","D","Polk County Special Events 1","Multi-Talk","Polk County"
51742,ca1e,"PK EVENT 2","D","Polk County Special Events 2","Multi-Talk","Polk County"
51744,ca20,"PK HWY ","D","Polk Highway 1","Public Works","Polk County"
51745,ca21,"PK HWY 2","D","Polk Highway 2","Public Works","Polk County"
51749,ca25,"PK Transfer Stn","D","Polk County Transfer Station","Public Works","Polk County"
51751,ca27,"PK HWY 3","D","Polk Highway 3","Public Works","Polk County"
51754,ca2a,"Crook FD Main","D","Crookston Fire Main","Fire Dispatch","Polk County"
51755,ca2b,"EGF PW","D","East Grand Forks Public Works","Public Works","Polk County"
51756,ca2c,"EGF WTR/LIGHT","D","East Grand Forks Water and Light electric distribution","Utilities","Polk County"
51757,ca2d,"EGF WTR/TRMT","D","East Grand Forks Water Treatment Plant","Public Works","Polk County"
51758,ca2e,"EGF FD Disp","D","East Grand Forks Fire Dispatch Main (patch with 154.16 MHz)","Fire Dispatch","Polk County"
51759,ca2f,"EGFFDTAC1","D","East Grand Forks Fire Tac 1 ","Fire-Tac","Polk County"
51763,ca33,"PK FIRE TAC","D","PK Fire Tac","Fire-Tac","Polk County"
51764,ca34,"PKGFPD","DE","Grand Forks ND Patch","Law Dispatch","Polk County"
